11:43:58 
11:43:58 #########################################################
11:43:58 SCAN PROBE v2 -- label-driven presses (bearing +0.0)
11:43:58 #########################################################
11:44:04   20s grace -- get level, targets ahead
11:44:24   ~ t=20 wheel: <closed>
11:44:24   wheel closed; opening
11:44:24   ~ t=20 wheel: C=SRCH BRST  U=SRCH PILOT LOS  R=NO MSL  D=OBSERV. OFF  FU=HOLD FIRE  FR=TGT PILOT  FL=CM MENU
11:44:25       -> C=SRCH BRST  U=SRCH PILOT LOS  R=NO MSL  D=OBSERV. OFF  FU=HOLD FIRE  FR=TGT PILOT  FL=CM MENU   [NO EFFECT on that slot, attempt 1]
11:44:25   search page: C=SRCH BRST  U=SRCH PILOT LOS  R=NO MSL  D=OBSERV. OFF  FU=HOLD FIRE  FR=TGT PILOT  FL=CM MENU
11:44:25     press D="OBSERV. OFF"  [short press]  enabling observation
11:44:27       -> C=SRCH BRST  U=SRCH PILOT LOS  R=NO MSL  D=OBSERV. OFF  FU=HOLD FIRE  FR=TGT PILOT  FL=CM MENU   [NO EFFECT on that slot, attempt 1]
11:44:27   !! observation toggle had NO EFFECT (page=search)
11:44:27      Up/Down are probably being consumed by the contact list.
11:44:27   search page: C=SRCH BRST  U=SRCH PILOT LOS  R=NO MSL  D=OBSERV. OFF  FU=HOLD FIRE  FR=TGT PILOT  FL=CM MENU
11:44:27     press D="OBSERV. OFF"  [short press]  enabling observation
11:44:28       -> C=SRCH BRST  U=SRCH PILOT LOS  R=NO MSL  D=OBSERV. OFF  FU=HOLD FIRE  FR=TGT PILOT  FL=CM MENU   [NO EFFECT on that slot, attempt 2]
11:44:28   !! observation toggle had NO EFFECT (page=search)
11:44:28      Up/Down are probably being consumed by the contact list.
11:44:28   search page: C=SRCH BRST  U=SRCH PILOT LOS  R=NO MSL  D=OBSERV. OFF  FU=HOLD FIRE  FR=TGT PILOT  FL=CM MENU
11:44:28     press D="OBSERV. OFF"  [short press]  enabling observation
11:44:29       -> C=SRCH BRST  U=SRCH PILOT LOS  R=NO MSL  D=OBSERV. OFF  FU=HOLD FIRE  FR=TGT PILOT  FL=CM MENU   [NO EFFECT on that slot, attempt 3]
11:44:29   !! observation toggle had NO EFFECT (page=search)
11:44:29      Up/Down are probably being consumed by the contact list.
11:44:29   search page: C=SRCH BRST  U=SRCH PILOT LOS  R=NO MSL  D=OBSERV. OFF  FU=HOLD FIRE  FR=TGT PILOT  FL=CM MENU
11:44:29     !! giving up on D="OBSERV. OFF" after 3 attempts
11:44:29   !! cannot enable observation -- continuing without it
11:44:29 
11:44:29 ========== round 1: PINNED ==========
11:44:29     wheel: C=SRCH BRST  U=SRCH PILOT LOS  R=NO MSL  D=OBSERV. OFF  FU=HOLD FIRE  FR=TGT PILOT  FL=CM MENU
11:44:29     state=OBSERV. OFF az=+0.0
11:44:29     !! FD does not offer "SRCH 9K113" (shows "nil") -- not pressing
11:44:29     round skipped -- option unavailable this cycle
11:44:35   search page: C=SRCH BRST  U=SRCH PILOT LOS  R=NO MSL  D=OBSERV. OFF  FU=HOLD FIRE  FR=TGT PILOT  FL=CM MENU
11:44:35     !! giving up on D="OBSERV. OFF" after 3 attempts
11:44:35   !! cannot enable observation -- continuing without it
11:44:35 
11:44:35 ========== round 2: FREE ==========
11:44:35     wheel: C=SRCH BRST  U=SRCH PILOT LOS  R=NO MSL  D=OBSERV. OFF  FU=HOLD FIRE  FR=TGT PILOT  FL=CM MENU
11:44:35     state=OBSERV. OFF az=+0.0
11:44:35     press U="SRCH PILOT LOS"  [short press]  his own search, sight released
11:44:36   ~ t=31 wheel: C=SRCH BRST  U=SRCH PILOT LOS  R=NO MSL  D=WAITING  FU=HOLD FIRE  FR=TGT PILOT  FL=CM MENU
11:44:36       -> C=SRCH BRST  U=SRCH PILOT LOS  R=NO MSL  D=WAITING  FU=HOLD FIRE  FR=TGT PILOT  FL=CM MENU   [NO EFFECT on that slot, attempt 1]
11:44:45   ~ t=41 wheel: C=SRCH BRST  U=SRCH PILOT LOS  R=NO MSL  D=SEARCHING  FU=HOLD FIRE  FR=TGT PILOT  FD=SRCH 9K113 LOS  FL=CM MENU
11:45:01     ==> FREE round 2: 0 distinct readings, state=SEARCHING, az=-0.2
11:45:07   search page: C=SRCH BRST  U=SRCH PILOT LOS  R=NO MSL  D=SEARCHING  FU=HOLD FIRE  FR=TGT PILOT  FD=SRCH 9K113 LOS  FL=CM MENU
11:45:07   SRCH 9K113 LOS is available: C=SRCH BRST  U=SRCH PILOT LOS  R=NO MSL  D=SEARCHING  FU=HOLD FIRE  FR=TGT PILOT  FD=SRCH 9K113 LOS  FL=CM MENU
11:45:07 
11:45:07 ========== round 3: PINNED ==========
11:45:07     wheel: C=SRCH BRST  U=SRCH PILOT LOS  R=NO MSL  D=SEARCHING  FU=HOLD FIRE  FR=TGT PILOT  FD=SRCH 9K113 LOS  FL=CM MENU
11:45:07     state=SEARCHING az=-0.2
11:45:07     press FD="SRCH 9K113"  [LONG press]  search along OUR pinned sight line
11:45:09       -> C=SRCH BRST  U=SRCH PILOT LOS  R=NO MSL  D=SEARCHING  FU=HOLD FIRE  FR=TGT PILOT  FD=SRCH 9K113 LOS  FL=CM MENU   [NO EFFECT on that slot, attempt 1]
11:45:12   ~ t=68 wheel: C=MARK TGT  U=PREV TGT  R=SELECT TGT  D=NEXT TGT  L=CLOSE LIST
11:45:12 
11:45:12 ========== LIST ENUMERATION (target page is up) ==========
11:45:12     press D="NEXT TGT"  [short press]  scrolling the list
11:45:21 scan probe v2: stopped.
11:46:25 
11:46:25 #########################################################
11:46:25 SCAN PROBE v2 -- label-driven presses (bearing +0.0)
11:46:25 #########################################################
11:46:30   20s grace -- get level, targets ahead
11:48:38 scan probe v2: stopped.
11:50:01 
11:50:01 #########################################################
11:50:01 SCAN PROBE v2 -- label-driven presses (bearing +0.0)
11:50:01 #########################################################
11:50:09   20s grace -- get level, targets ahead
11:50:58 scan probe v2: stopped.
11:53:57 
11:53:57 #########################################################
11:53:57 SCAN PROBE v2 -- label-driven presses (bearing +0.0)
11:53:57 #########################################################
11:54:04   20s grace -- get level, targets ahead
11:54:24   ~ t=20 wheel: <closed>
11:54:24   wheel closed; opening
11:54:24   ~ t=20 wheel: C=SRCH BRST | SRCH FWD  U=SRCH PILOT LOS  R=NO MSL  D=OBSERV. OFF  FU=HOLD FIRE  FR=TGT PILOT  FL=CM MENU
11:54:25       -> C=SRCH BRST | SRCH FWD  U=SRCH PILOT LOS  R=NO MSL  D=OBSERV. OFF  FU=HOLD FIRE  FR=TGT PILOT  FL=CM MENU   [NO EFFECT on that slot, attempt 1]
11:54:25   search page: C=SRCH BRST | SRCH FWD  U=SRCH PILOT LOS  R=NO MSL  D=OBSERV. OFF  FU=HOLD FIRE  FR=TGT PILOT  FL=CM MENU
11:54:25 
11:54:25 ========== CENTRE SLOT TEST (cmd 3015, AI Wheel - Center) ==========
11:54:25   centre offers: "SRCH BRST"  |  "SRCH FWD"
11:54:27   [1/2] centre SHORT   (state before: OBSERV. OFF)
11:54:28   ~ t=24 wheel: C=SRCH BRST | SRCH FWD  U=SRCH PILOT LOS  R=NO MSL  D=WAITING  FU=HOLD FIRE  FR=TGT PILOT  FL=CM MENU
11:54:30         state OBSERV. OFF -> WAITING   <== CHANGED
11:54:30         wheel: C=SRCH BRST | SRCH FWD  U=SRCH PILOT LOS  R=NO MSL  D=WAITING  FU=HOLD FIRE  FR=TGT PILOT  FL=CM MENU
11:54:32   [2/2] centre LONG   (state before: WAITING)
11:54:34         state WAITING -> WAITING   (no change)
11:54:34         wheel: C=SRCH BRST | SRCH FWD  U=SRCH PILOT LOS  R=NO MSL  D=WAITING  FU=HOLD FIRE  FR=TGT PILOT  FL=CM MENU
11:54:36   --- centre results ---
11:54:36     centre SHORT : OBSERV. OFF -> WAITING
11:54:36     centre LONG : WAITING -> WAITING   (no effect)
11:54:38   ~ t=34 wheel: C=SRCH BRST | SRCH FWD  U=SRCH PILOT LOS  R=NO MSL  D=SEARCHING  FU=HOLD FIRE  FR=TGT PILOT  FD=SRCH 9K113 LOS  FL=CM MENU
11:54:38   SRCH 9K113 LOS is available: C=SRCH BRST | SRCH FWD  U=SRCH PILOT LOS  R=NO MSL  D=SEARCHING  FU=HOLD FIRE  FR=TGT PILOT  FD=SRCH 9K113 LOS  FL=CM MENU
11:54:38 
11:54:38 ========== round 1: PINNED ==========
11:54:38     wheel: C=SRCH BRST | SRCH FWD  U=SRCH PILOT LOS  R=NO MSL  D=SEARCHING  FU=HOLD FIRE  FR=TGT PILOT  FD=SRCH 9K113 LOS  FL=CM MENU
11:54:38     state=SEARCHING az=+0.0
11:54:38     press FD="SRCH 9K113"  [LONG press]  search along OUR pinned sight line
11:54:38   ~ t=34 wheel: C=MARK TGT  U=PREV TGT  R=SELECT TGT  D=NEXT TGT  L=CLOSE LIST  FL=ALL TGTS
11:54:39   ~ t=35 wheel: C=MARK TGT  U=PREV TGT  R=SELECT TGT  D=NEXT TGT  L=CLOSE LIST
11:54:39       -> C=MARK TGT  U=PREV TGT  R=SELECT TGT  D=NEXT TGT  L=CLOSE LIST   [took effect, attempt 1]
11:54:39 
11:54:39 ========== LIST ENUMERATION (target page is up) ==========
11:54:39     press D="NEXT TGT"  [short press]  scrolling the list
11:55:04     ==> PINNED round 1: 0 distinct readings, state=<not search page>, az=+0.0
11:55:12       -> C=MARK TGT  U=PREV TGT  R=SELECT TGT  D=NEXT TGT  L=CLOSE LIST   [NO EFFECT on that slot, attempt 1]
11:55:12     rows unchanged -> end of list (it terminates, does not wrap)
11:55:12     ==> enumerated 0 distinct entries in 1 scroll steps:
11:55:12     NOTE: scrolling moved the selection; it is parked at the last entry.
11:55:12   target page up; closing the list to regain wheel control
11:55:12     press L="CLOSE"  [short press]  close list
11:55:12   ~ t=68 wheel: C=SRCH BRST | SRCH FWD  U=SRCH PILOT LOS  R=NO MSL  D=OBSERV. ON  FU=HOLD FIRE  FR=TGT PILOT  FD=SRCH 9K113 LOS  FL=CM MENU
11:55:13       -> C=SRCH BRST | SRCH FWD  U=SRCH PILOT LOS  R=NO MSL  D=OBSERV. ON  FU=HOLD FIRE  FR=TGT PILOT  FD=SRCH 9K113 LOS  FL=CM MENU   [took effect, attempt 1]
11:55:13   search page: C=SRCH BRST | SRCH FWD  U=SRCH PILOT LOS  R=NO MSL  D=OBSERV. ON  FU=HOLD FIRE  FR=TGT PILOT  FD=SRCH 9K113 LOS  FL=CM MENU
11:55:13   SRCH 9K113 LOS is available: C=SRCH BRST | SRCH FWD  U=SRCH PILOT LOS  R=NO MSL  D=OBSERV. ON  FU=HOLD FIRE  FR=TGT PILOT  FD=SRCH 9K113 LOS  FL=CM MENU
11:55:13 
11:55:13 ========== round 2: FREE ==========
11:55:13     wheel: C=SRCH BRST | SRCH FWD  U=SRCH PILOT LOS  R=NO MSL  D=OBSERV. ON  FU=HOLD FIRE  FR=TGT PILOT  FD=SRCH 9K113 LOS  FL=CM MENU
11:55:13     state=OBSERV. ON az=+0.0
11:55:13     press U="SRCH PILOT LOS"  [short press]  his own search, sight released
11:55:13   ~ t=69 wheel: C=SRCH BRST | SRCH FWD  U=SRCH PILOT LOS  R=NO MSL  D=SEARCHING  FU=HOLD FIRE  FR=TGT PILOT  FD=SRCH 9K113 LOS  FL=CM MENU
11:55:14       -> C=SRCH BRST | SRCH FWD  U=SRCH PILOT LOS  R=NO MSL  D=SEARCHING  FU=HOLD FIRE  FR=TGT PILOT  FD=SRCH 9K113 LOS  FL=CM MENU   [NO EFFECT on that slot, attempt 1]
11:55:39     ==> FREE round 2: 0 distinct readings, state=SEARCHING, az=+60.0
11:55:42   ~ t=98 wheel: C=SRCH BRST | SRCH FWD  U=SRCH PILOT LOS  R=NO MSL  D=OBSERV. ON  FU=HOLD FIRE  FR=TGT PILOT  FD=SRCH 9K113 LOS  FL=CM MENU
11:55:42   ~ t=98 wheel: C=SRCH BRST | SRCH FWD  U=SRCH PILOT LOS  R=NO MSL  D=OBSERV. OFF  FU=HOLD FIRE  FR=TGT PILOT  FL=CM MENU
11:55:45   search page: C=SRCH BRST | SRCH FWD  U=SRCH PILOT LOS  R=NO MSL  D=OBSERV. OFF  FU=HOLD FIRE  FR=TGT PILOT  FL=CM MENU
11:55:45     press D="OBSERV. OFF"  [short press]  enabling observation
11:55:46       -> C=SRCH BRST | SRCH FWD  U=SRCH PILOT LOS  R=NO MSL  D=OBSERV. OFF  FU=HOLD FIRE  FR=TGT PILOT  FL=CM MENU   [NO EFFECT on that slot, attempt 1]
11:55:46   !! observation toggle had NO EFFECT (page=search)
11:55:46      Up/Down are probably being consumed by the contact list.
11:55:46   search page: C=SRCH BRST | SRCH FWD  U=SRCH PILOT LOS  R=NO MSL  D=OBSERV. OFF  FU=HOLD FIRE  FR=TGT PILOT  FL=CM MENU
11:55:46     press D="OBSERV. OFF"  [short press]  enabling observation
11:55:48       -> C=SRCH BRST | SRCH FWD  U=SRCH PILOT LOS  R=NO MSL  D=OBSERV. OFF  FU=HOLD FIRE  FR=TGT PILOT  FL=CM MENU   [NO EFFECT on that slot, attempt 2]
11:55:48   !! observation toggle had NO EFFECT (page=search)
11:55:48      Up/Down are probably being consumed by the contact list.
11:55:48   search page: C=SRCH BRST | SRCH FWD  U=SRCH PILOT LOS  R=NO MSL  D=OBSERV. OFF  FU=HOLD FIRE  FR=TGT PILOT  FL=CM MENU
11:55:48     press D="OBSERV. OFF"  [short press]  enabling observation
11:55:49       -> C=SRCH BRST | SRCH FWD  U=SRCH PILOT LOS  R=NO MSL  D=OBSERV. OFF  FU=HOLD FIRE  FR=TGT PILOT  FL=CM MENU   [NO EFFECT on that slot, attempt 3]
11:55:49   !! observation toggle had NO EFFECT (page=search)
11:55:49      Up/Down are probably being consumed by the contact list.
11:55:49   search page: C=SRCH BRST | SRCH FWD  U=SRCH PILOT LOS  R=NO MSL  D=OBSERV. OFF  FU=HOLD FIRE  FR=TGT PILOT  FL=CM MENU
11:55:49     !! giving up on D="OBSERV. OFF" after 3 attempts
11:55:49   !! cannot enable observation -- continuing without it
11:55:49 
11:55:49 ========== round 3: PINNED ==========
11:55:49     wheel: C=SRCH BRST | SRCH FWD  U=SRCH PILOT LOS  R=NO MSL  D=OBSERV. OFF  FU=HOLD FIRE  FR=TGT PILOT  FL=CM MENU
11:55:49     state=OBSERV. OFF az=+0.0
11:55:49     !! FD does not offer "SRCH 9K113" (shows "nil") -- not pressing
11:55:49     round skipped -- option unavailable this cycle
11:55:55   search page: C=SRCH BRST | SRCH FWD  U=SRCH PILOT LOS  R=NO MSL  D=OBSERV. OFF  FU=HOLD FIRE  FR=TGT PILOT  FL=CM MENU
11:55:55     !! giving up on D="OBSERV. OFF" after 3 attempts
11:55:55   !! cannot enable observation -- continuing without it
11:55:55 
11:55:55 ========== round 4: FREE ==========
11:55:55     wheel: C=SRCH BRST | SRCH FWD  U=SRCH PILOT LOS  R=NO MSL  D=OBSERV. OFF  FU=HOLD FIRE  FR=TGT PILOT  FL=CM MENU
11:55:55     state=OBSERV. OFF az=+0.0
11:55:55     press U="SRCH PILOT LOS"  [short press]  his own search, sight released
11:55:55   ~ t=111 wheel: C=SRCH BRST | SRCH FWD  U=SRCH PILOT LOS  R=NO MSL  D=WAITING  FU=HOLD FIRE  FR=TGT PILOT  FL=CM MENU
11:55:56       -> C=SRCH BRST | SRCH FWD  U=SRCH PILOT LOS  R=NO MSL  D=WAITING  FU=HOLD FIRE  FR=TGT PILOT  FL=CM MENU   [NO EFFECT on that slot, attempt 2]
11:56:05   ~ t=121 wheel: C=SRCH BRST | SRCH FWD  U=SRCH PILOT LOS  R=NO MSL  D=SEARCHING  FU=HOLD FIRE  FR=TGT PILOT  FD=SRCH 9K113 LOS  FL=CM MENU
11:56:05   ~ t=121 wheel: C=MARK TGT  U=PREV TGT  R=SELECT TGT  D=NEXT TGT  L=CLOSE LIST  FL=ALL TGTS
11:56:23 scan probe v2: stopped.
12:08:50 
12:08:50 #########################################################
12:08:50 SCAN PROBE v2 -- label-driven presses (bearing +0.0)
12:08:50 #########################################################
12:08:55   20s grace -- get level, targets ahead
12:09:16   ~ t=20 wheel: <closed>
12:09:16   ### t=20 indicator 6 RAW changed [64 bytes] page=closed
12:09:16 -----------------------------------------
#1#

children are {
}

12:09:16   wheel closed; opening
12:09:16   ~ t=20 wheel: C=SRCH BRST | SRCH FWD  U=SRCH PILOT LOS  R=NO MSL  D=OBSERV. OFF  FU=HOLD FIRE  FR=TGT PILOT  FL=CM MENU
12:09:16   ### t=20 indicator 6 RAW changed [134 bytes] page=search
12:09:16 -----------------------------------------
#1#

children are {
-----------------------------------------
crosshair

children are {
}
}

12:09:17       -> C=SRCH BRST | SRCH FWD  U=SRCH PILOT LOS  R=NO MSL  D=OBSERV. OFF  FU=HOLD FIRE  FR=TGT PILOT  FL=CM MENU   [NO EFFECT on that slot, attempt 1]
12:09:17   search page: C=SRCH BRST | SRCH FWD  U=SRCH PILOT LOS  R=NO MSL  D=OBSERV. OFF  FU=HOLD FIRE  FR=TGT PILOT  FL=CM MENU
12:09:17 
12:09:17 ========== CENTRE SLOT TEST (cmd 3015, AI Wheel - Center) ==========
12:09:17   centre offers: "SRCH BRST"  |  "SRCH FWD"
12:09:19   [1/2] centre SHORT   (state before: OBSERV. OFF)
12:09:21         state OBSERV. OFF -> OBSERV. OFF   (no change)
12:09:21         wheel: C=SRCH BRST | SRCH FWD  U=SRCH PILOT LOS  R=NO MSL  D=OBSERV. OFF  FU=HOLD FIRE  FR=TGT PILOT  FL=CM MENU
12:09:23   [2/2] centre LONG   (state before: OBSERV. OFF)
12:09:24   ~ t=28 wheel: C=SRCH BRST | SRCH FWD  U=SRCH PILOT LOS  R=NO MSL  D=WAITING  FU=HOLD FIRE  FR=TGT PILOT  FL=CM MENU
12:09:26         state OBSERV. OFF -> WAITING   <== CHANGED
12:09:26         wheel: C=SRCH BRST | SRCH FWD  U=SRCH PILOT LOS  R=NO MSL  D=WAITING  FU=HOLD FIRE  FR=TGT PILOT  FL=CM MENU
12:09:28 scan probe v2: stopped.
12:09:34 
12:09:34 #########################################################
12:09:34 SCAN PROBE v2 -- label-driven presses (bearing +0.0)
12:09:34 #########################################################
12:09:39   20s grace -- get level, targets ahead
12:10:00   ~ t=20 wheel: <closed>
12:10:00   ### t=20 indicator 6 RAW changed [64 bytes] page=closed
12:10:00 -----------------------------------------
#1#

children are {
}

12:10:00   wheel closed; opening
12:10:00   ~ t=20 wheel: C=SRCH BRST | SRCH FWD  U=SRCH PILOT LOS  R=NO MSL  D=OBSERV. OFF  FU=HOLD FIRE  FR=TGT PILOT  FL=CM MENU
12:10:00   ### t=20 indicator 6 RAW changed [134 bytes] page=search
12:10:00 -----------------------------------------
#1#

children are {
-----------------------------------------
crosshair

children are {
}
}

12:10:01       -> C=SRCH BRST | SRCH FWD  U=SRCH PILOT LOS  R=NO MSL  D=OBSERV. OFF  FU=HOLD FIRE  FR=TGT PILOT  FL=CM MENU   [NO EFFECT on that slot, attempt 1]
12:10:01   search page: C=SRCH BRST | SRCH FWD  U=SRCH PILOT LOS  R=NO MSL  D=OBSERV. OFF  FU=HOLD FIRE  FR=TGT PILOT  FL=CM MENU
12:10:01 
12:10:01 ========== CENTRE SLOT TEST (cmd 3015, AI Wheel - Center) ==========
12:10:01   centre offers: "SRCH BRST"  |  "SRCH FWD"
12:10:03   [1/2] centre SHORT   (state before: OBSERV. OFF)
12:10:03   ~ t=24 wheel: C=SRCH BRST | SRCH FWD  U=SRCH PILOT LOS  R=NO MSL  D=WAITING  FU=HOLD FIRE  FR=TGT PILOT  FL=CM MENU
12:10:05         state OBSERV. OFF -> WAITING   <== CHANGED
12:10:05         wheel: C=SRCH BRST | SRCH FWD  U=SRCH PILOT LOS  R=NO MSL  D=WAITING  FU=HOLD FIRE  FR=TGT PILOT  FL=CM MENU
12:10:07   [2/2] centre LONG   (state before: WAITING)
12:10:10         state WAITING -> WAITING   (no change)
12:10:10         wheel: C=SRCH BRST | SRCH FWD  U=SRCH PILOT LOS  R=NO MSL  D=WAITING  FU=HOLD FIRE  FR=TGT PILOT  FL=CM MENU
12:10:12   --- centre results ---
12:10:12     centre SHORT : OBSERV. OFF -> WAITING
12:10:12     centre LONG : WAITING -> WAITING   (no effect)
12:10:13   ~ t=33 wheel: C=SRCH BRST | SRCH FWD  U=SRCH PILOT LOS  R=NO MSL  D=SEARCHING  FU=HOLD FIRE  FR=TGT PILOT  FD=SRCH 9K113 LOS  FL=CM MENU
12:10:13   SRCH 9K113 LOS is available: C=SRCH BRST | SRCH FWD  U=SRCH PILOT LOS  R=NO MSL  D=SEARCHING  FU=HOLD FIRE  FR=TGT PILOT  FD=SRCH 9K113 LOS  FL=CM MENU
12:10:13 
12:10:13 ========== round 1: PINNED ==========
12:10:13     wheel: C=SRCH BRST | SRCH FWD  U=SRCH PILOT LOS  R=NO MSL  D=SEARCHING  FU=HOLD FIRE  FR=TGT PILOT  FD=SRCH 9K113 LOS  FL=CM MENU
12:10:13     state=SEARCHING az=+0.0
12:10:13     press FD="SRCH 9K113"  [LONG press]  search along OUR pinned sight line
12:10:15       -> C=SRCH BRST | SRCH FWD  U=SRCH PILOT LOS  R=NO MSL  D=SEARCHING  FU=HOLD FIRE  FR=TGT PILOT  FD=SRCH 9K113 LOS  FL=CM MENU   [NO EFFECT on that slot, attempt 1]
12:10:40     ==> PINNED round 1: 0 distinct readings, state=SEARCHING, az=+0.0
12:12:14 scan probe v2: stopped.
12:14:44 
12:14:44 #########################################################
12:14:44 SCAN PROBE v2 -- label-driven presses (bearing +0.0)
12:14:44 #########################################################
12:14:49   20s grace -- get level, targets ahead
12:15:10   ~ t=20 wheel: <closed>
12:15:10   ### t=20 indicator 6 RAW changed [64 bytes] page=closed
12:15:10 -----------------------------------------
#1#

children are {
}

12:15:10   wheel closed; opening
12:15:10   ~ t=20 wheel: C=SRCH BRST | SRCH FWD  U=SRCH PILOT LOS  R=NO MSL  D=OBSERV. OFF  FU=HOLD FIRE  FR=TGT PILOT  FL=CM MENU
12:15:10   ### t=20 indicator 6 RAW changed [134 bytes] page=search
12:15:10 -----------------------------------------
#1#

children are {
-----------------------------------------
crosshair

children are {
}
}

12:15:11       -> C=SRCH BRST | SRCH FWD  U=SRCH PILOT LOS  R=NO MSL  D=OBSERV. OFF  FU=HOLD FIRE  FR=TGT PILOT  FL=CM MENU   [NO EFFECT on that slot, attempt 1]
12:15:11   search page: C=SRCH BRST | SRCH FWD  U=SRCH PILOT LOS  R=NO MSL  D=OBSERV. OFF  FU=HOLD FIRE  FR=TGT PILOT  FL=CM MENU
12:15:11 
12:15:11 ========== CENTRE SLOT TEST (cmd 3015, AI Wheel - Center) ==========
12:15:11   centre offers: "SRCH BRST"  |  "SRCH FWD"
12:15:13   [1/2] centre LONG   (state before: OBSERV. OFF)
12:15:14   ~ t=24 wheel: C=SRCH BRST | SRCH FWD  U=SRCH PILOT LOS  R=NO MSL  D=WAITING  FU=HOLD FIRE  FR=TGT PILOT  FL=CM MENU
12:15:16         state OBSERV. OFF -> WAITING   <== CHANGED
12:15:16         wheel: C=SRCH BRST | SRCH FWD  U=SRCH PILOT LOS  R=NO MSL  D=WAITING  FU=HOLD FIRE  FR=TGT PILOT  FL=CM MENU
12:15:18   [2/2] centre SHORT   (state before: WAITING)
12:15:20         state WAITING -> WAITING   (no change)
12:15:20         wheel: C=SRCH BRST | SRCH FWD  U=SRCH PILOT LOS  R=NO MSL  D=WAITING  FU=HOLD FIRE  FR=TGT PILOT  FL=CM MENU
12:15:22   --- centre results ---
12:15:22     centre LONG : OBSERV. OFF -> WAITING
12:15:22     centre SHORT : WAITING -> WAITING   (no effect)
12:15:24   ~ t=34 wheel: C=MARK TGT  U=PREV TGT  R=SELECT TGT  D=NEXT TGT  L=CLOSE LIST  FL=ALL TGTS
12:15:24 
12:15:24 ========== LIST ENUMERATION (target page is up) ==========
12:15:24     will scroll with NEXT TGT, then probe MARK TGT and SELECT TGT
12:15:24     to establish what they do -- state-mutating, which is fine here.
12:15:24     press D="NEXT TGT"  [short press]  scrolling the list
12:15:24   ~ t=34 wheel: C=MARK TGT  U=PREV TGT  R=SELECT TGT  D=NEXT TGT  L=CLOSE LIST
12:15:24   ### t=34 indicator 6 RAW changed [610 bytes] page=target
12:15:24 -----------------------------------------
#1#

children are {
-----------------------------------------
crosshair

children are {
}
-----------------------------------------
middle_list_holder

children are {
-----------------------------------------
middle_list_text
T-55
children are {
-----------------------------------------
upper_upper_list_text

-----------------------------------------
LeftCenter
T62
-----------------------------------------
lower_list_text
MTLB
-----------------------------------------
lower_lower_list_text
T-90A
}
-----------------------------------------
middle_list_arrow

}
}

12:15:25       -> C=MARK TGT  U=PREV TGT  R=SELECT TGT  D=NEXT TGT  L=CLOSE LIST   [NO EFFECT on that slot, attempt 1]
12:15:25   !! observation toggle had NO EFFECT (page=target)
12:15:25      Up/Down are probably being consumed by the contact list.
12:15:25     no rows readable; stopping
12:15:27     -- probing MARK TGT -- unknown semantics --
12:15:27        before: az=-0.2  rows=nil
12:15:27     press C="MARK"  [short press]  MARK TGT -- unknown semantics
12:15:27   ### t=37 indicator 6 RAW changed [763 bytes] page=target
12:15:27 -----------------------------------------
#1#

children are {
-----------------------------------------
crosshair

children are {
}
-----------------------------------------
middle_list_holder

children are {
-----------------------------------------
middle_list_text
T-55
children are {
-----------------------------------------
upper_upper_list_text

-----------------------------------------
LeftCenter
T62
-----------------------------------------
lower_list_text
MTLB
-----------------------------------------
lower_lower_list_text
T-90A
}
-----------------------------------------
middle_list_red_arrow

children are {
-----------------------------------------
middle_list_red_arrow_text
1
}
-----------------------------------------
middle_list_arrow

}
}

12:15:28       -> C=MARK TGT  U=PREV TGT  R=SELECT TGT  D=NEXT TGT  L=CLOSE LIST   [NO EFFECT on that slot, attempt 1]
12:15:29     -- probing SELECT TGT -- expect tracking --
12:15:29        before: az=-0.2  rows=nil
12:15:29     press R="SELECT"  [short press]  SELECT TGT -- expect tracking
12:15:29   ~ t=39 wheel: C=FIRE  U=SRCH PILOT LOS  R=NO MSL  D=TRACKING  FU=HOLD FIRE  FR=TGT PILOT  FD=SRCH 9K113 LOS  FL=CM MENU
12:15:29   ### t=39 indicator 6 RAW changed [134 bytes] page=other
12:15:29 -----------------------------------------
#1#

children are {
-----------------------------------------
crosshair

children are {
}
}

12:15:30       -> C=FIRE  U=SRCH PILOT LOS  R=NO MSL  D=TRACKING  FU=HOLD FIRE  FR=TGT PILOT  FD=SRCH 9K113 LOS  FL=CM MENU   [took effect, attempt 1]
12:15:30   on page 'other': C=FIRE  U=SRCH PILOT LOS  R=NO MSL  D=TRACKING  FU=HOLD FIRE  FR=TGT PILOT  FD=SRCH 9K113 LOS  FL=CM MENU
12:15:30     !! L does not offer "CLOSE" (shows "nil") -- not pressing
12:15:30   on page 'other': C=FIRE  U=SRCH PILOT LOS  R=NO MSL  D=TRACKING  FU=HOLD FIRE  FR=TGT PILOT  FD=SRCH 9K113 LOS  FL=CM MENU
12:15:30     !! L does not offer "CLOSE" (shows "nil") -- not pressing
12:15:30   on page 'other': C=FIRE  U=SRCH PILOT LOS  R=NO MSL  D=TRACKING  FU=HOLD FIRE  FR=TGT PILOT  FD=SRCH 9K113 LOS  FL=CM MENU
12:15:30     !! L does not offer "CLOSE" (shows "nil") -- not pressing
12:15:30   on page 'other': C=FIRE  U=SRCH PILOT LOS  R=NO MSL  D=TRACKING  FU=HOLD FIRE  FR=TGT PILOT  FD=SRCH 9K113 LOS  FL=CM MENU
12:15:30     !! L does not offer "CLOSE" (shows "nil") -- not pressing
12:15:30   on page 'other': C=FIRE  U=SRCH PILOT LOS  R=NO MSL  D=TRACKING  FU=HOLD FIRE  FR=TGT PILOT  FD=SRCH 9K113 LOS  FL=CM MENU
12:15:30     !! L does not offer "CLOSE" (shows "nil") -- not pressing
12:15:30   on page 'other': C=FIRE  U=SRCH PILOT LOS  R=NO MSL  D=TRACKING  FU=HOLD FIRE  FR=TGT PILOT  FD=SRCH 9K113 LOS  FL=CM MENU
12:15:30     !! L does not offer "CLOSE" (shows "nil") -- not pressing
12:15:30   on page 'other': C=FIRE  U=SRCH PILOT LOS  R=NO MSL  D=TRACKING  FU=HOLD FIRE  FR=TGT PILOT  FD=SRCH 9K113 LOS  FL=CM MENU
12:15:30     !! L does not offer "CLOSE" (shows "nil") -- not pressing
12:15:30   on page 'other': C=FIRE  U=SRCH PILOT LOS  R=NO MSL  D=TRACKING  FU=HOLD FIRE  FR=TGT PILOT  FD=SRCH 9K113 LOS  FL=CM MENU
12:15:30     !! L does not offer "CLOSE" (shows "nil") -- not pressing
12:15:30   on page 'other': C=FIRE  U=SRCH PILOT LOS  R=NO MSL  D=TRACKING  FU=HOLD FIRE  FR=TGT PILOT  FD=SRCH 9K113 LOS  FL=CM MENU
12:15:30     !! L does not offer "CLOSE" (shows "nil") -- not pressing
12:15:30   on page 'other': C=FIRE  U=SRCH PILOT LOS  R=NO MSL  D=TRACKING  FU=HOLD FIRE  FR=TGT PILOT  FD=SRCH 9K113 LOS  FL=CM MENU
12:15:30     !! L does not offer "CLOSE" (shows "nil") -- not pressing
12:15:30   on page 'other': C=FIRE  U=SRCH PILOT LOS  R=NO MSL  D=TRACKING  FU=HOLD FIRE  FR=TGT PILOT  FD=SRCH 9K113 LOS  FL=CM MENU
12:15:30     !! L does not offer "CLOSE" (shows "nil") -- not pressing
12:15:30   on page 'other': C=FIRE  U=SRCH PILOT LOS  R=NO MSL  D=TRACKING  FU=HOLD FIRE  FR=TGT PILOT  FD=SRCH 9K113 LOS  FL=CM MENU
12:15:30     !! L does not offer "CLOSE" (shows "nil") -- not pressing
12:15:30   on page 'other': C=FIRE  U=SRCH PILOT LOS  R=NO MSL  D=TRACKING  FU=HOLD FIRE  FR=TGT PILOT  FD=SRCH 9K113 LOS  FL=CM MENU
12:15:30     !! L does not offer "CLOSE" (shows "nil") -- not pressing
12:15:30   on page 'other': C=FIRE  U=SRCH PILOT LOS  R=NO MSL  D=TRACKING  FU=HOLD FIRE  FR=TGT PILOT  FD=SRCH 9K113 LOS  FL=CM MENU
12:15:30     !! L does not offer "CLOSE" (shows "nil") -- not pressing
12:15:30   on page 'other': C=FIRE  U=SRCH PILOT LOS  R=NO MSL  D=TRACKING  FU=HOLD FIRE  FR=TGT PILOT  FD=SRCH 9K113 LOS  FL=CM MENU
12:15:30     !! L does not offer "CLOSE" (shows "nil") -- not pressing
12:15:30   on page 'other': C=FIRE  U=SRCH PILOT LOS  R=NO MSL  D=TRACKING  FU=HOLD FIRE  FR=TGT PILOT  FD=SRCH 9K113 LOS  FL=CM MENU
12:15:30     !! L does not offer "CLOSE" (shows "nil") -- not pressing
12:15:30   on page 'other': C=FIRE  U=SRCH PILOT LOS  R=NO MSL  D=TRACKING  FU=HOLD FIRE  FR=TGT PILOT  FD=SRCH 9K113 LOS  FL=CM MENU
12:15:30     !! L does not offer "CLOSE" (shows "nil") -- not pressing
12:15:30   on page 'other': C=FIRE  U=SRCH PILOT LOS  R=NO MSL  D=TRACKING  FU=HOLD FIRE  FR=TGT PILOT  FD=SRCH 9K113 LOS  FL=CM MENU
12:15:30     !! L does not offer "CLOSE" (shows "nil") -- not pressing
12:15:30   on page 'other': C=FIRE  U=SRCH PILOT LOS  R=NO MSL  D=TRACKING  FU=HOLD FIRE  FR=TGT PILOT  FD=SRCH 9K113 LOS  FL=CM MENU
12:15:30     !! L does not offer "CLOSE" (shows "nil") -- not pressing
12:15:30   on page 'other': C=FIRE  U=SRCH PILOT LOS  R=NO MSL  D=TRACKING  FU=HOLD FIRE  FR=TGT PILOT  FD=SRCH 9K113 LOS  FL=CM MENU
12:15:30     !! L does not offer "CLOSE" (shows "nil") -- not pressing
12:15:31   on page 'other': C=FIRE  U=SRCH PILOT LOS  R=NO MSL  D=TRACKING  FU=HOLD FIRE  FR=TGT PILOT  FD=SRCH 9K113 LOS  FL=CM MENU
12:15:31     !! L does not offer "CLOSE" (shows "nil") -- not pressing
12:15:31   on page 'other': C=FIRE  U=SRCH PILOT LOS  R=NO MSL  D=TRACKING  FU=HOLD FIRE  FR=TGT PILOT  FD=SRCH 9K113 LOS  FL=CM MENU
12:15:31     !! L does not offer "CLOSE" (shows "nil") -- not pressing
12:15:31   on page 'other': C=FIRE  U=SRCH PILOT LOS  R=NO MSL  D=TRACKING  FU=HOLD FIRE  FR=TGT PILOT  FD=SRCH 9K113 LOS  FL=CM MENU
12:15:31     !! L does not offer "CLOSE" (shows "nil") -- not pressing
12:15:31   on page 'other': C=FIRE  U=SRCH PILOT LOS  R=NO MSL  D=TRACKING  FU=HOLD FIRE  FR=TGT PILOT  FD=SRCH 9K113 LOS  FL=CM MENU
12:15:31     !! L does not offer "CLOSE" (shows "nil") -- not pressing
12:15:31   on page 'other': C=FIRE  U=SRCH PILOT LOS  R=NO MSL  D=TRACKING  FU=HOLD FIRE  FR=TGT PILOT  FD=SRCH 9K113 LOS  FL=CM MENU
12:15:31     !! L does not offer "CLOSE" (shows "nil") -- not pressing
12:15:31   on page 'other': C=FIRE  U=SRCH PILOT LOS  R=NO MSL  D=TRACKING  FU=HOLD FIRE  FR=TGT PILOT  FD=SRCH 9K113 LOS  FL=CM MENU
12:15:31     !! L does not offer "CLOSE" (shows "nil") -- not pressing
12:15:31   on page 'other': C=FIRE  U=SRCH PILOT LOS  R=NO MSL  D=TRACKING  FU=HOLD FIRE  FR=TGT PILOT  FD=SRCH 9K113 LOS  FL=CM MENU
12:15:31     !! L does not offer "CLOSE" (shows "nil") -- not pressing
12:15:31   on page 'other': C=FIRE  U=SRCH PILOT LOS  R=NO MSL  D=TRACKING  FU=HOLD FIRE  FR=TGT PILOT  FD=SRCH 9K113 LOS  FL=CM MENU
12:15:31     !! L does not offer "CLOSE" (shows "nil") -- not pressing
12:15:31   on page 'other': C=FIRE  U=SRCH PILOT LOS  R=NO MSL  D=TRACKING  FU=HOLD FIRE  FR=TGT PILOT  FD=SRCH 9K113 LOS  FL=CM MENU
12:15:31     !! L does not offer "CLOSE" (shows "nil") -- not pressing
12:15:31   on page 'other': C=FIRE  U=SRCH PILOT LOS  R=NO MSL  D=TRACKING  FU=HOLD FIRE  FR=TGT PILOT  FD=SRCH 9K113 LOS  FL=CM MENU
12:15:31     !! L does not offer "CLOSE" (shows "nil") -- not pressing
12:15:31   on page 'other': C=FIRE  U=SRCH PILOT LOS  R=NO MSL  D=TRACKING  FU=HOLD FIRE  FR=TGT PILOT  FD=SRCH 9K113 LOS  FL=CM MENU
12:15:31     !! L does not offer "CLOSE" (shows "nil") -- not pressing
12:15:31   on page 'other': C=FIRE  U=SRCH PILOT LOS  R=NO MSL  D=TRACKING  FU=HOLD FIRE  FR=TGT PILOT  FD=SRCH 9K113 LOS  FL=CM MENU
12:15:31     !! L does not offer "CLOSE" (shows "nil") -- not pressing
12:15:31   on page 'other': C=FIRE  U=SRCH PILOT LOS  R=NO MSL  D=TRACKING  FU=HOLD FIRE  FR=TGT PILOT  FD=SRCH 9K113 LOS  FL=CM MENU
12:15:31     !! L does not offer "CLOSE" (shows "nil") -- not pressing
12:15:31   on page 'other': C=FIRE  U=SRCH PILOT LOS  R=NO MSL  D=TRACKING  FU=HOLD FIRE  FR=TGT PILOT  FD=SRCH 9K113 LOS  FL=CM MENU
12:15:31     !! L does not offer "CLOSE" (shows "nil") -- not pressing
12:15:31   on page 'other': C=FIRE  U=SRCH PILOT LOS  R=NO MSL  D=TRACKING  FU=HOLD FIRE  FR=TGT PILOT  FD=SRCH 9K113 LOS  FL=CM MENU
12:15:31     !! L does not offer "CLOSE" (shows "nil") -- not pressing
12:15:31   on page 'other': C=FIRE  U=SRCH PILOT LOS  R=NO MSL  D=TRACKING  FU=HOLD FIRE  FR=TGT PILOT  FD=SRCH 9K113 LOS  FL=CM MENU
12:15:31     !! L does not offer "CLOSE" (shows "nil") -- not pressing
12:15:31   on page 'other': C=FIRE  U=SRCH PILOT LOS  R=NO MSL  D=TRACKING  FU=HOLD FIRE  FR=TGT PILOT  FD=SRCH 9K113 LOS  FL=CM MENU
12:15:31     !! L does not offer "CLOSE" (shows "nil") -- not pressing
12:15:31   on page 'other': C=FIRE  U=SRCH PILOT LOS  R=NO MSL  D=TRACKING  FU=HOLD FIRE  FR=TGT PILOT  FD=SRCH 9K113 LOS  FL=CM MENU
12:15:31     !! L does not offer "CLOSE" (shows "nil") -- not pressing
12:15:31   on page 'other': C=FIRE  U=SRCH PILOT LOS  R=NO MSL  D=TRACKING  FU=HOLD FIRE  FR=TGT PILOT  FD=SRCH 9K113 LOS  FL=CM MENU
12:15:31     !! L does not offer "CLOSE" (shows "nil") -- not pressing
12:15:31   on page 'other': C=FIRE  U=SRCH PILOT LOS  R=NO MSL  D=TRACKING  FU=HOLD FIRE  FR=TGT PILOT  FD=SRCH 9K113 LOS  FL=CM MENU
12:15:31     !! L does not offer "CLOSE" (shows "nil") -- not pressing
12:15:31   on page 'other': C=FIRE  U=SRCH PILOT LOS  R=NO MSL  D=TRACKING  FU=HOLD FIRE  FR=TGT PILOT  FD=SRCH 9K113 LOS  FL=CM MENU
12:15:31     !! L does not offer "CLOSE" (shows "nil") -- not pressing
12:15:31   on page 'other': C=FIRE  U=SRCH PILOT LOS  R=NO MSL  D=TRACKING  FU=HOLD FIRE  FR=TGT PILOT  FD=SRCH 9K113 LOS  FL=CM MENU
12:15:31     !! L does not offer "CLOSE" (shows "nil") -- not pressing
12:15:31   on page 'other': C=FIRE  U=SRCH PILOT LOS  R=NO MSL  D=TRACKING  FU=HOLD FIRE  FR=TGT PILOT  FD=SRCH 9K113 LOS  FL=CM MENU
12:15:31     !! L does not offer "CLOSE" (shows "nil") -- not pressing
12:15:31   on page 'other': C=FIRE  U=SRCH PILOT LOS  R=NO MSL  D=TRACKING  FU=HOLD FIRE  FR=TGT PILOT  FD=SRCH 9K113 LOS  FL=CM MENU
12:15:31     !! L does not offer "CLOSE" (shows "nil") -- not pressing
12:15:31   on page 'other': C=FIRE  U=SRCH PILOT LOS  R=NO MSL  D=TRACKING  FU=HOLD FIRE  FR=TGT PILOT  FD=SRCH 9K113 LOS  FL=CM MENU
12:15:31     !! L does not offer "CLOSE" (shows "nil") -- not pressing
12:15:31   on page 'other': C=FIRE  U=SRCH PILOT LOS  R=NO MSL  D=TRACKING  FU=HOLD FIRE  FR=TGT PILOT  FD=SRCH 9K113 LOS  FL=CM MENU
12:15:31     !! L does not offer "CLOSE" (shows "nil") -- not pressing
12:15:31   on page 'other': C=FIRE  U=SRCH PILOT LOS  R=NO MSL  D=TRACKING  FU=HOLD FIRE  FR=TGT PILOT  FD=SRCH 9K113 LOS  FL=CM MENU
12:15:31     !! L does not offer "CLOSE" (shows "nil") -- not pressing
12:15:31   on page 'other': C=FIRE  U=SRCH PILOT LOS  R=NO MSL  D=TRACKING  FU=HOLD FIRE  FR=TGT PILOT  FD=SRCH 9K113 LOS  FL=CM MENU
12:15:31     !! L does not offer "CLOSE" (shows "nil") -- not pressing
12:15:31   on page 'other': C=FIRE  U=SRCH PILOT LOS  R=NO MSL  D=TRACKING  FU=HOLD FIRE  FR=TGT PILOT  FD=SRCH 9K113 LOS  FL=CM MENU
12:15:31     !! L does not offer "CLOSE" (shows "nil") -- not pressing
12:15:31   on page 'other': C=FIRE  U=SRCH PILOT LOS  R=NO MSL  D=TRACKING  FU=HOLD FIRE  FR=TGT PILOT  FD=SRCH 9K113 LOS  FL=CM MENU
12:15:31     !! L does not offer "CLOSE" (shows "nil") -- not pressing
12:15:31   on page 'other': C=FIRE  U=SRCH PILOT LOS  R=NO MSL  D=TRACKING  FU=HOLD FIRE  FR=TGT PILOT  FD=SRCH 9K113 LOS  FL=CM MENU
12:15:31     !! L does not offer "CLOSE" (shows "nil") -- not pressing
12:15:31   on page 'other': C=FIRE  U=SRCH PILOT LOS  R=NO MSL  D=TRACKING  FU=HOLD FIRE  FR=TGT PILOT  FD=SRCH 9K113 LOS  FL=CM MENU
12:15:31     !! L does not offer "CLOSE" (shows "nil") -- not pressing
12:15:31   on page 'other': C=FIRE  U=SRCH PILOT LOS  R=NO MSL  D=TRACKING  FU=HOLD FIRE  FR=TGT PILOT  FD=SRCH 9K113 LOS  FL=CM MENU
12:15:31     !! L does not offer "CLOSE" (shows "nil") -- not pressing
12:15:31   on page 'other': C=FIRE  U=SRCH PILOT LOS  R=NO MSL  D=TRACKING  FU=HOLD FIRE  FR=TGT PILOT  FD=SRCH 9K113 LOS  FL=CM MENU
12:15:31     !! L does not offer "CLOSE" (shows "nil") -- not pressing
12:15:31   on page 'other': C=FIRE  U=SRCH PILOT LOS  R=NO MSL  D=TRACKING  FU=HOLD FIRE  FR=TGT PILOT  FD=SRCH 9K113 LOS  FL=CM MENU
12:15:31     !! L does not offer "CLOSE" (shows "nil") -- not pressing
12:15:31   on page 'other': C=FIRE  U=SRCH PILOT LOS  R=NO MSL  D=TRACKING  FU=HOLD FIRE  FR=TGT PILOT  FD=SRCH 9K113 LOS  FL=CM MENU
12:15:31     !! L does not offer "CLOSE" (shows "nil") -- not pressing
12:15:31   on page 'other': C=FIRE  U=SRCH PILOT LOS  R=NO MSL  D=TRACKING  FU=HOLD FIRE  FR=TGT PILOT  FD=SRCH 9K113 LOS  FL=CM MENU
12:15:31     !! L does not offer "CLOSE" (shows "nil") -- not pressing
12:15:31   on page 'other': C=FIRE  U=SRCH PILOT LOS  R=NO MSL  D=TRACKING  FU=HOLD FIRE  FR=TGT PILOT  FD=SRCH 9K113 LOS  FL=CM MENU
12:15:31     !! L does not offer "CLOSE" (shows "nil") -- not pressing
12:15:31   on page 'other': C=FIRE  U=SRCH PILOT LOS  R=NO MSL  D=TRACKING  FU=HOLD FIRE  FR=TGT PILOT  FD=SRCH 9K113 LOS  FL=CM MENU
12:15:31     !! L does not offer "CLOSE" (shows "nil") -- not pressing
12:15:31   on page 'other': C=FIRE  U=SRCH PILOT LOS  R=NO MSL  D=TRACKING  FU=HOLD FIRE  FR=TGT PILOT  FD=SRCH 9K113 LOS  FL=CM MENU
12:15:31     !! L does not offer "CLOSE" (shows "nil") -- not pressing
12:15:31   on page 'other': C=FIRE  U=SRCH PILOT LOS  R=NO MSL  D=TRACKING  FU=HOLD FIRE  FR=TGT PILOT  FD=SRCH 9K113 LOS  FL=CM MENU
12:15:31     !! L does not offer "CLOSE" (shows "nil") -- not pressing
12:15:31   on page 'other': C=FIRE  U=SRCH PILOT LOS  R=NO MSL  D=TRACKING  FU=HOLD FIRE  FR=TGT PILOT  FD=SRCH 9K113 LOS  FL=CM MENU
12:15:31     !! L does not offer "CLOSE" (shows "nil") -- not pressing
12:15:31   on page 'other': C=FIRE  U=SRCH PILOT LOS  R=NO MSL  D=TRACKING  FU=HOLD FIRE  FR=TGT PILOT  FD=SRCH 9K113 LOS  FL=CM MENU
12:15:31     !! L does not offer "CLOSE" (shows "nil") -- not pressing
12:15:31   on page 'other': C=FIRE  U=SRCH PILOT LOS  R=NO MSL  D=TRACKING  FU=HOLD FIRE  FR=TGT PILOT  FD=SRCH 9K113 LOS  FL=CM MENU
12:15:31     !! L does not offer "CLOSE" (shows "nil") -- not pressing
12:15:31   on page 'other': C=FIRE  U=SRCH PILOT LOS  R=NO MSL  D=TRACKING  FU=HOLD FIRE  FR=TGT PILOT  FD=SRCH 9K113 LOS  FL=CM MENU
12:15:31     !! L does not offer "CLOSE" (shows "nil") -- not pressing
12:15:31   on page 'other': C=FIRE  U=SRCH PILOT LOS  R=NO MSL  D=TRACKING  FU=HOLD FIRE  FR=TGT PILOT  FD=SRCH 9K113 LOS  FL=CM MENU
12:15:31     !! L does not offer "CLOSE" (shows "nil") -- not pressing
12:15:31   on page 'other': C=FIRE  U=SRCH PILOT LOS  R=NO MSL  D=TRACKING  FU=HOLD FIRE  FR=TGT PILOT  FD=SRCH 9K113 LOS  FL=CM MENU
12:15:31     !! L does not offer "CLOSE" (shows "nil") -- not pressing
12:15:31   on page 'other': C=FIRE  U=SRCH PILOT LOS  R=NO MSL  D=TRACKING  FU=HOLD FIRE  FR=TGT PILOT  FD=SRCH 9K113 LOS  FL=CM MENU
12:15:31     !! L does not offer "CLOSE" (shows "nil") -- not pressing
12:15:32   on page 'other': C=FIRE  U=SRCH PILOT LOS  R=NO MSL  D=TRACKING  FU=HOLD FIRE  FR=TGT PILOT  FD=SRCH 9K113 LOS  FL=CM MENU
12:15:32     !! L does not offer "CLOSE" (shows "nil") -- not pressing
12:15:32   on page 'other': C=FIRE  U=SRCH PILOT LOS  R=NO MSL  D=TRACKING  FU=HOLD FIRE  FR=TGT PILOT  FD=SRCH 9K113 LOS  FL=CM MENU
12:15:32     !! L does not offer "CLOSE" (shows "nil") -- not pressing
12:15:32   on page 'other': C=FIRE  U=SRCH PILOT LOS  R=NO MSL  D=TRACKING  FU=HOLD FIRE  FR=TGT PILOT  FD=SRCH 9K113 LOS  FL=CM MENU
12:15:32     !! L does not offer "CLOSE" (shows "nil") -- not pressing
12:15:32   on page 'other': C=FIRE  U=SRCH PILOT LOS  R=NO MSL  D=TRACKING  FU=HOLD FIRE  FR=TGT PILOT  FD=SRCH 9K113 LOS  FL=CM MENU
12:15:32     !! L does not offer "CLOSE" (shows "nil") -- not pressing
12:15:32   on page 'other': C=FIRE  U=SRCH PILOT LOS  R=NO MSL  D=TRACKING  FU=HOLD FIRE  FR=TGT PILOT  FD=SRCH 9K113 LOS  FL=CM MENU
12:15:32     !! L does not offer "CLOSE" (shows "nil") -- not pressing
12:15:32   on page 'other': C=FIRE  U=SRCH PILOT LOS  R=NO MSL  D=TRACKING  FU=HOLD FIRE  FR=TGT PILOT  FD=SRCH 9K113 LOS  FL=CM MENU
12:15:32     !! L does not offer "CLOSE" (shows "nil") -- not pressing
12:15:32   on page 'other': C=FIRE  U=SRCH PILOT LOS  R=NO MSL  D=TRACKING  FU=HOLD FIRE  FR=TGT PILOT  FD=SRCH 9K113 LOS  FL=CM MENU
12:15:32     !! L does not offer "CLOSE" (shows "nil") -- not pressing
12:15:32   on page 'other': C=FIRE  U=SRCH PILOT LOS  R=NO MSL  D=TRACKING  FU=HOLD FIRE  FR=TGT PILOT  FD=SRCH 9K113 LOS  FL=CM MENU
12:15:32     !! L does not offer "CLOSE" (shows "nil") -- not pressing
12:15:32   on page 'other': C=FIRE  U=SRCH PILOT LOS  R=NO MSL  D=TRACKING  FU=HOLD FIRE  FR=TGT PILOT  FD=SRCH 9K113 LOS  FL=CM MENU
12:15:32     !! L does not offer "CLOSE" (shows "nil") -- not pressing
12:15:32   on page 'other': C=FIRE  U=SRCH PILOT LOS  R=NO MSL  D=TRACKING  FU=HOLD FIRE  FR=TGT PILOT  FD=SRCH 9K113 LOS  FL=CM MENU
12:15:32     !! L does not offer "CLOSE" (shows "nil") -- not pressing
12:15:32   on page 'other': C=FIRE  U=SRCH PILOT LOS  R=NO MSL  D=TRACKING  FU=HOLD FIRE  FR=TGT PILOT  FD=SRCH 9K113 LOS  FL=CM MENU
12:15:32     !! L does not offer "CLOSE" (shows "nil") -- not pressing
12:15:32   on page 'other': C=FIRE  U=SRCH PILOT LOS  R=NO MSL  D=TRACKING  FU=HOLD FIRE  FR=TGT PILOT  FD=SRCH 9K113 LOS  FL=CM MENU
12:15:32     !! L does not offer "CLOSE" (shows "nil") -- not pressing
12:15:32   on page 'other': C=FIRE  U=SRCH PILOT LOS  R=NO MSL  D=TRACKING  FU=HOLD FIRE  FR=TGT PILOT  FD=SRCH 9K113 LOS  FL=CM MENU
12:15:32     !! L does not offer "CLOSE" (shows "nil") -- not pressing
12:15:32   on page 'other': C=FIRE  U=SRCH PILOT LOS  R=NO MSL  D=TRACKING  FU=HOLD FIRE  FR=TGT PILOT  FD=SRCH 9K113 LOS  FL=CM MENU
12:15:32     !! L does not offer "CLOSE" (shows "nil") -- not pressing
12:15:32   on page 'other': C=FIRE  U=SRCH PILOT LOS  R=NO MSL  D=TRACKING  FU=HOLD FIRE  FR=TGT PILOT  FD=SRCH 9K113 LOS  FL=CM MENU
12:15:32     !! L does not offer "CLOSE" (shows "nil") -- not pressing
12:15:32   on page 'other': C=FIRE  U=SRCH PILOT LOS  R=NO MSL  D=TRACKING  FU=HOLD FIRE  FR=TGT PILOT  FD=SRCH 9K113 LOS  FL=CM MENU
12:15:32     !! L does not offer "CLOSE" (shows "nil") -- not pressing
12:15:32   on page 'other': C=FIRE  U=SRCH PILOT LOS  R=NO MSL  D=TRACKING  FU=HOLD FIRE  FR=TGT PILOT  FD=SRCH 9K113 LOS  FL=CM MENU
12:15:32     !! L does not offer "CLOSE" (shows "nil") -- not pressing
12:15:32   on page 'other': C=FIRE  U=SRCH PILOT LOS  R=NO MSL  D=TRACKING  FU=HOLD FIRE  FR=TGT PILOT  FD=SRCH 9K113 LOS  FL=CM MENU
12:15:32     !! L does not offer "CLOSE" (shows "nil") -- not pressing
12:15:32   on page 'other': C=FIRE  U=SRCH PILOT LOS  R=NO MSL  D=TRACKING  FU=HOLD FIRE  FR=TGT PILOT  FD=SRCH 9K113 LOS  FL=CM MENU
12:15:32     !! L does not offer "CLOSE" (shows "nil") -- not pressing
12:15:32   on page 'other': C=FIRE  U=SRCH PILOT LOS  R=NO MSL  D=TRACKING  FU=HOLD FIRE  FR=TGT PILOT  FD=SRCH 9K113 LOS  FL=CM MENU
12:15:32     !! L does not offer "CLOSE" (shows "nil") -- not pressing
12:15:32   on page 'other': C=FIRE  U=SRCH PILOT LOS  R=NO MSL  D=TRACKING  FU=HOLD FIRE  FR=TGT PILOT  FD=SRCH 9K113 LOS  FL=CM MENU
12:15:32     !! L does not offer "CLOSE" (shows "nil") -- not pressing
12:15:32   on page 'other': C=FIRE  U=SRCH PILOT LOS  R=NO MSL  D=TRACKING  FU=HOLD FIRE  FR=TGT PILOT  FD=SRCH 9K113 LOS  FL=CM MENU
12:15:32     !! L does not offer "CLOSE" (shows "nil") -- not pressing
12:15:32   on page 'other': C=FIRE  U=SRCH PILOT LOS  R=NO MSL  D=TRACKING  FU=HOLD FIRE  FR=TGT PILOT  FD=SRCH 9K113 LOS  FL=CM MENU
12:15:32     !! L does not offer "CLOSE" (shows "nil") -- not pressing
12:15:32   on page 'other': C=FIRE  U=SRCH PILOT LOS  R=NO MSL  D=TRACKING  FU=HOLD FIRE  FR=TGT PILOT  FD=SRCH 9K113 LOS  FL=CM MENU
12:15:32     !! L does not offer "CLOSE" (shows "nil") -- not pressing
12:15:32   on page 'other': C=FIRE  U=SRCH PILOT LOS  R=NO MSL  D=TRACKING  FU=HOLD FIRE  FR=TGT PILOT  FD=SRCH 9K113 LOS  FL=CM MENU
12:15:32     !! L does not offer "CLOSE" (shows "nil") -- not pressing
12:15:32   on page 'other': C=FIRE  U=SRCH PILOT LOS  R=NO MSL  D=TRACKING  FU=HOLD FIRE  FR=TGT PILOT  FD=SRCH 9K113 LOS  FL=CM MENU
12:15:32     !! L does not offer "CLOSE" (shows "nil") -- not pressing
12:15:32   on page 'other': C=FIRE  U=SRCH PILOT LOS  R=NO MSL  D=TRACKING  FU=HOLD FIRE  FR=TGT PILOT  FD=SRCH 9K113 LOS  FL=CM MENU
12:15:32     !! L does not offer "CLOSE" (shows "nil") -- not pressing
12:15:32   on page 'other': C=FIRE  U=SRCH PILOT LOS  R=NO MSL  D=TRACKING  FU=HOLD FIRE  FR=TGT PILOT  FD=SRCH 9K113 LOS  FL=CM MENU
12:15:32     !! L does not offer "CLOSE" (shows "nil") -- not pressing
12:15:32   on page 'other': C=FIRE  U=SRCH PILOT LOS  R=NO MSL  D=TRACKING  FU=HOLD FIRE  FR=TGT PILOT  FD=SRCH 9K113 LOS  FL=CM MENU
12:15:32     !! L does not offer "CLOSE" (shows "nil") -- not pressing
12:15:32   on page 'other': C=FIRE  U=SRCH PILOT LOS  R=NO MSL  D=TRACKING  FU=HOLD FIRE  FR=TGT PILOT  FD=SRCH 9K113 LOS  FL=CM MENU
12:15:32     !! L does not offer "CLOSE" (shows "nil") -- not pressing
12:15:32   on page 'other': C=FIRE  U=SRCH PILOT LOS  R=NO MSL  D=TRACKING  FU=HOLD FIRE  FR=TGT PILOT  FD=SRCH 9K113 LOS  FL=CM MENU
12:15:32     !! L does not offer "CLOSE" (shows "nil") -- not pressing
12:15:32   on page 'other': C=FIRE  U=SRCH PILOT LOS  R=NO MSL  D=TRACKING  FU=HOLD FIRE  FR=TGT PILOT  FD=SRCH 9K113 LOS  FL=CM MENU
12:15:32     !! L does not offer "CLOSE" (shows "nil") -- not pressing
12:15:32   on page 'other': C=FIRE  U=SRCH PILOT LOS  R=NO MSL  D=TRACKING  FU=HOLD FIRE  FR=TGT PILOT  FD=SRCH 9K113 LOS  FL=CM MENU
12:15:32     !! L does not offer "CLOSE" (shows "nil") -- not pressing
12:15:32   on page 'other': C=FIRE  U=SRCH PILOT LOS  R=NO MSL  D=TRACKING  FU=HOLD FIRE  FR=TGT PILOT  FD=SRCH 9K113 LOS  FL=CM MENU
12:15:32     !! L does not offer "CLOSE" (shows "nil") -- not pressing
12:15:32   on page 'other': C=FIRE  U=SRCH PILOT LOS  R=NO MSL  D=TRACKING  FU=HOLD FIRE  FR=TGT PILOT  FD=SRCH 9K113 LOS  FL=CM MENU
12:15:32     !! L does not offer "CLOSE" (shows "nil") -- not pressing
12:15:32   on page 'other': C=FIRE  U=SRCH PILOT LOS  R=NO MSL  D=TRACKING  FU=HOLD FIRE  FR=TGT PILOT  FD=SRCH 9K113 LOS  FL=CM MENU
12:15:32     !! L does not offer "CLOSE" (shows "nil") -- not pressing
12:15:32   on page 'other': C=FIRE  U=SRCH PILOT LOS  R=NO MSL  D=TRACKING  FU=HOLD FIRE  FR=TGT PILOT  FD=SRCH 9K113 LOS  FL=CM MENU
12:15:32     !! L does not offer "CLOSE" (shows "nil") -- not pressing
12:15:32   on page 'other': C=FIRE  U=SRCH PILOT LOS  R=NO MSL  D=TRACKING  FU=HOLD FIRE  FR=TGT PILOT  FD=SRCH 9K113 LOS  FL=CM MENU
12:15:32     !! L does not offer "CLOSE" (shows "nil") -- not pressing
12:15:32   on page 'other': C=FIRE  U=SRCH PILOT LOS  R=NO MSL  D=TRACKING  FU=HOLD FIRE  FR=TGT PILOT  FD=SRCH 9K113 LOS  FL=CM MENU
12:15:32     !! L does not offer "CLOSE" (shows "nil") -- not pressing
12:15:32   on page 'other': C=FIRE  U=SRCH PILOT LOS  R=NO MSL  D=TRACKING  FU=HOLD FIRE  FR=TGT PILOT  FD=SRCH 9K113 LOS  FL=CM MENU
12:15:32     !! L does not offer "CLOSE" (shows "nil") -- not pressing
12:15:32   on page 'other': C=FIRE  U=SRCH PILOT LOS  R=NO MSL  D=TRACKING  FU=HOLD FIRE  FR=TGT PILOT  FD=SRCH 9K113 LOS  FL=CM MENU
12:15:32     !! L does not offer "CLOSE" (shows "nil") -- not pressing
12:15:32   on page 'other': C=FIRE  U=SRCH PILOT LOS  R=NO MSL  D=TRACKING  FU=HOLD FIRE  FR=TGT PILOT  FD=SRCH 9K113 LOS  FL=CM MENU
12:15:32     !! L does not offer "CLOSE" (shows "nil") -- not pressing
12:15:32   on page 'other': C=FIRE  U=SRCH PILOT LOS  R=NO MSL  D=TRACKING  FU=HOLD FIRE  FR=TGT PILOT  FD=SRCH 9K113 LOS  FL=CM MENU
12:15:32     !! L does not offer "CLOSE" (shows "nil") -- not pressing
12:15:32   on page 'other': C=FIRE  U=SRCH PILOT LOS  R=NO MSL  D=TRACKING  FU=HOLD FIRE  FR=TGT PILOT  FD=SRCH 9K113 LOS  FL=CM MENU
12:15:32     !! L does not offer "CLOSE" (shows "nil") -- not pressing
12:15:32   on page 'other': C=FIRE  U=SRCH PILOT LOS  R=NO MSL  D=TRACKING  FU=HOLD FIRE  FR=TGT PILOT  FD=SRCH 9K113 LOS  FL=CM MENU
12:15:32     !! L does not offer "CLOSE" (shows "nil") -- not pressing
12:15:32   on page 'other': C=FIRE  U=SRCH PILOT LOS  R=NO MSL  D=TRACKING  FU=HOLD FIRE  FR=TGT PILOT  FD=SRCH 9K113 LOS  FL=CM MENU
12:15:32     !! L does not offer "CLOSE" (shows "nil") -- not pressing
12:15:32   on page 'other': C=FIRE  U=SRCH PILOT LOS  R=NO MSL  D=TRACKING  FU=HOLD FIRE  FR=TGT PILOT  FD=SRCH 9K113 LOS  FL=CM MENU
12:15:32     !! L does not offer "CLOSE" (shows "nil") -- not pressing
12:15:32   on page 'other': C=FIRE  U=SRCH PILOT LOS  R=NO MSL  D=TRACKING  FU=HOLD FIRE  FR=TGT PILOT  FD=SRCH 9K113 LOS  FL=CM MENU
12:15:32     !! L does not offer "CLOSE" (shows "nil") -- not pressing
12:15:32   on page 'other': C=FIRE  U=SRCH PILOT LOS  R=NO MSL  D=TRACKING  FU=HOLD FIRE  FR=TGT PILOT  FD=SRCH 9K113 LOS  FL=CM MENU
12:15:32     !! L does not offer "CLOSE" (shows "nil") -- not pressing
12:15:32   on page 'other': C=FIRE  U=SRCH PILOT LOS  R=NO MSL  D=TRACKING  FU=HOLD FIRE  FR=TGT PILOT  FD=SRCH 9K113 LOS  FL=CM MENU
12:15:32     !! L does not offer "CLOSE" (shows "nil") -- not pressing
12:15:32   on page 'other': C=FIRE  U=SRCH PILOT LOS  R=NO MSL  D=TRACKING  FU=HOLD FIRE  FR=TGT PILOT  FD=SRCH 9K113 LOS  FL=CM MENU
12:15:32     !! L does not offer "CLOSE" (shows "nil") -- not pressing
12:15:32   on page 'other': C=FIRE  U=SRCH PILOT LOS  R=NO MSL  D=TRACKING  FU=HOLD FIRE  FR=TGT PILOT  FD=SRCH 9K113 LOS  FL=CM MENU
12:15:32     !! L does not offer "CLOSE" (shows "nil") -- not pressing
12:15:32   on page 'other': C=FIRE  U=SRCH PILOT LOS  R=NO MSL  D=TRACKING  FU=HOLD FIRE  FR=TGT PILOT  FD=SRCH 9K113 LOS  FL=CM MENU
12:15:32     !! L does not offer "CLOSE" (shows "nil") -- not pressing
12:15:32   on page 'other': C=FIRE  U=SRCH PILOT LOS  R=NO MSL  D=TRACKING  FU=HOLD FIRE  FR=TGT PILOT  FD=SRCH 9K113 LOS  FL=CM MENU
12:15:32     !! L does not offer "CLOSE" (shows "nil") -- not pressing
12:15:32   on page 'other': C=FIRE  U=SRCH PILOT LOS  R=NO MSL  D=TRACKING  FU=HOLD FIRE  FR=TGT PILOT  FD=SRCH 9K113 LOS  FL=CM MENU
12:15:32     !! L does not offer "CLOSE" (shows "nil") -- not pressing
12:15:32   on page 'other': C=FIRE  U=SRCH PILOT LOS  R=NO MSL  D=TRACKING  FU=HOLD FIRE  FR=TGT PILOT  FD=SRCH 9K113 LOS  FL=CM MENU
12:15:32     !! L does not offer "CLOSE" (shows "nil") -- not pressing
12:15:32   on page 'other': C=FIRE  U=SRCH PILOT LOS  R=NO MSL  D=TRACKING  FU=HOLD FIRE  FR=TGT PILOT  FD=SRCH 9K113 LOS  FL=CM MENU
12:15:32     !! L does not offer "CLOSE" (shows "nil") -- not pressing
12:15:32   on page 'other': C=FIRE  U=SRCH PILOT LOS  R=NO MSL  D=TRACKING  FU=HOLD FIRE  FR=TGT PILOT  FD=SRCH 9K113 LOS  FL=CM MENU
12:15:32     !! L does not offer "CLOSE" (shows "nil") -- not pressing
12:15:32   on page 'other': C=FIRE  U=SRCH PILOT LOS  R=NO MSL  D=TRACKING  FU=HOLD FIRE  FR=TGT PILOT  FD=SRCH 9K113 LOS  FL=CM MENU
12:15:32     !! L does not offer "CLOSE" (shows "nil") -- not pressing
12:15:32   on page 'other': C=FIRE  U=SRCH PILOT LOS  R=NO MSL  D=TRACKING  FU=HOLD FIRE  FR=TGT PILOT  FD=SRCH 9K113 LOS  FL=CM MENU
12:15:32     !! L does not offer "CLOSE" (shows "nil") -- not pressing
12:15:32   on page 'other': C=FIRE  U=SRCH PILOT LOS  R=NO MSL  D=TRACKING  FU=HOLD FIRE  FR=TGT PILOT  FD=SRCH 9K113 LOS  FL=CM MENU
12:15:32     !! L does not offer "CLOSE" (shows "nil") -- not pressing
12:15:32   on page 'other': C=FIRE  U=SRCH PILOT LOS  R=NO MSL  D=TRACKING  FU=HOLD FIRE  FR=TGT PILOT  FD=SRCH 9K113 LOS  FL=CM MENU
12:15:32     !! L does not offer "CLOSE" (shows "nil") -- not pressing
12:15:32   on page 'other': C=FIRE  U=SRCH PILOT LOS  R=NO MSL  D=TRACKING  FU=HOLD FIRE  FR=TGT PILOT  FD=SRCH 9K113 LOS  FL=CM MENU
12:15:32     !! L does not offer "CLOSE" (shows "nil") -- not pressing
12:15:32   on page 'other': C=FIRE  U=SRCH PILOT LOS  R=NO MSL  D=TRACKING  FU=HOLD FIRE  FR=TGT PILOT  FD=SRCH 9K113 LOS  FL=CM MENU
12:15:32     !! L does not offer "CLOSE" (shows "nil") -- not pressing
12:15:32   on page 'other': C=FIRE  U=SRCH PILOT LOS  R=NO MSL  D=TRACKING  FU=HOLD FIRE  FR=TGT PILOT  FD=SRCH 9K113 LOS  FL=CM MENU
12:15:32     !! L does not offer "CLOSE" (shows "nil") -- not pressing
12:15:32   on page 'other': C=FIRE  U=SRCH PILOT LOS  R=NO MSL  D=TRACKING  FU=HOLD FIRE  FR=TGT PILOT  FD=SRCH 9K113 LOS  FL=CM MENU
12:15:32     !! L does not offer "CLOSE" (shows "nil") -- not pressing
12:15:32   on page 'other': C=FIRE  U=SRCH PILOT LOS  R=NO MSL  D=TRACKING  FU=HOLD FIRE  FR=TGT PILOT  FD=SRCH 9K113 LOS  FL=CM MENU
12:15:32     !! L does not offer "CLOSE" (shows "nil") -- not pressing
12:15:32   on page 'other': C=FIRE  U=SRCH PILOT LOS  R=NO MSL  D=TRACKING  FU=HOLD FIRE  FR=TGT PILOT  FD=SRCH 9K113 LOS  FL=CM MENU
12:15:32     !! L does not offer "CLOSE" (shows "nil") -- not pressing
12:15:32   on page 'other': C=FIRE  U=SRCH PILOT LOS  R=NO MSL  D=TRACKING  FU=HOLD FIRE  FR=TGT PILOT  FD=SRCH 9K113 LOS  FL=CM MENU
12:15:32     !! L does not offer "CLOSE" (shows "nil") -- not pressing
12:15:32   on page 'other': C=FIRE  U=SRCH PILOT LOS  R=NO MSL  D=TRACKING  FU=HOLD FIRE  FR=TGT PILOT  FD=SRCH 9K113 LOS  FL=CM MENU
12:15:32     !! L does not offer "CLOSE" (shows "nil") -- not pressing
12:15:32   on page 'other': C=FIRE  U=SRCH PILOT LOS  R=NO MSL  D=TRACKING  FU=HOLD FIRE  FR=TGT PILOT  FD=SRCH 9K113 LOS  FL=CM MENU
12:15:32     !! L does not offer "CLOSE" (shows "nil") -- not pressing
12:15:32   on page 'other': C=FIRE  U=SRCH PILOT LOS  R=NO MSL  D=TRACKING  FU=HOLD FIRE  FR=TGT PILOT  FD=SRCH 9K113 LOS  FL=CM MENU
12:15:32     !! L does not offer "CLOSE" (shows "nil") -- not pressing
12:15:32   on page 'other': C=FIRE  U=SRCH PILOT LOS  R=NO MSL  D=TRACKING  FU=HOLD FIRE  FR=TGT PILOT  FD=SRCH 9K113 LOS  FL=CM MENU
12:15:32     !! L does not offer "CLOSE" (shows "nil") -- not pressing
12:15:32   on page 'other': C=FIRE  U=SRCH PILOT LOS  R=NO MSL  D=TRACKING  FU=HOLD FIRE  FR=TGT PILOT  FD=SRCH 9K113 LOS  FL=CM MENU
12:15:32     !! L does not offer "CLOSE" (shows "nil") -- not pressing
12:15:32   on page 'other': C=FIRE  U=SRCH PILOT LOS  R=NO MSL  D=TRACKING  FU=HOLD FIRE  FR=TGT PILOT  FD=SRCH 9K113 LOS  FL=CM MENU
12:15:32     !! L does not offer "CLOSE" (shows "nil") -- not pressing
12:15:32   on page 'other': C=FIRE  U=SRCH PILOT LOS  R=NO MSL  D=TRACKING  FU=HOLD FIRE  FR=TGT PILOT  FD=SRCH 9K113 LOS  FL=CM MENU
12:15:32     !! L does not offer "CLOSE" (shows "nil") -- not pressing
12:15:32   on page 'other': C=FIRE  U=SRCH PILOT LOS  R=NO MSL  D=TRACKING  FU=HOLD FIRE  FR=TGT PILOT  FD=SRCH 9K113 LOS  FL=CM MENU
12:15:32     !! L does not offer "CLOSE" (shows "nil") -- not pressing
12:15:32   on page 'other': C=FIRE  U=SRCH PILOT LOS  R=NO MSL  D=TRACKING  FU=HOLD FIRE  FR=TGT PILOT  FD=SRCH 9K113 LOS  FL=CM MENU
12:15:32     !! L does not offer "CLOSE" (shows "nil") -- not pressing
12:15:32   on page 'other': C=FIRE  U=SRCH PILOT LOS  R=NO MSL  D=TRACKING  FU=HOLD FIRE  FR=TGT PILOT  FD=SRCH 9K113 LOS  FL=CM MENU
12:15:32     !! L does not offer "CLOSE" (shows "nil") -- not pressing
12:15:32   on page 'other': C=FIRE  U=SRCH PILOT LOS  R=NO MSL  D=TRACKING  FU=HOLD FIRE  FR=TGT PILOT  FD=SRCH 9K113 LOS  FL=CM MENU
12:15:32     !! L does not offer "CLOSE" (shows "nil") -- not pressing
12:15:32   on page 'other': C=FIRE  U=SRCH PILOT LOS  R=NO MSL  D=TRACKING  FU=HOLD FIRE  FR=TGT PILOT  FD=SRCH 9K113 LOS  FL=CM MENU
12:15:32     !! L does not offer "CLOSE" (shows "nil") -- not pressing
12:15:33   on page 'other': C=FIRE  U=SRCH PILOT LOS  R=NO MSL  D=TRACKING  FU=HOLD FIRE  FR=TGT PILOT  FD=SRCH 9K113 LOS  FL=CM MENU
12:15:33     !! L does not offer "CLOSE" (shows "nil") -- not pressing
12:15:33   on page 'other': C=FIRE  U=SRCH PILOT LOS  R=NO MSL  D=TRACKING  FU=HOLD FIRE  FR=TGT PILOT  FD=SRCH 9K113 LOS  FL=CM MENU
12:15:33     !! L does not offer "CLOSE" (shows "nil") -- not pressing
12:15:33   on page 'other': C=FIRE  U=SRCH PILOT LOS  R=NO MSL  D=TRACKING  FU=HOLD FIRE  FR=TGT PILOT  FD=SRCH 9K113 LOS  FL=CM MENU
12:15:33     !! L does not offer "CLOSE" (shows "nil") -- not pressing
12:15:33   on page 'other': C=FIRE  U=SRCH PILOT LOS  R=NO MSL  D=TRACKING  FU=HOLD FIRE  FR=TGT PILOT  FD=SRCH 9K113 LOS  FL=CM MENU
12:15:33     !! L does not offer "CLOSE" (shows "nil") -- not pressing
12:15:33   on page 'other': C=FIRE  U=SRCH PILOT LOS  R=NO MSL  D=TRACKING  FU=HOLD FIRE  FR=TGT PILOT  FD=SRCH 9K113 LOS  FL=CM MENU
12:15:33     !! L does not offer "CLOSE" (shows "nil") -- not pressing
12:15:33   on page 'other': C=FIRE  U=SRCH PILOT LOS  R=NO MSL  D=TRACKING  FU=HOLD FIRE  FR=TGT PILOT  FD=SRCH 9K113 LOS  FL=CM MENU
12:15:33     !! L does not offer "CLOSE" (shows "nil") -- not pressing
12:15:33   on page 'other': C=FIRE  U=SRCH PILOT LOS  R=NO MSL  D=TRACKING  FU=HOLD FIRE  FR=TGT PILOT  FD=SRCH 9K113 LOS  FL=CM MENU
12:15:33     !! L does not offer "CLOSE" (shows "nil") -- not pressing
12:15:33   on page 'other': C=FIRE  U=SRCH PILOT LOS  R=NO MSL  D=TRACKING  FU=HOLD FIRE  FR=TGT PILOT  FD=SRCH 9K113 LOS  FL=CM MENU
12:15:33     !! L does not offer "CLOSE" (shows "nil") -- not pressing
12:15:33   on page 'other': C=FIRE  U=SRCH PILOT LOS  R=NO MSL  D=TRACKING  FU=HOLD FIRE  FR=TGT PILOT  FD=SRCH 9K113 LOS  FL=CM MENU
12:15:33     !! L does not offer "CLOSE" (shows "nil") -- not pressing
12:15:33   on page 'other': C=FIRE  U=SRCH PILOT LOS  R=NO MSL  D=TRACKING  FU=HOLD FIRE  FR=TGT PILOT  FD=SRCH 9K113 LOS  FL=CM MENU
12:15:33     !! L does not offer "CLOSE" (shows "nil") -- not pressing
12:15:33   on page 'other': C=FIRE  U=SRCH PILOT LOS  R=NO MSL  D=TRACKING  FU=HOLD FIRE  FR=TGT PILOT  FD=SRCH 9K113 LOS  FL=CM MENU
12:15:33     !! L does not offer "CLOSE" (shows "nil") -- not pressing
12:15:33   on page 'other': C=FIRE  U=SRCH PILOT LOS  R=NO MSL  D=TRACKING  FU=HOLD FIRE  FR=TGT PILOT  FD=SRCH 9K113 LOS  FL=CM MENU
12:15:33     !! L does not offer "CLOSE" (shows "nil") -- not pressing
12:15:33   on page 'other': C=FIRE  U=SRCH PILOT LOS  R=NO MSL  D=TRACKING  FU=HOLD FIRE  FR=TGT PILOT  FD=SRCH 9K113 LOS  FL=CM MENU
12:15:33     !! L does not offer "CLOSE" (shows "nil") -- not pressing
12:15:33   on page 'other': C=FIRE  U=SRCH PILOT LOS  R=NO MSL  D=TRACKING  FU=HOLD FIRE  FR=TGT PILOT  FD=SRCH 9K113 LOS  FL=CM MENU
12:15:33     !! L does not offer "CLOSE" (shows "nil") -- not pressing
12:15:33   on page 'other': C=FIRE  U=SRCH PILOT LOS  R=NO MSL  D=TRACKING  FU=HOLD FIRE  FR=TGT PILOT  FD=SRCH 9K113 LOS  FL=CM MENU
12:15:33     !! L does not offer "CLOSE" (shows "nil") -- not pressing
12:15:33   on page 'other': C=FIRE  U=SRCH PILOT LOS  R=NO MSL  D=TRACKING  FU=HOLD FIRE  FR=TGT PILOT  FD=SRCH 9K113 LOS  FL=CM MENU
12:15:33     !! L does not offer "CLOSE" (shows "nil") -- not pressing
12:15:33   on page 'other': C=FIRE  U=SRCH PILOT LOS  R=NO MSL  D=TRACKING  FU=HOLD FIRE  FR=TGT PILOT  FD=SRCH 9K113 LOS  FL=CM MENU
12:15:33     !! L does not offer "CLOSE" (shows "nil") -- not pressing
12:15:33   on page 'other': C=FIRE  U=SRCH PILOT LOS  R=NO MSL  D=TRACKING  FU=HOLD FIRE  FR=TGT PILOT  FD=SRCH 9K113 LOS  FL=CM MENU
12:15:33     !! L does not offer "CLOSE" (shows "nil") -- not pressing
12:15:33   on page 'other': C=FIRE  U=SRCH PILOT LOS  R=NO MSL  D=TRACKING  FU=HOLD FIRE  FR=TGT PILOT  FD=SRCH 9K113 LOS  FL=CM MENU
12:15:33     !! L does not offer "CLOSE" (shows "nil") -- not pressing
12:15:33   on page 'other': C=FIRE  U=SRCH PILOT LOS  R=NO MSL  D=TRACKING  FU=HOLD FIRE  FR=TGT PILOT  FD=SRCH 9K113 LOS  FL=CM MENU
12:15:33     !! L does not offer "CLOSE" (shows "nil") -- not pressing
12:15:33   on page 'other': C=FIRE  U=SRCH PILOT LOS  R=NO MSL  D=TRACKING  FU=HOLD FIRE  FR=TGT PILOT  FD=SRCH 9K113 LOS  FL=CM MENU
12:15:33     !! L does not offer "CLOSE" (shows "nil") -- not pressing
12:15:33   on page 'other': C=FIRE  U=SRCH PILOT LOS  R=NO MSL  D=TRACKING  FU=HOLD FIRE  FR=TGT PILOT  FD=SRCH 9K113 LOS  FL=CM MENU
12:15:33     !! L does not offer "CLOSE" (shows "nil") -- not pressing
12:15:33   on page 'other': C=FIRE  U=SRCH PILOT LOS  R=NO MSL  D=TRACKING  FU=HOLD FIRE  FR=TGT PILOT  FD=SRCH 9K113 LOS  FL=CM MENU
12:15:33     !! L does not offer "CLOSE" (shows "nil") -- not pressing
12:15:33   on page 'other': C=FIRE  U=SRCH PILOT LOS  R=NO MSL  D=TRACKING  FU=HOLD FIRE  FR=TGT PILOT  FD=SRCH 9K113 LOS  FL=CM MENU
12:15:33     !! L does not offer "CLOSE" (shows "nil") -- not pressing
12:15:33   on page 'other': C=FIRE  U=SRCH PILOT LOS  R=NO MSL  D=TRACKING  FU=HOLD FIRE  FR=TGT PILOT  FD=SRCH 9K113 LOS  FL=CM MENU
12:15:33     !! L does not offer "CLOSE" (shows "nil") -- not pressing
12:15:33   on page 'other': C=FIRE  U=SRCH PILOT LOS  R=NO MSL  D=TRACKING  FU=HOLD FIRE  FR=TGT PILOT  FD=SRCH 9K113 LOS  FL=CM MENU
12:15:33     !! L does not offer "CLOSE" (shows "nil") -- not pressing
12:15:33   on page 'other': C=FIRE  U=SRCH PILOT LOS  R=NO MSL  D=TRACKING  FU=HOLD FIRE  FR=TGT PILOT  FD=SRCH 9K113 LOS  FL=CM MENU
12:15:33     !! L does not offer "CLOSE" (shows "nil") -- not pressing
12:15:33   on page 'other': C=FIRE  U=SRCH PILOT LOS  R=NO MSL  D=TRACKING  FU=HOLD FIRE  FR=TGT PILOT  FD=SRCH 9K113 LOS  FL=CM MENU
12:15:33     !! L does not offer "CLOSE" (shows "nil") -- not pressing
12:15:33   on page 'other': C=FIRE  U=SRCH PILOT LOS  R=NO MSL  D=TRACKING  FU=HOLD FIRE  FR=TGT PILOT  FD=SRCH 9K113 LOS  FL=CM MENU
12:15:33     !! L does not offer "CLOSE" (shows "nil") -- not pressing
12:15:33   on page 'other': C=FIRE  U=SRCH PILOT LOS  R=NO MSL  D=TRACKING  FU=HOLD FIRE  FR=TGT PILOT  FD=SRCH 9K113 LOS  FL=CM MENU
12:15:33     !! L does not offer "CLOSE" (shows "nil") -- not pressing
12:15:33   on page 'other': C=FIRE  U=SRCH PILOT LOS  R=NO MSL  D=TRACKING  FU=HOLD FIRE  FR=TGT PILOT  FD=SRCH 9K113 LOS  FL=CM MENU
12:15:33     !! L does not offer "CLOSE" (shows "nil") -- not pressing
12:15:33   on page 'other': C=FIRE  U=SRCH PILOT LOS  R=NO MSL  D=TRACKING  FU=HOLD FIRE  FR=TGT PILOT  FD=SRCH 9K113 LOS  FL=CM MENU
12:15:33     !! L does not offer "CLOSE" (shows "nil") -- not pressing
12:15:33   on page 'other': C=FIRE  U=SRCH PILOT LOS  R=NO MSL  D=TRACKING  FU=HOLD FIRE  FR=TGT PILOT  FD=SRCH 9K113 LOS  FL=CM MENU
12:15:33     !! L does not offer "CLOSE" (shows "nil") -- not pressing
12:15:33   on page 'other': C=FIRE  U=SRCH PILOT LOS  R=NO MSL  D=TRACKING  FU=HOLD FIRE  FR=TGT PILOT  FD=SRCH 9K113 LOS  FL=CM MENU
12:15:33     !! L does not offer "CLOSE" (shows "nil") -- not pressing
12:15:33   on page 'other': C=FIRE  U=SRCH PILOT LOS  R=NO MSL  D=TRACKING  FU=HOLD FIRE  FR=TGT PILOT  FD=SRCH 9K113 LOS  FL=CM MENU
12:15:33     !! L does not offer "CLOSE" (shows "nil") -- not pressing
12:15:33   on page 'other': C=FIRE  U=SRCH PILOT LOS  R=NO MSL  D=TRACKING  FU=HOLD FIRE  FR=TGT PILOT  FD=SRCH 9K113 LOS  FL=CM MENU
12:15:33     !! L does not offer "CLOSE" (shows "nil") -- not pressing
12:15:33   on page 'other': C=FIRE  U=SRCH PILOT LOS  R=NO MSL  D=TRACKING  FU=HOLD FIRE  FR=TGT PILOT  FD=SRCH 9K113 LOS  FL=CM MENU
12:15:33     !! L does not offer "CLOSE" (shows "nil") -- not pressing
12:15:33   on page 'other': C=FIRE  U=SRCH PILOT LOS  R=NO MSL  D=TRACKING  FU=HOLD FIRE  FR=TGT PILOT  FD=SRCH 9K113 LOS  FL=CM MENU
12:15:33     !! L does not offer "CLOSE" (shows "nil") -- not pressing
12:15:33   on page 'other': C=FIRE  U=SRCH PILOT LOS  R=NO MSL  D=TRACKING  FU=HOLD FIRE  FR=TGT PILOT  FD=SRCH 9K113 LOS  FL=CM MENU
12:15:33     !! L does not offer "CLOSE" (shows "nil") -- not pressing
12:15:33   on page 'other': C=FIRE  U=SRCH PILOT LOS  R=NO MSL  D=TRACKING  FU=HOLD FIRE  FR=TGT PILOT  FD=SRCH 9K113 LOS  FL=CM MENU
12:15:33     !! L does not offer "CLOSE" (shows "nil") -- not pressing
12:15:33   on page 'other': C=FIRE  U=SRCH PILOT LOS  R=NO MSL  D=TRACKING  FU=HOLD FIRE  FR=TGT PILOT  FD=SRCH 9K113 LOS  FL=CM MENU
12:15:33     !! L does not offer "CLOSE" (shows "nil") -- not pressing
12:15:33   on page 'other': C=FIRE  U=SRCH PILOT LOS  R=NO MSL  D=TRACKING  FU=HOLD FIRE  FR=TGT PILOT  FD=SRCH 9K113 LOS  FL=CM MENU
12:15:33     !! L does not offer "CLOSE" (shows "nil") -- not pressing
12:15:33   on page 'other': C=FIRE  U=SRCH PILOT LOS  R=NO MSL  D=TRACKING  FU=HOLD FIRE  FR=TGT PILOT  FD=SRCH 9K113 LOS  FL=CM MENU
12:15:33     !! L does not offer "CLOSE" (shows "nil") -- not pressing
12:15:33   on page 'other': C=FIRE  U=SRCH PILOT LOS  R=NO MSL  D=TRACKING  FU=HOLD FIRE  FR=TGT PILOT  FD=SRCH 9K113 LOS  FL=CM MENU
12:15:33     !! L does not offer "CLOSE" (shows "nil") -- not pressing
12:15:33   on page 'other': C=FIRE  U=SRCH PILOT LOS  R=NO MSL  D=TRACKING  FU=HOLD FIRE  FR=TGT PILOT  FD=SRCH 9K113 LOS  FL=CM MENU
12:15:33     !! L does not offer "CLOSE" (shows "nil") -- not pressing
12:15:33   on page 'other': C=FIRE  U=SRCH PILOT LOS  R=NO MSL  D=TRACKING  FU=HOLD FIRE  FR=TGT PILOT  FD=SRCH 9K113 LOS  FL=CM MENU
12:15:33     !! L does not offer "CLOSE" (shows "nil") -- not pressing
12:15:33   on page 'other': C=FIRE  U=SRCH PILOT LOS  R=NO MSL  D=TRACKING  FU=HOLD FIRE  FR=TGT PILOT  FD=SRCH 9K113 LOS  FL=CM MENU
12:15:33     !! L does not offer "CLOSE" (shows "nil") -- not pressing
12:15:33   on page 'other': C=FIRE  U=SRCH PILOT LOS  R=NO MSL  D=TRACKING  FU=HOLD FIRE  FR=TGT PILOT  FD=SRCH 9K113 LOS  FL=CM MENU
12:15:33     !! L does not offer "CLOSE" (shows "nil") -- not pressing
12:15:33   on page 'other': C=FIRE  U=SRCH PILOT LOS  R=NO MSL  D=TRACKING  FU=HOLD FIRE  FR=TGT PILOT  FD=SRCH 9K113 LOS  FL=CM MENU
12:15:33     !! L does not offer "CLOSE" (shows "nil") -- not pressing
12:15:33   on page 'other': C=FIRE  U=SRCH PILOT LOS  R=NO MSL  D=TRACKING  FU=HOLD FIRE  FR=TGT PILOT  FD=SRCH 9K113 LOS  FL=CM MENU
12:15:33     !! L does not offer "CLOSE" (shows "nil") -- not pressing
12:15:33   on page 'other': C=FIRE  U=SRCH PILOT LOS  R=NO MSL  D=TRACKING  FU=HOLD FIRE  FR=TGT PILOT  FD=SRCH 9K113 LOS  FL=CM MENU
12:15:33     !! L does not offer "CLOSE" (shows "nil") -- not pressing
12:15:33   on page 'other': C=FIRE  U=SRCH PILOT LOS  R=NO MSL  D=TRACKING  FU=HOLD FIRE  FR=TGT PILOT  FD=SRCH 9K113 LOS  FL=CM MENU
12:15:33     !! L does not offer "CLOSE" (shows "nil") -- not pressing
12:15:33   on page 'other': C=FIRE  U=SRCH PILOT LOS  R=NO MSL  D=TRACKING  FU=HOLD FIRE  FR=TGT PILOT  FD=SRCH 9K113 LOS  FL=CM MENU
12:15:33     !! L does not offer "CLOSE" (shows "nil") -- not pressing
12:15:33   on page 'other': C=FIRE  U=SRCH PILOT LOS  R=NO MSL  D=TRACKING  FU=HOLD FIRE  FR=TGT PILOT  FD=SRCH 9K113 LOS  FL=CM MENU
12:15:33     !! L does not offer "CLOSE" (shows "nil") -- not pressing
12:15:33   on page 'other': C=FIRE  U=SRCH PILOT LOS  R=NO MSL  D=TRACKING  FU=HOLD FIRE  FR=TGT PILOT  FD=SRCH 9K113 LOS  FL=CM MENU
12:15:33     !! L does not offer "CLOSE" (shows "nil") -- not pressing
12:15:33   on page 'other': C=FIRE  U=SRCH PILOT LOS  R=NO MSL  D=TRACKING  FU=HOLD FIRE  FR=TGT PILOT  FD=SRCH 9K113 LOS  FL=CM MENU
12:15:33     !! L does not offer "CLOSE" (shows "nil") -- not pressing
12:15:33   on page 'other': C=FIRE  U=SRCH PILOT LOS  R=NO MSL  D=TRACKING  FU=HOLD FIRE  FR=TGT PILOT  FD=SRCH 9K113 LOS  FL=CM MENU
12:15:33     !! L does not offer "CLOSE" (shows "nil") -- not pressing
12:15:33   on page 'other': C=FIRE  U=SRCH PILOT LOS  R=NO MSL  D=TRACKING  FU=HOLD FIRE  FR=TGT PILOT  FD=SRCH 9K113 LOS  FL=CM MENU
12:15:33     !! L does not offer "CLOSE" (shows "nil") -- not pressing
12:15:33   on page 'other': C=FIRE  U=SRCH PILOT LOS  R=NO MSL  D=TRACKING  FU=HOLD FIRE  FR=TGT PILOT  FD=SRCH 9K113 LOS  FL=CM MENU
12:15:33     !! L does not offer "CLOSE" (shows "nil") -- not pressing
12:15:33   on page 'other': C=FIRE  U=SRCH PILOT LOS  R=NO MSL  D=TRACKING  FU=HOLD FIRE  FR=TGT PILOT  FD=SRCH 9K113 LOS  FL=CM MENU
12:15:33     !! L does not offer "CLOSE" (shows "nil") -- not pressing
12:15:33   on page 'other': C=FIRE  U=SRCH PILOT LOS  R=NO MSL  D=TRACKING  FU=HOLD FIRE  FR=TGT PILOT  FD=SRCH 9K113 LOS  FL=CM MENU
12:15:33     !! L does not offer "CLOSE" (shows "nil") -- not pressing
12:15:33   on page 'other': C=FIRE  U=SRCH PILOT LOS  R=NO MSL  D=TRACKING  FU=HOLD FIRE  FR=TGT PILOT  FD=SRCH 9K113 LOS  FL=CM MENU
12:15:33     !! L does not offer "CLOSE" (shows "nil") -- not pressing
12:15:33   on page 'other': C=FIRE  U=SRCH PILOT LOS  R=NO MSL  D=TRACKING  FU=HOLD FIRE  FR=TGT PILOT  FD=SRCH 9K113 LOS  FL=CM MENU
12:15:33     !! L does not offer "CLOSE" (shows "nil") -- not pressing
12:15:33   on page 'other': C=FIRE  U=SRCH PILOT LOS  R=NO MSL  D=TRACKING  FU=HOLD FIRE  FR=TGT PILOT  FD=SRCH 9K113 LOS  FL=CM MENU
12:15:33     !! L does not offer "CLOSE" (shows "nil") -- not pressing
12:15:33   on page 'other': C=FIRE  U=SRCH PILOT LOS  R=NO MSL  D=TRACKING  FU=HOLD FIRE  FR=TGT PILOT  FD=SRCH 9K113 LOS  FL=CM MENU
12:15:33     !! L does not offer "CLOSE" (shows "nil") -- not pressing
12:15:33   on page 'other': C=FIRE  U=SRCH PILOT LOS  R=NO MSL  D=TRACKING  FU=HOLD FIRE  FR=TGT PILOT  FD=SRCH 9K113 LOS  FL=CM MENU
12:15:33     !! L does not offer "CLOSE" (shows "nil") -- not pressing
12:15:33   on page 'other': C=FIRE  U=SRCH PILOT LOS  R=NO MSL  D=TRACKING  FU=HOLD FIRE  FR=TGT PILOT  FD=SRCH 9K113 LOS  FL=CM MENU
12:15:33     !! L does not offer "CLOSE" (shows "nil") -- not pressing
12:15:33   on page 'other': C=FIRE  U=SRCH PILOT LOS  R=NO MSL  D=TRACKING  FU=HOLD FIRE  FR=TGT PILOT  FD=SRCH 9K113 LOS  FL=CM MENU
12:15:33     !! L does not offer "CLOSE" (shows "nil") -- not pressing
12:15:33   on page 'other': C=FIRE  U=SRCH PILOT LOS  R=NO MSL  D=TRACKING  FU=HOLD FIRE  FR=TGT PILOT  FD=SRCH 9K113 LOS  FL=CM MENU
12:15:33     !! L does not offer "CLOSE" (shows "nil") -- not pressing
12:15:33   on page 'other': C=FIRE  U=SRCH PILOT LOS  R=NO MSL  D=TRACKING  FU=HOLD FIRE  FR=TGT PILOT  FD=SRCH 9K113 LOS  FL=CM MENU
12:15:33     !! L does not offer "CLOSE" (shows "nil") -- not pressing
12:15:33   on page 'other': C=FIRE  U=SRCH PILOT LOS  R=NO MSL  D=TRACKING  FU=HOLD FIRE  FR=TGT PILOT  FD=SRCH 9K113 LOS  FL=CM MENU
12:15:33     !! L does not offer "CLOSE" (shows "nil") -- not pressing
12:15:33   on page 'other': C=FIRE  U=SRCH PILOT LOS  R=NO MSL  D=TRACKING  FU=HOLD FIRE  FR=TGT PILOT  FD=SRCH 9K113 LOS  FL=CM MENU
12:15:33     !! L does not offer "CLOSE" (shows "nil") -- not pressing
12:15:33   on page 'other': C=FIRE  U=SRCH PILOT LOS  R=NO MSL  D=TRACKING  FU=HOLD FIRE  FR=TGT PILOT  FD=SRCH 9K113 LOS  FL=CM MENU
12:15:33     !! L does not offer "CLOSE" (shows "nil") -- not pressing
12:15:33   on page 'other': C=FIRE  U=SRCH PILOT LOS  R=NO MSL  D=TRACKING  FU=HOLD FIRE  FR=TGT PILOT  FD=SRCH 9K113 LOS  FL=CM MENU
12:15:33     !! L does not offer "CLOSE" (shows "nil") -- not pressing
12:15:33   on page 'other': C=FIRE  U=SRCH PILOT LOS  R=NO MSL  D=TRACKING  FU=HOLD FIRE  FR=TGT PILOT  FD=SRCH 9K113 LOS  FL=CM MENU
12:15:33     !! L does not offer "CLOSE" (shows "nil") -- not pressing
12:15:33   on page 'other': C=FIRE  U=SRCH PILOT LOS  R=NO MSL  D=TRACKING  FU=HOLD FIRE  FR=TGT PILOT  FD=SRCH 9K113 LOS  FL=CM MENU
12:15:33     !! L does not offer "CLOSE" (shows "nil") -- not pressing
12:15:33   on page 'other': C=FIRE  U=SRCH PILOT LOS  R=NO MSL  D=TRACKING  FU=HOLD FIRE  FR=TGT PILOT  FD=SRCH 9K113 LOS  FL=CM MENU
12:15:33     !! L does not offer "CLOSE" (shows "nil") -- not pressing
12:15:33   on page 'other': C=FIRE  U=SRCH PILOT LOS  R=NO MSL  D=TRACKING  FU=HOLD FIRE  FR=TGT PILOT  FD=SRCH 9K113 LOS  FL=CM MENU
12:15:33     !! L does not offer "CLOSE" (shows "nil") -- not pressing
12:15:33   on page 'other': C=FIRE  U=SRCH PILOT LOS  R=NO MSL  D=TRACKING  FU=HOLD FIRE  FR=TGT PILOT  FD=SRCH 9K113 LOS  FL=CM MENU
12:15:33     !! L does not offer "CLOSE" (shows "nil") -- not pressing
12:15:33   on page 'other': C=FIRE  U=SRCH PILOT LOS  R=NO MSL  D=TRACKING  FU=HOLD FIRE  FR=TGT PILOT  FD=SRCH 9K113 LOS  FL=CM MENU
12:15:33     !! L does not offer "CLOSE" (shows "nil") -- not pressing
12:15:34   on page 'other': C=FIRE  U=SRCH PILOT LOS  R=NO MSL  D=TRACKING  FU=HOLD FIRE  FR=TGT PILOT  FD=SRCH 9K113 LOS  FL=CM MENU
12:15:34     !! L does not offer "CLOSE" (shows "nil") -- not pressing
12:15:34   on page 'other': C=FIRE  U=SRCH PILOT LOS  R=NO MSL  D=TRACKING  FU=HOLD FIRE  FR=TGT PILOT  FD=SRCH 9K113 LOS  FL=CM MENU
12:15:34     !! L does not offer "CLOSE" (shows "nil") -- not pressing
12:15:34   on page 'other': C=FIRE  U=SRCH PILOT LOS  R=NO MSL  D=TRACKING  FU=HOLD FIRE  FR=TGT PILOT  FD=SRCH 9K113 LOS  FL=CM MENU
12:15:34     !! L does not offer "CLOSE" (shows "nil") -- not pressing
12:15:34   on page 'other': C=FIRE  U=SRCH PILOT LOS  R=NO MSL  D=TRACKING  FU=HOLD FIRE  FR=TGT PILOT  FD=SRCH 9K113 LOS  FL=CM MENU
12:15:34     !! L does not offer "CLOSE" (shows "nil") -- not pressing
12:15:34   on page 'other': C=FIRE  U=SRCH PILOT LOS  R=NO MSL  D=TRACKING  FU=HOLD FIRE  FR=TGT PILOT  FD=SRCH 9K113 LOS  FL=CM MENU
12:15:34     !! L does not offer "CLOSE" (shows "nil") -- not pressing
12:15:34   on page 'other': C=FIRE  U=SRCH PILOT LOS  R=NO MSL  D=TRACKING  FU=HOLD FIRE  FR=TGT PILOT  FD=SRCH 9K113 LOS  FL=CM MENU
12:15:34     !! L does not offer "CLOSE" (shows "nil") -- not pressing
12:15:34   on page 'other': C=FIRE  U=SRCH PILOT LOS  R=NO MSL  D=TRACKING  FU=HOLD FIRE  FR=TGT PILOT  FD=SRCH 9K113 LOS  FL=CM MENU
12:15:34     !! L does not offer "CLOSE" (shows "nil") -- not pressing
12:15:34   on page 'other': C=FIRE  U=SRCH PILOT LOS  R=NO MSL  D=TRACKING  FU=HOLD FIRE  FR=TGT PILOT  FD=SRCH 9K113 LOS  FL=CM MENU
12:15:34     !! L does not offer "CLOSE" (shows "nil") -- not pressing
12:15:34   on page 'other': C=FIRE  U=SRCH PILOT LOS  R=NO MSL  D=TRACKING  FU=HOLD FIRE  FR=TGT PILOT  FD=SRCH 9K113 LOS  FL=CM MENU
12:15:34     !! L does not offer "CLOSE" (shows "nil") -- not pressing
12:15:34   on page 'other': C=FIRE  U=SRCH PILOT LOS  R=NO MSL  D=TRACKING  FU=HOLD FIRE  FR=TGT PILOT  FD=SRCH 9K113 LOS  FL=CM MENU
12:15:34     !! L does not offer "CLOSE" (shows "nil") -- not pressing
12:15:34   on page 'other': C=FIRE  U=SRCH PILOT LOS  R=NO MSL  D=TRACKING  FU=HOLD FIRE  FR=TGT PILOT  FD=SRCH 9K113 LOS  FL=CM MENU
12:15:34     !! L does not offer "CLOSE" (shows "nil") -- not pressing
12:15:34   on page 'other': C=FIRE  U=SRCH PILOT LOS  R=NO MSL  D=TRACKING  FU=HOLD FIRE  FR=TGT PILOT  FD=SRCH 9K113 LOS  FL=CM MENU
12:15:34     !! L does not offer "CLOSE" (shows "nil") -- not pressing
12:15:34   on page 'other': C=FIRE  U=SRCH PILOT LOS  R=NO MSL  D=TRACKING  FU=HOLD FIRE  FR=TGT PILOT  FD=SRCH 9K113 LOS  FL=CM MENU
12:15:34     !! L does not offer "CLOSE" (shows "nil") -- not pressing
12:15:34   on page 'other': C=FIRE  U=SRCH PILOT LOS  R=NO MSL  D=TRACKING  FU=HOLD FIRE  FR=TGT PILOT  FD=SRCH 9K113 LOS  FL=CM MENU
12:15:34     !! L does not offer "CLOSE" (shows "nil") -- not pressing
12:15:34   on page 'other': C=FIRE  U=SRCH PILOT LOS  R=NO MSL  D=TRACKING  FU=HOLD FIRE  FR=TGT PILOT  FD=SRCH 9K113 LOS  FL=CM MENU
12:15:34     !! L does not offer "CLOSE" (shows "nil") -- not pressing
12:15:34   on page 'other': C=FIRE  U=SRCH PILOT LOS  R=NO MSL  D=TRACKING  FU=HOLD FIRE  FR=TGT PILOT  FD=SRCH 9K113 LOS  FL=CM MENU
12:15:34     !! L does not offer "CLOSE" (shows "nil") -- not pressing
12:15:34   on page 'other': C=FIRE  U=SRCH PILOT LOS  R=NO MSL  D=TRACKING  FU=HOLD FIRE  FR=TGT PILOT  FD=SRCH 9K113 LOS  FL=CM MENU
12:15:34     !! L does not offer "CLOSE" (shows "nil") -- not pressing
12:15:34   on page 'other': C=FIRE  U=SRCH PILOT LOS  R=NO MSL  D=TRACKING  FU=HOLD FIRE  FR=TGT PILOT  FD=SRCH 9K113 LOS  FL=CM MENU
12:15:34     !! L does not offer "CLOSE" (shows "nil") -- not pressing
12:15:34   on page 'other': C=FIRE  U=SRCH PILOT LOS  R=NO MSL  D=TRACKING  FU=HOLD FIRE  FR=TGT PILOT  FD=SRCH 9K113 LOS  FL=CM MENU
12:15:34     !! L does not offer "CLOSE" (shows "nil") -- not pressing
12:15:34   on page 'other': C=FIRE  U=SRCH PILOT LOS  R=NO MSL  D=TRACKING  FU=HOLD FIRE  FR=TGT PILOT  FD=SRCH 9K113 LOS  FL=CM MENU
12:15:34     !! L does not offer "CLOSE" (shows "nil") -- not pressing
12:15:34   on page 'other': C=FIRE  U=SRCH PILOT LOS  R=NO MSL  D=TRACKING  FU=HOLD FIRE  FR=TGT PILOT  FD=SRCH 9K113 LOS  FL=CM MENU
12:15:34     !! L does not offer "CLOSE" (shows "nil") -- not pressing
12:15:34   on page 'other': C=FIRE  U=SRCH PILOT LOS  R=NO MSL  D=TRACKING  FU=HOLD FIRE  FR=TGT PILOT  FD=SRCH 9K113 LOS  FL=CM MENU
12:15:34     !! L does not offer "CLOSE" (shows "nil") -- not pressing
12:15:34   on page 'other': C=FIRE  U=SRCH PILOT LOS  R=NO MSL  D=TRACKING  FU=HOLD FIRE  FR=TGT PILOT  FD=SRCH 9K113 LOS  FL=CM MENU
12:15:34     !! L does not offer "CLOSE" (shows "nil") -- not pressing
12:15:34   on page 'other': C=FIRE  U=SRCH PILOT LOS  R=NO MSL  D=TRACKING  FU=HOLD FIRE  FR=TGT PILOT  FD=SRCH 9K113 LOS  FL=CM MENU
12:15:34     !! L does not offer "CLOSE" (shows "nil") -- not pressing
12:15:34   on page 'other': C=FIRE  U=SRCH PILOT LOS  R=NO MSL  D=TRACKING  FU=HOLD FIRE  FR=TGT PILOT  FD=SRCH 9K113 LOS  FL=CM MENU
12:15:34     !! L does not offer "CLOSE" (shows "nil") -- not pressing
12:15:34   on page 'other': C=FIRE  U=SRCH PILOT LOS  R=NO MSL  D=TRACKING  FU=HOLD FIRE  FR=TGT PILOT  FD=SRCH 9K113 LOS  FL=CM MENU
12:15:34     !! L does not offer "CLOSE" (shows "nil") -- not pressing
12:15:34   on page 'other': C=FIRE  U=SRCH PILOT LOS  R=NO MSL  D=TRACKING  FU=HOLD FIRE  FR=TGT PILOT  FD=SRCH 9K113 LOS  FL=CM MENU
12:15:34     !! L does not offer "CLOSE" (shows "nil") -- not pressing
12:15:34   on page 'other': C=FIRE  U=SRCH PILOT LOS  R=NO MSL  D=TRACKING  FU=HOLD FIRE  FR=TGT PILOT  FD=SRCH 9K113 LOS  FL=CM MENU
12:15:34     !! L does not offer "CLOSE" (shows "nil") -- not pressing
12:15:34   on page 'other': C=FIRE  U=SRCH PILOT LOS  R=NO MSL  D=TRACKING  FU=HOLD FIRE  FR=TGT PILOT  FD=SRCH 9K113 LOS  FL=CM MENU
12:15:34     !! L does not offer "CLOSE" (shows "nil") -- not pressing
12:15:34   on page 'other': C=FIRE  U=SRCH PILOT LOS  R=NO MSL  D=TRACKING  FU=HOLD FIRE  FR=TGT PILOT  FD=SRCH 9K113 LOS  FL=CM MENU
12:15:34     !! L does not offer "CLOSE" (shows "nil") -- not pressing
12:15:34   on page 'other': C=FIRE  U=SRCH PILOT LOS  R=NO MSL  D=TRACKING  FU=HOLD FIRE  FR=TGT PILOT  FD=SRCH 9K113 LOS  FL=CM MENU
12:15:34     !! L does not offer "CLOSE" (shows "nil") -- not pressing
12:15:34   on page 'other': C=FIRE  U=SRCH PILOT LOS  R=NO MSL  D=TRACKING  FU=HOLD FIRE  FR=TGT PILOT  FD=SRCH 9K113 LOS  FL=CM MENU
12:15:34     !! L does not offer "CLOSE" (shows "nil") -- not pressing
12:15:34   on page 'other': C=FIRE  U=SRCH PILOT LOS  R=NO MSL  D=TRACKING  FU=HOLD FIRE  FR=TGT PILOT  FD=SRCH 9K113 LOS  FL=CM MENU
12:15:34     !! L does not offer "CLOSE" (shows "nil") -- not pressing
12:15:34   on page 'other': C=FIRE  U=SRCH PILOT LOS  R=NO MSL  D=TRACKING  FU=HOLD FIRE  FR=TGT PILOT  FD=SRCH 9K113 LOS  FL=CM MENU
12:15:34     !! L does not offer "CLOSE" (shows "nil") -- not pressing
12:15:34   on page 'other': C=FIRE  U=SRCH PILOT LOS  R=NO MSL  D=TRACKING  FU=HOLD FIRE  FR=TGT PILOT  FD=SRCH 9K113 LOS  FL=CM MENU
12:15:34     !! L does not offer "CLOSE" (shows "nil") -- not pressing
12:15:34   on page 'other': C=FIRE  U=SRCH PILOT LOS  R=NO MSL  D=TRACKING  FU=HOLD FIRE  FR=TGT PILOT  FD=SRCH 9K113 LOS  FL=CM MENU
12:15:34     !! L does not offer "CLOSE" (shows "nil") -- not pressing
12:15:34   on page 'other': C=FIRE  U=SRCH PILOT LOS  R=NO MSL  D=TRACKING  FU=HOLD FIRE  FR=TGT PILOT  FD=SRCH 9K113 LOS  FL=CM MENU
12:15:34     !! L does not offer "CLOSE" (shows "nil") -- not pressing
12:15:34   on page 'other': C=FIRE  U=SRCH PILOT LOS  R=NO MSL  D=TRACKING  FU=HOLD FIRE  FR=TGT PILOT  FD=SRCH 9K113 LOS  FL=CM MENU
12:15:34     !! L does not offer "CLOSE" (shows "nil") -- not pressing
12:15:34   on page 'other': C=FIRE  U=SRCH PILOT LOS  R=NO MSL  D=TRACKING  FU=HOLD FIRE  FR=TGT PILOT  FD=SRCH 9K113 LOS  FL=CM MENU
12:15:34     !! L does not offer "CLOSE" (shows "nil") -- not pressing
12:15:34   on page 'other': C=FIRE  U=SRCH PILOT LOS  R=NO MSL  D=TRACKING  FU=HOLD FIRE  FR=TGT PILOT  FD=SRCH 9K113 LOS  FL=CM MENU
12:15:34     !! L does not offer "CLOSE" (shows "nil") -- not pressing
12:15:34   on page 'other': C=FIRE  U=SRCH PILOT LOS  R=NO MSL  D=TRACKING  FU=HOLD FIRE  FR=TGT PILOT  FD=SRCH 9K113 LOS  FL=CM MENU
12:15:34     !! L does not offer "CLOSE" (shows "nil") -- not pressing
12:15:34   on page 'other': C=FIRE  U=SRCH PILOT LOS  R=NO MSL  D=TRACKING  FU=HOLD FIRE  FR=TGT PILOT  FD=SRCH 9K113 LOS  FL=CM MENU
12:15:34     !! L does not offer "CLOSE" (shows "nil") -- not pressing
12:15:34   on page 'other': C=FIRE  U=SRCH PILOT LOS  R=NO MSL  D=TRACKING  FU=HOLD FIRE  FR=TGT PILOT  FD=SRCH 9K113 LOS  FL=CM MENU
12:15:34     !! L does not offer "CLOSE" (shows "nil") -- not pressing
12:15:34   on page 'other': C=FIRE  U=SRCH PILOT LOS  R=NO MSL  D=TRACKING  FU=HOLD FIRE  FR=TGT PILOT  FD=SRCH 9K113 LOS  FL=CM MENU
12:15:34     !! L does not offer "CLOSE" (shows "nil") -- not pressing
12:15:34   on page 'other': C=FIRE  U=SRCH PILOT LOS  R=NO MSL  D=TRACKING  FU=HOLD FIRE  FR=TGT PILOT  FD=SRCH 9K113 LOS  FL=CM MENU
12:15:34     !! L does not offer "CLOSE" (shows "nil") -- not pressing
12:15:34   on page 'other': C=FIRE  U=SRCH PILOT LOS  R=NO MSL  D=TRACKING  FU=HOLD FIRE  FR=TGT PILOT  FD=SRCH 9K113 LOS  FL=CM MENU
12:15:34     !! L does not offer "CLOSE" (shows "nil") -- not pressing
12:15:34   on page 'other': C=FIRE  U=SRCH PILOT LOS  R=NO MSL  D=TRACKING  FU=HOLD FIRE  FR=TGT PILOT  FD=SRCH 9K113 LOS  FL=CM MENU
12:15:34     !! L does not offer "CLOSE" (shows "nil") -- not pressing
12:15:34   on page 'other': C=FIRE  U=SRCH PILOT LOS  R=NO MSL  D=TRACKING  FU=HOLD FIRE  FR=TGT PILOT  FD=SRCH 9K113 LOS  FL=CM MENU
12:15:34     !! L does not offer "CLOSE" (shows "nil") -- not pressing
12:15:34   on page 'other': C=FIRE  U=SRCH PILOT LOS  R=NO MSL  D=TRACKING  FU=HOLD FIRE  FR=TGT PILOT  FD=SRCH 9K113 LOS  FL=CM MENU
12:15:34     !! L does not offer "CLOSE" (shows "nil") -- not pressing
12:15:34   on page 'other': C=FIRE  U=SRCH PILOT LOS  R=NO MSL  D=TRACKING  FU=HOLD FIRE  FR=TGT PILOT  FD=SRCH 9K113 LOS  FL=CM MENU
12:15:34     !! L does not offer "CLOSE" (shows "nil") -- not pressing
12:15:34   on page 'other': C=FIRE  U=SRCH PILOT LOS  R=NO MSL  D=TRACKING  FU=HOLD FIRE  FR=TGT PILOT  FD=SRCH 9K113 LOS  FL=CM MENU
12:15:34     !! L does not offer "CLOSE" (shows "nil") -- not pressing
12:15:34   on page 'other': C=FIRE  U=SRCH PILOT LOS  R=NO MSL  D=TRACKING  FU=HOLD FIRE  FR=TGT PILOT  FD=SRCH 9K113 LOS  FL=CM MENU
12:15:34     !! L does not offer "CLOSE" (shows "nil") -- not pressing
12:15:34   on page 'other': C=FIRE  U=SRCH PILOT LOS  R=NO MSL  D=TRACKING  FU=HOLD FIRE  FR=TGT PILOT  FD=SRCH 9K113 LOS  FL=CM MENU
12:15:34     !! L does not offer "CLOSE" (shows "nil") -- not pressing
12:15:34   on page 'other': C=FIRE  U=SRCH PILOT LOS  R=NO MSL  D=TRACKING  FU=HOLD FIRE  FR=TGT PILOT  FD=SRCH 9K113 LOS  FL=CM MENU
12:15:34     !! L does not offer "CLOSE" (shows "nil") -- not pressing
12:15:34   on page 'other': C=FIRE  U=SRCH PILOT LOS  R=NO MSL  D=TRACKING  FU=HOLD FIRE  FR=TGT PILOT  FD=SRCH 9K113 LOS  FL=CM MENU
12:15:34     !! L does not offer "CLOSE" (shows "nil") -- not pressing
12:15:34   on page 'other': C=FIRE  U=SRCH PILOT LOS  R=NO MSL  D=TRACKING  FU=HOLD FIRE  FR=TGT PILOT  FD=SRCH 9K113 LOS  FL=CM MENU
12:15:34     !! L does not offer "CLOSE" (shows "nil") -- not pressing
12:15:34   on page 'other': C=FIRE  U=SRCH PILOT LOS  R=NO MSL  D=TRACKING  FU=HOLD FIRE  FR=TGT PILOT  FD=SRCH 9K113 LOS  FL=CM MENU
12:15:34     !! L does not offer "CLOSE" (shows "nil") -- not pressing
12:15:34   on page 'other': C=FIRE  U=SRCH PILOT LOS  R=NO MSL  D=TRACKING  FU=HOLD FIRE  FR=TGT PILOT  FD=SRCH 9K113 LOS  FL=CM MENU
12:15:34     !! L does not offer "CLOSE" (shows "nil") -- not pressing
12:15:34   on page 'other': C=FIRE  U=SRCH PILOT LOS  R=NO MSL  D=TRACKING  FU=HOLD FIRE  FR=TGT PILOT  FD=SRCH 9K113 LOS  FL=CM MENU
12:15:34     !! L does not offer "CLOSE" (shows "nil") -- not pressing
12:15:34   on page 'other': C=FIRE  U=SRCH PILOT LOS  R=NO MSL  D=TRACKING  FU=HOLD FIRE  FR=TGT PILOT  FD=SRCH 9K113 LOS  FL=CM MENU
12:15:34     !! L does not offer "CLOSE" (shows "nil") -- not pressing
12:15:34   on page 'other': C=FIRE  U=SRCH PILOT LOS  R=NO MSL  D=TRACKING  FU=HOLD FIRE  FR=TGT PILOT  FD=SRCH 9K113 LOS  FL=CM MENU
12:15:34     !! L does not offer "CLOSE" (shows "nil") -- not pressing
12:15:34   on page 'other': C=FIRE  U=SRCH PILOT LOS  R=NO MSL  D=TRACKING  FU=HOLD FIRE  FR=TGT PILOT  FD=SRCH 9K113 LOS  FL=CM MENU
12:15:34     !! L does not offer "CLOSE" (shows "nil") -- not pressing
12:15:34   on page 'other': C=FIRE  U=SRCH PILOT LOS  R=NO MSL  D=TRACKING  FU=HOLD FIRE  FR=TGT PILOT  FD=SRCH 9K113 LOS  FL=CM MENU
12:15:34     !! L does not offer "CLOSE" (shows "nil") -- not pressing
12:15:34   on page 'other': C=FIRE  U=SRCH PILOT LOS  R=NO MSL  D=TRACKING  FU=HOLD FIRE  FR=TGT PILOT  FD=SRCH 9K113 LOS  FL=CM MENU
12:15:34     !! L does not offer "CLOSE" (shows "nil") -- not pressing
12:15:34   on page 'other': C=FIRE  U=SRCH PILOT LOS  R=NO MSL  D=TRACKING  FU=HOLD FIRE  FR=TGT PILOT  FD=SRCH 9K113 LOS  FL=CM MENU
12:15:34     !! L does not offer "CLOSE" (shows "nil") -- not pressing
12:15:34   on page 'other': C=FIRE  U=SRCH PILOT LOS  R=NO MSL  D=TRACKING  FU=HOLD FIRE  FR=TGT PILOT  FD=SRCH 9K113 LOS  FL=CM MENU
12:15:34     !! L does not offer "CLOSE" (shows "nil") -- not pressing
12:15:34   on page 'other': C=FIRE  U=SRCH PILOT LOS  R=NO MSL  D=TRACKING  FU=HOLD FIRE  FR=TGT PILOT  FD=SRCH 9K113 LOS  FL=CM MENU
12:15:34     !! L does not offer "CLOSE" (shows "nil") -- not pressing
12:15:34   on page 'other': C=FIRE  U=SRCH PILOT LOS  R=NO MSL  D=TRACKING  FU=HOLD FIRE  FR=TGT PILOT  FD=SRCH 9K113 LOS  FL=CM MENU
12:15:34     !! L does not offer "CLOSE" (shows "nil") -- not pressing
12:15:34   on page 'other': C=FIRE  U=SRCH PILOT LOS  R=NO MSL  D=TRACKING  FU=HOLD FIRE  FR=TGT PILOT  FD=SRCH 9K113 LOS  FL=CM MENU
12:15:34     !! L does not offer "CLOSE" (shows "nil") -- not pressing
12:15:34   on page 'other': C=FIRE  U=SRCH PILOT LOS  R=NO MSL  D=TRACKING  FU=HOLD FIRE  FR=TGT PILOT  FD=SRCH 9K113 LOS  FL=CM MENU
12:15:34     !! L does not offer "CLOSE" (shows "nil") -- not pressing
12:15:34   on page 'other': C=FIRE  U=SRCH PILOT LOS  R=NO MSL  D=TRACKING  FU=HOLD FIRE  FR=TGT PILOT  FD=SRCH 9K113 LOS  FL=CM MENU
12:15:34     !! L does not offer "CLOSE" (shows "nil") -- not pressing
12:15:34   on page 'other': C=FIRE  U=SRCH PILOT LOS  R=NO MSL  D=TRACKING  FU=HOLD FIRE  FR=TGT PILOT  FD=SRCH 9K113 LOS  FL=CM MENU
12:15:34     !! L does not offer "CLOSE" (shows "nil") -- not pressing
12:15:34   on page 'other': C=FIRE  U=SRCH PILOT LOS  R=NO MSL  D=TRACKING  FU=HOLD FIRE  FR=TGT PILOT  FD=SRCH 9K113 LOS  FL=CM MENU
12:15:34     !! L does not offer "CLOSE" (shows "nil") -- not pressing
12:15:34   on page 'other': C=FIRE  U=SRCH PILOT LOS  R=NO MSL  D=TRACKING  FU=HOLD FIRE  FR=TGT PILOT  FD=SRCH 9K113 LOS  FL=CM MENU
12:15:34     !! L does not offer "CLOSE" (shows "nil") -- not pressing
12:15:34   on page 'other': C=FIRE  U=SRCH PILOT LOS  R=NO MSL  D=TRACKING  FU=HOLD FIRE  FR=TGT PILOT  FD=SRCH 9K113 LOS  FL=CM MENU
12:15:34     !! L does not offer "CLOSE" (shows "nil") -- not pressing
12:15:34   on page 'other': C=FIRE  U=SRCH PILOT LOS  R=NO MSL  D=TRACKING  FU=HOLD FIRE  FR=TGT PILOT  FD=SRCH 9K113 LOS  FL=CM MENU
12:15:34     !! L does not offer "CLOSE" (shows "nil") -- not pressing
12:15:34   on page 'other': C=FIRE  U=SRCH PILOT LOS  R=NO MSL  D=TRACKING  FU=HOLD FIRE  FR=TGT PILOT  FD=SRCH 9K113 LOS  FL=CM MENU
12:15:34     !! L does not offer "CLOSE" (shows "nil") -- not pressing
12:15:34   on page 'other': C=FIRE  U=SRCH PILOT LOS  R=NO MSL  D=TRACKING  FU=HOLD FIRE  FR=TGT PILOT  FD=SRCH 9K113 LOS  FL=CM MENU
12:15:34     !! L does not offer "CLOSE" (shows "nil") -- not pressing
12:15:34   on page 'other': C=FIRE  U=SRCH PILOT LOS  R=NO MSL  D=TRACKING  FU=HOLD FIRE  FR=TGT PILOT  FD=SRCH 9K113 LOS  FL=CM MENU
12:15:34     !! L does not offer "CLOSE" (shows "nil") -- not pressing
12:15:34   on page 'other': C=FIRE  U=SRCH PILOT LOS  R=NO MSL  D=TRACKING  FU=HOLD FIRE  FR=TGT PILOT  FD=SRCH 9K113 LOS  FL=CM MENU
12:15:34     !! L does not offer "CLOSE" (shows "nil") -- not pressing
12:15:35   on page 'other': C=FIRE  U=SRCH PILOT LOS  R=NO MSL  D=TRACKING  FU=HOLD FIRE  FR=TGT PILOT  FD=SRCH 9K113 LOS  FL=CM MENU
12:15:35     !! L does not offer "CLOSE" (shows "nil") -- not pressing
12:15:35   on page 'other': C=FIRE  U=SRCH PILOT LOS  R=NO MSL  D=TRACKING  FU=HOLD FIRE  FR=TGT PILOT  FD=SRCH 9K113 LOS  FL=CM MENU
12:15:35     !! L does not offer "CLOSE" (shows "nil") -- not pressing
12:15:35   on page 'other': C=FIRE  U=SRCH PILOT LOS  R=NO MSL  D=TRACKING  FU=HOLD FIRE  FR=TGT PILOT  FD=SRCH 9K113 LOS  FL=CM MENU
12:15:35     !! L does not offer "CLOSE" (shows "nil") -- not pressing
12:15:35   on page 'other': C=FIRE  U=SRCH PILOT LOS  R=NO MSL  D=TRACKING  FU=HOLD FIRE  FR=TGT PILOT  FD=SRCH 9K113 LOS  FL=CM MENU
12:15:35     !! L does not offer "CLOSE" (shows "nil") -- not pressing
12:15:35   on page 'other': C=FIRE  U=SRCH PILOT LOS  R=NO MSL  D=TRACKING  FU=HOLD FIRE  FR=TGT PILOT  FD=SRCH 9K113 LOS  FL=CM MENU
12:15:35     !! L does not offer "CLOSE" (shows "nil") -- not pressing
12:15:35   on page 'other': C=FIRE  U=SRCH PILOT LOS  R=NO MSL  D=TRACKING  FU=HOLD FIRE  FR=TGT PILOT  FD=SRCH 9K113 LOS  FL=CM MENU
12:15:35     !! L does not offer "CLOSE" (shows "nil") -- not pressing
12:15:35   on page 'other': C=FIRE  U=SRCH PILOT LOS  R=NO MSL  D=TRACKING  FU=HOLD FIRE  FR=TGT PILOT  FD=SRCH 9K113 LOS  FL=CM MENU
12:15:35     !! L does not offer "CLOSE" (shows "nil") -- not pressing
12:15:35   on page 'other': C=FIRE  U=SRCH PILOT LOS  R=NO MSL  D=TRACKING  FU=HOLD FIRE  FR=TGT PILOT  FD=SRCH 9K113 LOS  FL=CM MENU
12:15:35     !! L does not offer "CLOSE" (shows "nil") -- not pressing
12:15:35   on page 'other': C=FIRE  U=SRCH PILOT LOS  R=NO MSL  D=TRACKING  FU=HOLD FIRE  FR=TGT PILOT  FD=SRCH 9K113 LOS  FL=CM MENU
12:15:35     !! L does not offer "CLOSE" (shows "nil") -- not pressing
12:15:35   on page 'other': C=FIRE  U=SRCH PILOT LOS  R=NO MSL  D=TRACKING  FU=HOLD FIRE  FR=TGT PILOT  FD=SRCH 9K113 LOS  FL=CM MENU
12:15:35     !! L does not offer "CLOSE" (shows "nil") -- not pressing
12:15:35   on page 'other': C=FIRE  U=SRCH PILOT LOS  R=NO MSL  D=TRACKING  FU=HOLD FIRE  FR=TGT PILOT  FD=SRCH 9K113 LOS  FL=CM MENU
12:15:35     !! L does not offer "CLOSE" (shows "nil") -- not pressing
12:15:35   on page 'other': C=FIRE  U=SRCH PILOT LOS  R=NO MSL  D=TRACKING  FU=HOLD FIRE  FR=TGT PILOT  FD=SRCH 9K113 LOS  FL=CM MENU
12:15:35     !! L does not offer "CLOSE" (shows "nil") -- not pressing
12:15:35   on page 'other': C=FIRE  U=SRCH PILOT LOS  R=NO MSL  D=TRACKING  FU=HOLD FIRE  FR=TGT PILOT  FD=SRCH 9K113 LOS  FL=CM MENU
12:15:35     !! L does not offer "CLOSE" (shows "nil") -- not pressing
12:15:35   on page 'other': C=FIRE  U=SRCH PILOT LOS  R=NO MSL  D=TRACKING  FU=HOLD FIRE  FR=TGT PILOT  FD=SRCH 9K113 LOS  FL=CM MENU
12:15:35     !! L does not offer "CLOSE" (shows "nil") -- not pressing
12:15:35   on page 'other': C=FIRE  U=SRCH PILOT LOS  R=NO MSL  D=TRACKING  FU=HOLD FIRE  FR=TGT PILOT  FD=SRCH 9K113 LOS  FL=CM MENU
12:15:35     !! L does not offer "CLOSE" (shows "nil") -- not pressing
12:15:35   on page 'other': C=FIRE  U=SRCH PILOT LOS  R=NO MSL  D=TRACKING  FU=HOLD FIRE  FR=TGT PILOT  FD=SRCH 9K113 LOS  FL=CM MENU
12:15:35     !! L does not offer "CLOSE" (shows "nil") -- not pressing
12:15:35   on page 'other': C=FIRE  U=SRCH PILOT LOS  R=NO MSL  D=TRACKING  FU=HOLD FIRE  FR=TGT PILOT  FD=SRCH 9K113 LOS  FL=CM MENU
12:15:35     !! L does not offer "CLOSE" (shows "nil") -- not pressing
12:15:35   on page 'other': C=FIRE  U=SRCH PILOT LOS  R=NO MSL  D=TRACKING  FU=HOLD FIRE  FR=TGT PILOT  FD=SRCH 9K113 LOS  FL=CM MENU
12:15:35     !! L does not offer "CLOSE" (shows "nil") -- not pressing
12:15:35   on page 'other': C=FIRE  U=SRCH PILOT LOS  R=NO MSL  D=TRACKING  FU=HOLD FIRE  FR=TGT PILOT  FD=SRCH 9K113 LOS  FL=CM MENU
12:15:35     !! L does not offer "CLOSE" (shows "nil") -- not pressing
12:15:35   on page 'other': C=FIRE  U=SRCH PILOT LOS  R=NO MSL  D=TRACKING  FU=HOLD FIRE  FR=TGT PILOT  FD=SRCH 9K113 LOS  FL=CM MENU
12:15:35     !! L does not offer "CLOSE" (shows "nil") -- not pressing
12:15:35   on page 'other': C=FIRE  U=SRCH PILOT LOS  R=NO MSL  D=TRACKING  FU=HOLD FIRE  FR=TGT PILOT  FD=SRCH 9K113 LOS  FL=CM MENU
12:15:35     !! L does not offer "CLOSE" (shows "nil") -- not pressing
12:15:35   on page 'other': C=FIRE  U=SRCH PILOT LOS  R=NO MSL  D=TRACKING  FU=HOLD FIRE  FR=TGT PILOT  FD=SRCH 9K113 LOS  FL=CM MENU
12:15:35     !! L does not offer "CLOSE" (shows "nil") -- not pressing
12:15:35   on page 'other': C=FIRE  U=SRCH PILOT LOS  R=NO MSL  D=TRACKING  FU=HOLD FIRE  FR=TGT PILOT  FD=SRCH 9K113 LOS  FL=CM MENU
12:15:35     !! L does not offer "CLOSE" (shows "nil") -- not pressing
12:15:35   on page 'other': C=FIRE  U=SRCH PILOT LOS  R=NO MSL  D=TRACKING  FU=HOLD FIRE  FR=TGT PILOT  FD=SRCH 9K113 LOS  FL=CM MENU
12:15:35     !! L does not offer "CLOSE" (shows "nil") -- not pressing
12:15:35   on page 'other': C=FIRE  U=SRCH PILOT LOS  R=NO MSL  D=TRACKING  FU=HOLD FIRE  FR=TGT PILOT  FD=SRCH 9K113 LOS  FL=CM MENU
12:15:35     !! L does not offer "CLOSE" (shows "nil") -- not pressing
12:15:35   on page 'other': C=FIRE  U=SRCH PILOT LOS  R=NO MSL  D=TRACKING  FU=HOLD FIRE  FR=TGT PILOT  FD=SRCH 9K113 LOS  FL=CM MENU
12:15:35     !! L does not offer "CLOSE" (shows "nil") -- not pressing
12:15:35   on page 'other': C=FIRE  U=SRCH PILOT LOS  R=NO MSL  D=TRACKING  FU=HOLD FIRE  FR=TGT PILOT  FD=SRCH 9K113 LOS  FL=CM MENU
12:15:35     !! L does not offer "CLOSE" (shows "nil") -- not pressing
12:15:35   on page 'other': C=FIRE  U=SRCH PILOT LOS  R=NO MSL  D=TRACKING  FU=HOLD FIRE  FR=TGT PILOT  FD=SRCH 9K113 LOS  FL=CM MENU
12:15:35     !! L does not offer "CLOSE" (shows "nil") -- not pressing
12:15:35   on page 'other': C=FIRE  U=SRCH PILOT LOS  R=NO MSL  D=TRACKING  FU=HOLD FIRE  FR=TGT PILOT  FD=SRCH 9K113 LOS  FL=CM MENU
12:15:35     !! L does not offer "CLOSE" (shows "nil") -- not pressing
12:15:35   on page 'other': C=FIRE  U=SRCH PILOT LOS  R=NO MSL  D=TRACKING  FU=HOLD FIRE  FR=TGT PILOT  FD=SRCH 9K113 LOS  FL=CM MENU
12:15:35     !! L does not offer "CLOSE" (shows "nil") -- not pressing
12:15:35   on page 'other': C=FIRE  U=SRCH PILOT LOS  R=NO MSL  D=TRACKING  FU=HOLD FIRE  FR=TGT PILOT  FD=SRCH 9K113 LOS  FL=CM MENU
12:15:35     !! L does not offer "CLOSE" (shows "nil") -- not pressing
12:15:35   on page 'other': C=FIRE  U=SRCH PILOT LOS  R=NO MSL  D=TRACKING  FU=HOLD FIRE  FR=TGT PILOT  FD=SRCH 9K113 LOS  FL=CM MENU
12:15:35     !! L does not offer "CLOSE" (shows "nil") -- not pressing
12:15:35   on page 'other': C=FIRE  U=SRCH PILOT LOS  R=NO MSL  D=TRACKING  FU=HOLD FIRE  FR=TGT PILOT  FD=SRCH 9K113 LOS  FL=CM MENU
12:15:35     !! L does not offer "CLOSE" (shows "nil") -- not pressing
12:15:35   on page 'other': C=FIRE  U=SRCH PILOT LOS  R=NO MSL  D=TRACKING  FU=HOLD FIRE  FR=TGT PILOT  FD=SRCH 9K113 LOS  FL=CM MENU
12:15:35     !! L does not offer "CLOSE" (shows "nil") -- not pressing
12:15:35   on page 'other': C=FIRE  U=SRCH PILOT LOS  R=NO MSL  D=TRACKING  FU=HOLD FIRE  FR=TGT PILOT  FD=SRCH 9K113 LOS  FL=CM MENU
12:15:35     !! L does not offer "CLOSE" (shows "nil") -- not pressing
12:15:35   on page 'other': C=FIRE  U=SRCH PILOT LOS  R=NO MSL  D=TRACKING  FU=HOLD FIRE  FR=TGT PILOT  FD=SRCH 9K113 LOS  FL=CM MENU
12:15:35     !! L does not offer "CLOSE" (shows "nil") -- not pressing
12:15:35   on page 'other': C=FIRE  U=SRCH PILOT LOS  R=NO MSL  D=TRACKING  FU=HOLD FIRE  FR=TGT PILOT  FD=SRCH 9K113 LOS  FL=CM MENU
12:15:35     !! L does not offer "CLOSE" (shows "nil") -- not pressing
12:15:35   on page 'other': C=FIRE  U=SRCH PILOT LOS  R=NO MSL  D=TRACKING  FU=HOLD FIRE  FR=TGT PILOT  FD=SRCH 9K113 LOS  FL=CM MENU
12:15:35     !! L does not offer "CLOSE" (shows "nil") -- not pressing
12:15:35   on page 'other': C=FIRE  U=SRCH PILOT LOS  R=NO MSL  D=TRACKING  FU=HOLD FIRE  FR=TGT PILOT  FD=SRCH 9K113 LOS  FL=CM MENU
12:15:35     !! L does not offer "CLOSE" (shows "nil") -- not pressing
12:15:35   on page 'other': C=FIRE  U=SRCH PILOT LOS  R=NO MSL  D=TRACKING  FU=HOLD FIRE  FR=TGT PILOT  FD=SRCH 9K113 LOS  FL=CM MENU
12:15:35     !! L does not offer "CLOSE" (shows "nil") -- not pressing
12:15:35   on page 'other': C=FIRE  U=SRCH PILOT LOS  R=NO MSL  D=TRACKING  FU=HOLD FIRE  FR=TGT PILOT  FD=SRCH 9K113 LOS  FL=CM MENU
12:15:35     !! L does not offer "CLOSE" (shows "nil") -- not pressing
12:15:35   on page 'other': C=FIRE  U=SRCH PILOT LOS  R=NO MSL  D=TRACKING  FU=HOLD FIRE  FR=TGT PILOT  FD=SRCH 9K113 LOS  FL=CM MENU
12:15:35     !! L does not offer "CLOSE" (shows "nil") -- not pressing
12:15:35   on page 'other': C=FIRE  U=SRCH PILOT LOS  R=NO MSL  D=TRACKING  FU=HOLD FIRE  FR=TGT PILOT  FD=SRCH 9K113 LOS  FL=CM MENU
12:15:35     !! L does not offer "CLOSE" (shows "nil") -- not pressing
12:15:35   on page 'other': C=FIRE  U=SRCH PILOT LOS  R=NO MSL  D=TRACKING  FU=HOLD FIRE  FR=TGT PILOT  FD=SRCH 9K113 LOS  FL=CM MENU
12:15:35     !! L does not offer "CLOSE" (shows "nil") -- not pressing
12:15:35   on page 'other': C=FIRE  U=SRCH PILOT LOS  R=NO MSL  D=TRACKING  FU=HOLD FIRE  FR=TGT PILOT  FD=SRCH 9K113 LOS  FL=CM MENU
12:15:35     !! L does not offer "CLOSE" (shows "nil") -- not pressing
12:15:35   on page 'other': C=FIRE  U=SRCH PILOT LOS  R=NO MSL  D=TRACKING  FU=HOLD FIRE  FR=TGT PILOT  FD=SRCH 9K113 LOS  FL=CM MENU
12:15:35     !! L does not offer "CLOSE" (shows "nil") -- not pressing
12:15:35   on page 'other': C=FIRE  U=SRCH PILOT LOS  R=NO MSL  D=TRACKING  FU=HOLD FIRE  FR=TGT PILOT  FD=SRCH 9K113 LOS  FL=CM MENU
12:15:35     !! L does not offer "CLOSE" (shows "nil") -- not pressing
12:15:35   on page 'other': C=FIRE  U=SRCH PILOT LOS  R=NO MSL  D=TRACKING  FU=HOLD FIRE  FR=TGT PILOT  FD=SRCH 9K113 LOS  FL=CM MENU
12:15:35     !! L does not offer "CLOSE" (shows "nil") -- not pressing
12:15:35   on page 'other': C=FIRE  U=SRCH PILOT LOS  R=NO MSL  D=TRACKING  FU=HOLD FIRE  FR=TGT PILOT  FD=SRCH 9K113 LOS  FL=CM MENU
12:15:35     !! L does not offer "CLOSE" (shows "nil") -- not pressing
12:15:35   on page 'other': C=FIRE  U=SRCH PILOT LOS  R=NO MSL  D=TRACKING  FU=HOLD FIRE  FR=TGT PILOT  FD=SRCH 9K113 LOS  FL=CM MENU
12:15:35     !! L does not offer "CLOSE" (shows "nil") -- not pressing
12:15:35   on page 'other': C=FIRE  U=SRCH PILOT LOS  R=NO MSL  D=TRACKING  FU=HOLD FIRE  FR=TGT PILOT  FD=SRCH 9K113 LOS  FL=CM MENU
12:15:35     !! L does not offer "CLOSE" (shows "nil") -- not pressing
12:15:35   on page 'other': C=FIRE  U=SRCH PILOT LOS  R=NO MSL  D=TRACKING  FU=HOLD FIRE  FR=TGT PILOT  FD=SRCH 9K113 LOS  FL=CM MENU
12:15:35     !! L does not offer "CLOSE" (shows "nil") -- not pressing
12:15:35   on page 'other': C=FIRE  U=SRCH PILOT LOS  R=NO MSL  D=TRACKING  FU=HOLD FIRE  FR=TGT PILOT  FD=SRCH 9K113 LOS  FL=CM MENU
12:15:35     !! L does not offer "CLOSE" (shows "nil") -- not pressing
12:15:35   on page 'other': C=FIRE  U=SRCH PILOT LOS  R=NO MSL  D=TRACKING  FU=HOLD FIRE  FR=TGT PILOT  FD=SRCH 9K113 LOS  FL=CM MENU
12:15:35     !! L does not offer "CLOSE" (shows "nil") -- not pressing
12:15:35   on page 'other': C=FIRE  U=SRCH PILOT LOS  R=NO MSL  D=TRACKING  FU=HOLD FIRE  FR=TGT PILOT  FD=SRCH 9K113 LOS  FL=CM MENU
12:15:35     !! L does not offer "CLOSE" (shows "nil") -- not pressing
12:15:35   on page 'other': C=FIRE  U=SRCH PILOT LOS  R=NO MSL  D=TRACKING  FU=HOLD FIRE  FR=TGT PILOT  FD=SRCH 9K113 LOS  FL=CM MENU
12:15:35     !! L does not offer "CLOSE" (shows "nil") -- not pressing
12:15:35   on page 'other': C=FIRE  U=SRCH PILOT LOS  R=NO MSL  D=TRACKING  FU=HOLD FIRE  FR=TGT PILOT  FD=SRCH 9K113 LOS  FL=CM MENU
12:15:35     !! L does not offer "CLOSE" (shows "nil") -- not pressing
12:15:35   on page 'other': C=FIRE  U=SRCH PILOT LOS  R=NO MSL  D=TRACKING  FU=HOLD FIRE  FR=TGT PILOT  FD=SRCH 9K113 LOS  FL=CM MENU
12:15:35     !! L does not offer "CLOSE" (shows "nil") -- not pressing
12:15:35   on page 'other': C=FIRE  U=SRCH PILOT LOS  R=NO MSL  D=TRACKING  FU=HOLD FIRE  FR=TGT PILOT  FD=SRCH 9K113 LOS  FL=CM MENU
12:15:35     !! L does not offer "CLOSE" (shows "nil") -- not pressing
12:15:35   on page 'other': C=FIRE  U=SRCH PILOT LOS  R=NO MSL  D=TRACKING  FU=HOLD FIRE  FR=TGT PILOT  FD=SRCH 9K113 LOS  FL=CM MENU
12:15:35     !! L does not offer "CLOSE" (shows "nil") -- not pressing
12:15:35   on page 'other': C=FIRE  U=SRCH PILOT LOS  R=NO MSL  D=TRACKING  FU=HOLD FIRE  FR=TGT PILOT  FD=SRCH 9K113 LOS  FL=CM MENU
12:15:35     !! L does not offer "CLOSE" (shows "nil") -- not pressing
12:15:35   on page 'other': C=FIRE  U=SRCH PILOT LOS  R=NO MSL  D=TRACKING  FU=HOLD FIRE  FR=TGT PILOT  FD=SRCH 9K113 LOS  FL=CM MENU
12:15:35     !! L does not offer "CLOSE" (shows "nil") -- not pressing
12:15:35   on page 'other': C=FIRE  U=SRCH PILOT LOS  R=NO MSL  D=TRACKING  FU=HOLD FIRE  FR=TGT PILOT  FD=SRCH 9K113 LOS  FL=CM MENU
12:15:35     !! L does not offer "CLOSE" (shows "nil") -- not pressing
12:15:35   on page 'other': C=FIRE  U=SRCH PILOT LOS  R=NO MSL  D=TRACKING  FU=HOLD FIRE  FR=TGT PILOT  FD=SRCH 9K113 LOS  FL=CM MENU
12:15:35     !! L does not offer "CLOSE" (shows "nil") -- not pressing
12:15:35   on page 'other': C=FIRE  U=SRCH PILOT LOS  R=NO MSL  D=TRACKING  FU=HOLD FIRE  FR=TGT PILOT  FD=SRCH 9K113 LOS  FL=CM MENU
12:15:35     !! L does not offer "CLOSE" (shows "nil") -- not pressing
12:15:35   on page 'other': C=FIRE  U=SRCH PILOT LOS  R=NO MSL  D=TRACKING  FU=HOLD FIRE  FR=TGT PILOT  FD=SRCH 9K113 LOS  FL=CM MENU
12:15:35     !! L does not offer "CLOSE" (shows "nil") -- not pressing
12:15:35   on page 'other': C=FIRE  U=SRCH PILOT LOS  R=NO MSL  D=TRACKING  FU=HOLD FIRE  FR=TGT PILOT  FD=SRCH 9K113 LOS  FL=CM MENU
12:15:35     !! L does not offer "CLOSE" (shows "nil") -- not pressing
12:15:35   on page 'other': C=FIRE  U=SRCH PILOT LOS  R=NO MSL  D=TRACKING  FU=HOLD FIRE  FR=TGT PILOT  FD=SRCH 9K113 LOS  FL=CM MENU
12:15:35     !! L does not offer "CLOSE" (shows "nil") -- not pressing
12:15:35   on page 'other': C=FIRE  U=SRCH PILOT LOS  R=NO MSL  D=TRACKING  FU=HOLD FIRE  FR=TGT PILOT  FD=SRCH 9K113 LOS  FL=CM MENU
12:15:35     !! L does not offer "CLOSE" (shows "nil") -- not pressing
12:15:35   on page 'other': C=FIRE  U=SRCH PILOT LOS  R=NO MSL  D=TRACKING  FU=HOLD FIRE  FR=TGT PILOT  FD=SRCH 9K113 LOS  FL=CM MENU
12:15:35     !! L does not offer "CLOSE" (shows "nil") -- not pressing
12:15:35   on page 'other': C=FIRE  U=SRCH PILOT LOS  R=NO MSL  D=TRACKING  FU=HOLD FIRE  FR=TGT PILOT  FD=SRCH 9K113 LOS  FL=CM MENU
12:15:35     !! L does not offer "CLOSE" (shows "nil") -- not pressing
12:15:35   on page 'other': C=FIRE  U=SRCH PILOT LOS  R=NO MSL  D=TRACKING  FU=HOLD FIRE  FR=TGT PILOT  FD=SRCH 9K113 LOS  FL=CM MENU
12:15:35     !! L does not offer "CLOSE" (shows "nil") -- not pressing
12:15:35   on page 'other': C=FIRE  U=SRCH PILOT LOS  R=NO MSL  D=TRACKING  FU=HOLD FIRE  FR=TGT PILOT  FD=SRCH 9K113 LOS  FL=CM MENU
12:15:35     !! L does not offer "CLOSE" (shows "nil") -- not pressing
12:15:35   on page 'other': C=FIRE  U=SRCH PILOT LOS  R=NO MSL  D=TRACKING  FU=HOLD FIRE  FR=TGT PILOT  FD=SRCH 9K113 LOS  FL=CM MENU
12:15:35     !! L does not offer "CLOSE" (shows "nil") -- not pressing
12:15:35   on page 'other': C=FIRE  U=SRCH PILOT LOS  R=NO MSL  D=TRACKING  FU=HOLD FIRE  FR=TGT PILOT  FD=SRCH 9K113 LOS  FL=CM MENU
12:15:35     !! L does not offer "CLOSE" (shows "nil") -- not pressing
12:15:35   on page 'other': C=FIRE  U=SRCH PILOT LOS  R=NO MSL  D=TRACKING  FU=HOLD FIRE  FR=TGT PILOT  FD=SRCH 9K113 LOS  FL=CM MENU
12:15:35     !! L does not offer "CLOSE" (shows "nil") -- not pressing
12:15:35   on page 'other': C=FIRE  U=SRCH PILOT LOS  R=NO MSL  D=TRACKING  FU=HOLD FIRE  FR=TGT PILOT  FD=SRCH 9K113 LOS  FL=CM MENU
12:15:35     !! L does not offer "CLOSE" (shows "nil") -- not pressing
12:15:35   on page 'other': C=FIRE  U=SRCH PILOT LOS  R=NO MSL  D=TRACKING  FU=HOLD FIRE  FR=TGT PILOT  FD=SRCH 9K113 LOS  FL=CM MENU
12:15:35     !! L does not offer "CLOSE" (shows "nil") -- not pressing
12:15:35   on page 'other': C=FIRE  U=SRCH PILOT LOS  R=NO MSL  D=TRACKING  FU=HOLD FIRE  FR=TGT PILOT  FD=SRCH 9K113 LOS  FL=CM MENU
12:15:35     !! L does not offer "CLOSE" (shows "nil") -- not pressing
12:15:35   on page 'other': C=FIRE  U=SRCH PILOT LOS  R=NO MSL  D=TRACKING  FU=HOLD FIRE  FR=TGT PILOT  FD=SRCH 9K113 LOS  FL=CM MENU
12:15:35     !! L does not offer "CLOSE" (shows "nil") -- not pressing
12:15:36   on page 'other': C=FIRE  U=SRCH PILOT LOS  R=NO MSL  D=TRACKING  FU=HOLD FIRE  FR=TGT PILOT  FD=SRCH 9K113 LOS  FL=CM MENU
12:15:36     !! L does not offer "CLOSE" (shows "nil") -- not pressing
12:15:36   on page 'other': C=FIRE  U=SRCH PILOT LOS  R=NO MSL  D=TRACKING  FU=HOLD FIRE  FR=TGT PILOT  FD=SRCH 9K113 LOS  FL=CM MENU
12:15:36     !! L does not offer "CLOSE" (shows "nil") -- not pressing
12:15:36   on page 'other': C=FIRE  U=SRCH PILOT LOS  R=NO MSL  D=TRACKING  FU=HOLD FIRE  FR=TGT PILOT  FD=SRCH 9K113 LOS  FL=CM MENU
12:15:36     !! L does not offer "CLOSE" (shows "nil") -- not pressing
12:15:36   on page 'other': C=FIRE  U=SRCH PILOT LOS  R=NO MSL  D=TRACKING  FU=HOLD FIRE  FR=TGT PILOT  FD=SRCH 9K113 LOS  FL=CM MENU
12:15:36     !! L does not offer "CLOSE" (shows "nil") -- not pressing
12:15:36   on page 'other': C=FIRE  U=SRCH PILOT LOS  R=NO MSL  D=TRACKING  FU=HOLD FIRE  FR=TGT PILOT  FD=SRCH 9K113 LOS  FL=CM MENU
12:15:36     !! L does not offer "CLOSE" (shows "nil") -- not pressing
12:15:36   on page 'other': C=FIRE  U=SRCH PILOT LOS  R=NO MSL  D=TRACKING  FU=HOLD FIRE  FR=TGT PILOT  FD=SRCH 9K113 LOS  FL=CM MENU
12:15:36     !! L does not offer "CLOSE" (shows "nil") -- not pressing
12:15:36   on page 'other': C=FIRE  U=SRCH PILOT LOS  R=NO MSL  D=TRACKING  FU=HOLD FIRE  FR=TGT PILOT  FD=SRCH 9K113 LOS  FL=CM MENU
12:15:36     !! L does not offer "CLOSE" (shows "nil") -- not pressing
12:15:36   on page 'other': C=FIRE  U=SRCH PILOT LOS  R=NO MSL  D=TRACKING  FU=HOLD FIRE  FR=TGT PILOT  FD=SRCH 9K113 LOS  FL=CM MENU
12:15:36     !! L does not offer "CLOSE" (shows "nil") -- not pressing
12:15:36   on page 'other': C=FIRE  U=SRCH PILOT LOS  R=NO MSL  D=TRACKING  FU=HOLD FIRE  FR=TGT PILOT  FD=SRCH 9K113 LOS  FL=CM MENU
12:15:36     !! L does not offer "CLOSE" (shows "nil") -- not pressing
12:15:36   on page 'other': C=FIRE  U=SRCH PILOT LOS  R=NO MSL  D=TRACKING  FU=HOLD FIRE  FR=TGT PILOT  FD=SRCH 9K113 LOS  FL=CM MENU
12:15:36     !! L does not offer "CLOSE" (shows "nil") -- not pressing
12:15:36   on page 'other': C=FIRE  U=SRCH PILOT LOS  R=NO MSL  D=TRACKING  FU=HOLD FIRE  FR=TGT PILOT  FD=SRCH 9K113 LOS  FL=CM MENU
12:15:36     !! L does not offer "CLOSE" (shows "nil") -- not pressing
12:15:36   on page 'other': C=FIRE  U=SRCH PILOT LOS  R=NO MSL  D=TRACKING  FU=HOLD FIRE  FR=TGT PILOT  FD=SRCH 9K113 LOS  FL=CM MENU
12:15:36     !! L does not offer "CLOSE" (shows "nil") -- not pressing
12:15:36   on page 'other': C=FIRE  U=SRCH PILOT LOS  R=NO MSL  D=TRACKING  FU=HOLD FIRE  FR=TGT PILOT  FD=SRCH 9K113 LOS  FL=CM MENU
12:15:36     !! L does not offer "CLOSE" (shows "nil") -- not pressing
12:15:36   on page 'other': C=FIRE  U=SRCH PILOT LOS  R=NO MSL  D=TRACKING  FU=HOLD FIRE  FR=TGT PILOT  FD=SRCH 9K113 LOS  FL=CM MENU
12:15:36     !! L does not offer "CLOSE" (shows "nil") -- not pressing
12:15:36   on page 'other': C=FIRE  U=SRCH PILOT LOS  R=NO MSL  D=TRACKING  FU=HOLD FIRE  FR=TGT PILOT  FD=SRCH 9K113 LOS  FL=CM MENU
12:15:36     !! L does not offer "CLOSE" (shows "nil") -- not pressing
12:15:36   on page 'other': C=FIRE  U=SRCH PILOT LOS  R=NO MSL  D=TRACKING  FU=HOLD FIRE  FR=TGT PILOT  FD=SRCH 9K113 LOS  FL=CM MENU
12:15:36     !! L does not offer "CLOSE" (shows "nil") -- not pressing
12:15:36   on page 'other': C=FIRE  U=SRCH PILOT LOS  R=NO MSL  D=TRACKING  FU=HOLD FIRE  FR=TGT PILOT  FD=SRCH 9K113 LOS  FL=CM MENU
12:15:36     !! L does not offer "CLOSE" (shows "nil") -- not pressing
12:15:36   on page 'other': C=FIRE  U=SRCH PILOT LOS  R=NO MSL  D=TRACKING  FU=HOLD FIRE  FR=TGT PILOT  FD=SRCH 9K113 LOS  FL=CM MENU
12:15:36     !! L does not offer "CLOSE" (shows "nil") -- not pressing
12:15:36   on page 'other': C=FIRE  U=SRCH PILOT LOS  R=NO MSL  D=TRACKING  FU=HOLD FIRE  FR=TGT PILOT  FD=SRCH 9K113 LOS  FL=CM MENU
12:15:36     !! L does not offer "CLOSE" (shows "nil") -- not pressing
12:15:36   on page 'other': C=FIRE  U=SRCH PILOT LOS  R=NO MSL  D=TRACKING  FU=HOLD FIRE  FR=TGT PILOT  FD=SRCH 9K113 LOS  FL=CM MENU
12:15:36     !! L does not offer "CLOSE" (shows "nil") -- not pressing
12:15:36   on page 'other': C=FIRE  U=SRCH PILOT LOS  R=NO MSL  D=TRACKING  FU=HOLD FIRE  FR=TGT PILOT  FD=SRCH 9K113 LOS  FL=CM MENU
12:15:36     !! L does not offer "CLOSE" (shows "nil") -- not pressing
12:15:36   on page 'other': C=FIRE  U=SRCH PILOT LOS  R=NO MSL  D=TRACKING  FU=HOLD FIRE  FR=TGT PILOT  FD=SRCH 9K113 LOS  FL=CM MENU
12:15:36     !! L does not offer "CLOSE" (shows "nil") -- not pressing
12:15:36   on page 'other': C=FIRE  U=SRCH PILOT LOS  R=NO MSL  D=TRACKING  FU=HOLD FIRE  FR=TGT PILOT  FD=SRCH 9K113 LOS  FL=CM MENU
12:15:36     !! L does not offer "CLOSE" (shows "nil") -- not pressing
12:15:36   on page 'other': C=FIRE  U=SRCH PILOT LOS  R=NO MSL  D=TRACKING  FU=HOLD FIRE  FR=TGT PILOT  FD=SRCH 9K113 LOS  FL=CM MENU
12:15:36     !! L does not offer "CLOSE" (shows "nil") -- not pressing
12:15:36   on page 'other': C=FIRE  U=SRCH PILOT LOS  R=NO MSL  D=TRACKING  FU=HOLD FIRE  FR=TGT PILOT  FD=SRCH 9K113 LOS  FL=CM MENU
12:15:36     !! L does not offer "CLOSE" (shows "nil") -- not pressing
12:15:36   on page 'other': C=FIRE  U=SRCH PILOT LOS  R=NO MSL  D=TRACKING  FU=HOLD FIRE  FR=TGT PILOT  FD=SRCH 9K113 LOS  FL=CM MENU
12:15:36     !! L does not offer "CLOSE" (shows "nil") -- not pressing
12:15:36   on page 'other': C=FIRE  U=SRCH PILOT LOS  R=NO MSL  D=TRACKING  FU=HOLD FIRE  FR=TGT PILOT  FD=SRCH 9K113 LOS  FL=CM MENU
12:15:36     !! L does not offer "CLOSE" (shows "nil") -- not pressing
12:15:36   on page 'other': C=FIRE  U=SRCH PILOT LOS  R=NO MSL  D=TRACKING  FU=HOLD FIRE  FR=TGT PILOT  FD=SRCH 9K113 LOS  FL=CM MENU
12:15:36     !! L does not offer "CLOSE" (shows "nil") -- not pressing
12:15:36   on page 'other': C=FIRE  U=SRCH PILOT LOS  R=NO MSL  D=TRACKING  FU=HOLD FIRE  FR=TGT PILOT  FD=SRCH 9K113 LOS  FL=CM MENU
12:15:36     !! L does not offer "CLOSE" (shows "nil") -- not pressing
12:15:36   on page 'other': C=FIRE  U=SRCH PILOT LOS  R=NO MSL  D=TRACKING  FU=HOLD FIRE  FR=TGT PILOT  FD=SRCH 9K113 LOS  FL=CM MENU
12:15:36     !! L does not offer "CLOSE" (shows "nil") -- not pressing
12:15:36   on page 'other': C=FIRE  U=SRCH PILOT LOS  R=NO MSL  D=TRACKING  FU=HOLD FIRE  FR=TGT PILOT  FD=SRCH 9K113 LOS  FL=CM MENU
12:15:36     !! L does not offer "CLOSE" (shows "nil") -- not pressing
12:15:36   on page 'other': C=FIRE  U=SRCH PILOT LOS  R=NO MSL  D=TRACKING  FU=HOLD FIRE  FR=TGT PILOT  FD=SRCH 9K113 LOS  FL=CM MENU
12:15:36     !! L does not offer "CLOSE" (shows "nil") -- not pressing
12:15:36   on page 'other': C=FIRE  U=SRCH PILOT LOS  R=NO MSL  D=TRACKING  FU=HOLD FIRE  FR=TGT PILOT  FD=SRCH 9K113 LOS  FL=CM MENU
12:15:36     !! L does not offer "CLOSE" (shows "nil") -- not pressing
12:15:36   on page 'other': C=FIRE  U=SRCH PILOT LOS  R=NO MSL  D=TRACKING  FU=HOLD FIRE  FR=TGT PILOT  FD=SRCH 9K113 LOS  FL=CM MENU
12:15:36     !! L does not offer "CLOSE" (shows "nil") -- not pressing
12:15:36   on page 'other': C=FIRE  U=SRCH PILOT LOS  R=NO MSL  D=TRACKING  FU=HOLD FIRE  FR=TGT PILOT  FD=SRCH 9K113 LOS  FL=CM MENU
12:15:36     !! L does not offer "CLOSE" (shows "nil") -- not pressing
12:15:36   on page 'other': C=FIRE  U=SRCH PILOT LOS  R=NO MSL  D=TRACKING  FU=HOLD FIRE  FR=TGT PILOT  FD=SRCH 9K113 LOS  FL=CM MENU
12:15:36     !! L does not offer "CLOSE" (shows "nil") -- not pressing
12:15:36   on page 'other': C=FIRE  U=SRCH PILOT LOS  R=NO MSL  D=TRACKING  FU=HOLD FIRE  FR=TGT PILOT  FD=SRCH 9K113 LOS  FL=CM MENU
12:15:36     !! L does not offer "CLOSE" (shows "nil") -- not pressing
12:15:36   on page 'other': C=FIRE  U=SRCH PILOT LOS  R=NO MSL  D=TRACKING  FU=HOLD FIRE  FR=TGT PILOT  FD=SRCH 9K113 LOS  FL=CM MENU
12:15:36     !! L does not offer "CLOSE" (shows "nil") -- not pressing
12:15:36   on page 'other': C=FIRE  U=SRCH PILOT LOS  R=NO MSL  D=TRACKING  FU=HOLD FIRE  FR=TGT PILOT  FD=SRCH 9K113 LOS  FL=CM MENU
12:15:36     !! L does not offer "CLOSE" (shows "nil") -- not pressing
12:15:36   on page 'other': C=FIRE  U=SRCH PILOT LOS  R=NO MSL  D=TRACKING  FU=HOLD FIRE  FR=TGT PILOT  FD=SRCH 9K113 LOS  FL=CM MENU
12:15:36     !! L does not offer "CLOSE" (shows "nil") -- not pressing
12:15:36   on page 'other': C=FIRE  U=SRCH PILOT LOS  R=NO MSL  D=TRACKING  FU=HOLD FIRE  FR=TGT PILOT  FD=SRCH 9K113 LOS  FL=CM MENU
12:15:36     !! L does not offer "CLOSE" (shows "nil") -- not pressing
12:15:36   on page 'other': C=FIRE  U=SRCH PILOT LOS  R=NO MSL  D=TRACKING  FU=HOLD FIRE  FR=TGT PILOT  FD=SRCH 9K113 LOS  FL=CM MENU
12:15:36     !! L does not offer "CLOSE" (shows "nil") -- not pressing
12:15:36   on page 'other': C=FIRE  U=SRCH PILOT LOS  R=NO MSL  D=TRACKING  FU=HOLD FIRE  FR=TGT PILOT  FD=SRCH 9K113 LOS  FL=CM MENU
12:15:36     !! L does not offer "CLOSE" (shows "nil") -- not pressing
12:15:36   on page 'other': C=FIRE  U=SRCH PILOT LOS  R=NO MSL  D=TRACKING  FU=HOLD FIRE  FR=TGT PILOT  FD=SRCH 9K113 LOS  FL=CM MENU
12:15:36     !! L does not offer "CLOSE" (shows "nil") -- not pressing
12:15:36   on page 'other': C=FIRE  U=SRCH PILOT LOS  R=NO MSL  D=TRACKING  FU=HOLD FIRE  FR=TGT PILOT  FD=SRCH 9K113 LOS  FL=CM MENU
12:15:36     !! L does not offer "CLOSE" (shows "nil") -- not pressing
12:15:36   on page 'other': C=FIRE  U=SRCH PILOT LOS  R=NO MSL  D=TRACKING  FU=HOLD FIRE  FR=TGT PILOT  FD=SRCH 9K113 LOS  FL=CM MENU
12:15:36     !! L does not offer "CLOSE" (shows "nil") -- not pressing
12:15:36   on page 'other': C=FIRE  U=SRCH PILOT LOS  R=NO MSL  D=TRACKING  FU=HOLD FIRE  FR=TGT PILOT  FD=SRCH 9K113 LOS  FL=CM MENU
12:15:36     !! L does not offer "CLOSE" (shows "nil") -- not pressing
12:15:36   on page 'other': C=FIRE  U=SRCH PILOT LOS  R=NO MSL  D=TRACKING  FU=HOLD FIRE  FR=TGT PILOT  FD=SRCH 9K113 LOS  FL=CM MENU
12:15:36     !! L does not offer "CLOSE" (shows "nil") -- not pressing
12:15:36   on page 'other': C=FIRE  U=SRCH PILOT LOS  R=NO MSL  D=TRACKING  FU=HOLD FIRE  FR=TGT PILOT  FD=SRCH 9K113 LOS  FL=CM MENU
12:15:36     !! L does not offer "CLOSE" (shows "nil") -- not pressing
12:15:36   on page 'other': C=FIRE  U=SRCH PILOT LOS  R=NO MSL  D=TRACKING  FU=HOLD FIRE  FR=TGT PILOT  FD=SRCH 9K113 LOS  FL=CM MENU
12:15:36     !! L does not offer "CLOSE" (shows "nil") -- not pressing
12:15:36   on page 'other': C=FIRE  U=SRCH PILOT LOS  R=NO MSL  D=TRACKING  FU=HOLD FIRE  FR=TGT PILOT  FD=SRCH 9K113 LOS  FL=CM MENU
12:15:36     !! L does not offer "CLOSE" (shows "nil") -- not pressing
12:15:36   on page 'other': C=FIRE  U=SRCH PILOT LOS  R=NO MSL  D=TRACKING  FU=HOLD FIRE  FR=TGT PILOT  FD=SRCH 9K113 LOS  FL=CM MENU
12:15:36     !! L does not offer "CLOSE" (shows "nil") -- not pressing
12:15:36   on page 'other': C=FIRE  U=SRCH PILOT LOS  R=NO MSL  D=TRACKING  FU=HOLD FIRE  FR=TGT PILOT  FD=SRCH 9K113 LOS  FL=CM MENU
12:15:36     !! L does not offer "CLOSE" (shows "nil") -- not pressing
12:15:36   on page 'other': C=FIRE  U=SRCH PILOT LOS  R=NO MSL  D=TRACKING  FU=HOLD FIRE  FR=TGT PILOT  FD=SRCH 9K113 LOS  FL=CM MENU
12:15:36     !! L does not offer "CLOSE" (shows "nil") -- not pressing
12:15:36   on page 'other': C=FIRE  U=SRCH PILOT LOS  R=NO MSL  D=TRACKING  FU=HOLD FIRE  FR=TGT PILOT  FD=SRCH 9K113 LOS  FL=CM MENU
12:15:36     !! L does not offer "CLOSE" (shows "nil") -- not pressing
12:15:36   on page 'other': C=FIRE  U=SRCH PILOT LOS  R=NO MSL  D=TRACKING  FU=HOLD FIRE  FR=TGT PILOT  FD=SRCH 9K113 LOS  FL=CM MENU
12:15:36     !! L does not offer "CLOSE" (shows "nil") -- not pressing
12:15:36   on page 'other': C=FIRE  U=SRCH PILOT LOS  R=NO MSL  D=TRACKING  FU=HOLD FIRE  FR=TGT PILOT  FD=SRCH 9K113 LOS  FL=CM MENU
12:15:36     !! L does not offer "CLOSE" (shows "nil") -- not pressing
12:15:36   on page 'other': C=FIRE  U=SRCH PILOT LOS  R=NO MSL  D=TRACKING  FU=HOLD FIRE  FR=TGT PILOT  FD=SRCH 9K113 LOS  FL=CM MENU
12:15:36     !! L does not offer "CLOSE" (shows "nil") -- not pressing
12:15:36   on page 'other': C=FIRE  U=SRCH PILOT LOS  R=NO MSL  D=TRACKING  FU=HOLD FIRE  FR=TGT PILOT  FD=SRCH 9K113 LOS  FL=CM MENU
12:15:36     !! L does not offer "CLOSE" (shows "nil") -- not pressing
12:15:36   on page 'other': C=FIRE  U=SRCH PILOT LOS  R=NO MSL  D=TRACKING  FU=HOLD FIRE  FR=TGT PILOT  FD=SRCH 9K113 LOS  FL=CM MENU
12:15:36     !! L does not offer "CLOSE" (shows "nil") -- not pressing
12:15:36   on page 'other': C=FIRE  U=SRCH PILOT LOS  R=NO MSL  D=TRACKING  FU=HOLD FIRE  FR=TGT PILOT  FD=SRCH 9K113 LOS  FL=CM MENU
12:15:36     !! L does not offer "CLOSE" (shows "nil") -- not pressing
12:15:36   on page 'other': C=FIRE  U=SRCH PILOT LOS  R=NO MSL  D=TRACKING  FU=HOLD FIRE  FR=TGT PILOT  FD=SRCH 9K113 LOS  FL=CM MENU
12:15:36     !! L does not offer "CLOSE" (shows "nil") -- not pressing
12:15:36   on page 'other': C=FIRE  U=SRCH PILOT LOS  R=NO MSL  D=TRACKING  FU=HOLD FIRE  FR=TGT PILOT  FD=SRCH 9K113 LOS  FL=CM MENU
12:15:36     !! L does not offer "CLOSE" (shows "nil") -- not pressing
12:15:36   on page 'other': C=FIRE  U=SRCH PILOT LOS  R=NO MSL  D=TRACKING  FU=HOLD FIRE  FR=TGT PILOT  FD=SRCH 9K113 LOS  FL=CM MENU
12:15:36     !! L does not offer "CLOSE" (shows "nil") -- not pressing
12:15:36   on page 'other': C=FIRE  U=SRCH PILOT LOS  R=NO MSL  D=TRACKING  FU=HOLD FIRE  FR=TGT PILOT  FD=SRCH 9K113 LOS  FL=CM MENU
12:15:36     !! L does not offer "CLOSE" (shows "nil") -- not pressing
12:15:36   on page 'other': C=FIRE  U=SRCH PILOT LOS  R=NO MSL  D=TRACKING  FU=HOLD FIRE  FR=TGT PILOT  FD=SRCH 9K113 LOS  FL=CM MENU
12:15:36     !! L does not offer "CLOSE" (shows "nil") -- not pressing
12:15:36   on page 'other': C=FIRE  U=SRCH PILOT LOS  R=NO MSL  D=TRACKING  FU=HOLD FIRE  FR=TGT PILOT  FD=SRCH 9K113 LOS  FL=CM MENU
12:15:36     !! L does not offer "CLOSE" (shows "nil") -- not pressing
12:15:36   on page 'other': C=FIRE  U=SRCH PILOT LOS  R=NO MSL  D=TRACKING  FU=HOLD FIRE  FR=TGT PILOT  FD=SRCH 9K113 LOS  FL=CM MENU
12:15:36     !! L does not offer "CLOSE" (shows "nil") -- not pressing
12:15:36   on page 'other': C=FIRE  U=SRCH PILOT LOS  R=NO MSL  D=TRACKING  FU=HOLD FIRE  FR=TGT PILOT  FD=SRCH 9K113 LOS  FL=CM MENU
12:15:36     !! L does not offer "CLOSE" (shows "nil") -- not pressing
12:15:36   on page 'other': C=FIRE  U=SRCH PILOT LOS  R=NO MSL  D=TRACKING  FU=HOLD FIRE  FR=TGT PILOT  FD=SRCH 9K113 LOS  FL=CM MENU
12:15:36     !! L does not offer "CLOSE" (shows "nil") -- not pressing
12:15:36   on page 'other': C=FIRE  U=SRCH PILOT LOS  R=NO MSL  D=TRACKING  FU=HOLD FIRE  FR=TGT PILOT  FD=SRCH 9K113 LOS  FL=CM MENU
12:15:36     !! L does not offer "CLOSE" (shows "nil") -- not pressing
12:15:36   on page 'other': C=FIRE  U=SRCH PILOT LOS  R=NO MSL  D=TRACKING  FU=HOLD FIRE  FR=TGT PILOT  FD=SRCH 9K113 LOS  FL=CM MENU
12:15:36     !! L does not offer "CLOSE" (shows "nil") -- not pressing
12:15:36   on page 'other': C=FIRE  U=SRCH PILOT LOS  R=NO MSL  D=TRACKING  FU=HOLD FIRE  FR=TGT PILOT  FD=SRCH 9K113 LOS  FL=CM MENU
12:15:36     !! L does not offer "CLOSE" (shows "nil") -- not pressing
12:15:36   on page 'other': C=FIRE  U=SRCH PILOT LOS  R=NO MSL  D=TRACKING  FU=HOLD FIRE  FR=TGT PILOT  FD=SRCH 9K113 LOS  FL=CM MENU
12:15:36     !! L does not offer "CLOSE" (shows "nil") -- not pressing
12:15:36   on page 'other': C=FIRE  U=SRCH PILOT LOS  R=NO MSL  D=TRACKING  FU=HOLD FIRE  FR=TGT PILOT  FD=SRCH 9K113 LOS  FL=CM MENU
12:15:36     !! L does not offer "CLOSE" (shows "nil") -- not pressing
12:15:36   on page 'other': C=FIRE  U=SRCH PILOT LOS  R=NO MSL  D=TRACKING  FU=HOLD FIRE  FR=TGT PILOT  FD=SRCH 9K113 LOS  FL=CM MENU
12:15:36     !! L does not offer "CLOSE" (shows "nil") -- not pressing
12:15:36   on page 'other': C=FIRE  U=SRCH PILOT LOS  R=NO MSL  D=TRACKING  FU=HOLD FIRE  FR=TGT PILOT  FD=SRCH 9K113 LOS  FL=CM MENU
12:15:36     !! L does not offer "CLOSE" (shows "nil") -- not pressing
12:15:36   on page 'other': C=FIRE  U=SRCH PILOT LOS  R=NO MSL  D=TRACKING  FU=HOLD FIRE  FR=TGT PILOT  FD=SRCH 9K113 LOS  FL=CM MENU
12:15:36     !! L does not offer "CLOSE" (shows "nil") -- not pressing
12:15:36   on page 'other': C=FIRE  U=SRCH PILOT LOS  R=NO MSL  D=TRACKING  FU=HOLD FIRE  FR=TGT PILOT  FD=SRCH 9K113 LOS  FL=CM MENU
12:15:36     !! L does not offer "CLOSE" (shows "nil") -- not pressing
12:15:36   on page 'other': C=FIRE  U=SRCH PILOT LOS  R=NO MSL  D=TRACKING  FU=HOLD FIRE  FR=TGT PILOT  FD=SRCH 9K113 LOS  FL=CM MENU
12:15:36     !! L does not offer "CLOSE" (shows "nil") -- not pressing
12:15:36   on page 'other': C=FIRE  U=SRCH PILOT LOS  R=NO MSL  D=TRACKING  FU=HOLD FIRE  FR=TGT PILOT  FD=SRCH 9K113 LOS  FL=CM MENU
12:15:36     !! L does not offer "CLOSE" (shows "nil") -- not pressing
12:15:37   on page 'other': C=FIRE  U=SRCH PILOT LOS  R=NO MSL  D=TRACKING  FU=HOLD FIRE  FR=TGT PILOT  FD=SRCH 9K113 LOS  FL=CM MENU
12:15:37     !! L does not offer "CLOSE" (shows "nil") -- not pressing
12:15:37   on page 'other': C=FIRE  U=SRCH PILOT LOS  R=NO MSL  D=TRACKING  FU=HOLD FIRE  FR=TGT PILOT  FD=SRCH 9K113 LOS  FL=CM MENU
12:15:37     !! L does not offer "CLOSE" (shows "nil") -- not pressing
12:15:37   on page 'other': C=FIRE  U=SRCH PILOT LOS  R=NO MSL  D=TRACKING  FU=HOLD FIRE  FR=TGT PILOT  FD=SRCH 9K113 LOS  FL=CM MENU
12:15:37     !! L does not offer "CLOSE" (shows "nil") -- not pressing
12:15:37   on page 'other': C=FIRE  U=SRCH PILOT LOS  R=NO MSL  D=TRACKING  FU=HOLD FIRE  FR=TGT PILOT  FD=SRCH 9K113 LOS  FL=CM MENU
12:15:37     !! L does not offer "CLOSE" (shows "nil") -- not pressing
12:15:37   on page 'other': C=FIRE  U=SRCH PILOT LOS  R=NO MSL  D=TRACKING  FU=HOLD FIRE  FR=TGT PILOT  FD=SRCH 9K113 LOS  FL=CM MENU
12:15:37     !! L does not offer "CLOSE" (shows "nil") -- not pressing
12:15:37   on page 'other': C=FIRE  U=SRCH PILOT LOS  R=NO MSL  D=TRACKING  FU=HOLD FIRE  FR=TGT PILOT  FD=SRCH 9K113 LOS  FL=CM MENU
12:15:37     !! L does not offer "CLOSE" (shows "nil") -- not pressing
12:15:37   on page 'other': C=FIRE  U=SRCH PILOT LOS  R=NO MSL  D=TRACKING  FU=HOLD FIRE  FR=TGT PILOT  FD=SRCH 9K113 LOS  FL=CM MENU
12:15:37     !! L does not offer "CLOSE" (shows "nil") -- not pressing
12:15:37   on page 'other': C=FIRE  U=SRCH PILOT LOS  R=NO MSL  D=TRACKING  FU=HOLD FIRE  FR=TGT PILOT  FD=SRCH 9K113 LOS  FL=CM MENU
12:15:37     !! L does not offer "CLOSE" (shows "nil") -- not pressing
12:15:37   on page 'other': C=FIRE  U=SRCH PILOT LOS  R=NO MSL  D=TRACKING  FU=HOLD FIRE  FR=TGT PILOT  FD=SRCH 9K113 LOS  FL=CM MENU
12:15:37     !! L does not offer "CLOSE" (shows "nil") -- not pressing
12:15:37   on page 'other': C=FIRE  U=SRCH PILOT LOS  R=NO MSL  D=TRACKING  FU=HOLD FIRE  FR=TGT PILOT  FD=SRCH 9K113 LOS  FL=CM MENU
12:15:37     !! L does not offer "CLOSE" (shows "nil") -- not pressing
12:15:37   on page 'other': C=FIRE  U=SRCH PILOT LOS  R=NO MSL  D=TRACKING  FU=HOLD FIRE  FR=TGT PILOT  FD=SRCH 9K113 LOS  FL=CM MENU
12:15:37     !! L does not offer "CLOSE" (shows "nil") -- not pressing
12:15:37   on page 'other': C=FIRE  U=SRCH PILOT LOS  R=NO MSL  D=TRACKING  FU=HOLD FIRE  FR=TGT PILOT  FD=SRCH 9K113 LOS  FL=CM MENU
12:15:37     !! L does not offer "CLOSE" (shows "nil") -- not pressing
12:15:37   on page 'other': C=FIRE  U=SRCH PILOT LOS  R=NO MSL  D=TRACKING  FU=HOLD FIRE  FR=TGT PILOT  FD=SRCH 9K113 LOS  FL=CM MENU
12:15:37     !! L does not offer "CLOSE" (shows "nil") -- not pressing
12:15:37   on page 'other': C=FIRE  U=SRCH PILOT LOS  R=NO MSL  D=TRACKING  FU=HOLD FIRE  FR=TGT PILOT  FD=SRCH 9K113 LOS  FL=CM MENU
12:15:37     !! L does not offer "CLOSE" (shows "nil") -- not pressing
12:15:37   on page 'other': C=FIRE  U=SRCH PILOT LOS  R=NO MSL  D=TRACKING  FU=HOLD FIRE  FR=TGT PILOT  FD=SRCH 9K113 LOS  FL=CM MENU
12:15:37     !! L does not offer "CLOSE" (shows "nil") -- not pressing
12:15:37   on page 'other': C=FIRE  U=SRCH PILOT LOS  R=NO MSL  D=TRACKING  FU=HOLD FIRE  FR=TGT PILOT  FD=SRCH 9K113 LOS  FL=CM MENU
12:15:37     !! L does not offer "CLOSE" (shows "nil") -- not pressing
12:15:37   on page 'other': C=FIRE  U=SRCH PILOT LOS  R=NO MSL  D=TRACKING  FU=HOLD FIRE  FR=TGT PILOT  FD=SRCH 9K113 LOS  FL=CM MENU
12:15:37     !! L does not offer "CLOSE" (shows "nil") -- not pressing
12:15:37   on page 'other': C=FIRE  U=SRCH PILOT LOS  R=NO MSL  D=TRACKING  FU=HOLD FIRE  FR=TGT PILOT  FD=SRCH 9K113 LOS  FL=CM MENU
12:15:37     !! L does not offer "CLOSE" (shows "nil") -- not pressing
12:15:37   on page 'other': C=FIRE  U=SRCH PILOT LOS  R=NO MSL  D=TRACKING  FU=HOLD FIRE  FR=TGT PILOT  FD=SRCH 9K113 LOS  FL=CM MENU
12:15:37     !! L does not offer "CLOSE" (shows "nil") -- not pressing
12:15:37   on page 'other': C=FIRE  U=SRCH PILOT LOS  R=NO MSL  D=TRACKING  FU=HOLD FIRE  FR=TGT PILOT  FD=SRCH 9K113 LOS  FL=CM MENU
12:15:37     !! L does not offer "CLOSE" (shows "nil") -- not pressing
12:15:37   on page 'other': C=FIRE  U=SRCH PILOT LOS  R=NO MSL  D=TRACKING  FU=HOLD FIRE  FR=TGT PILOT  FD=SRCH 9K113 LOS  FL=CM MENU
12:15:37     !! L does not offer "CLOSE" (shows "nil") -- not pressing
12:15:37   on page 'other': C=FIRE  U=SRCH PILOT LOS  R=NO MSL  D=TRACKING  FU=HOLD FIRE  FR=TGT PILOT  FD=SRCH 9K113 LOS  FL=CM MENU
12:15:37     !! L does not offer "CLOSE" (shows "nil") -- not pressing
12:15:37   on page 'other': C=FIRE  U=SRCH PILOT LOS  R=NO MSL  D=TRACKING  FU=HOLD FIRE  FR=TGT PILOT  FD=SRCH 9K113 LOS  FL=CM MENU
12:15:37     !! L does not offer "CLOSE" (shows "nil") -- not pressing
12:15:37   on page 'other': C=FIRE  U=SRCH PILOT LOS  R=NO MSL  D=TRACKING  FU=HOLD FIRE  FR=TGT PILOT  FD=SRCH 9K113 LOS  FL=CM MENU
12:15:37     !! L does not offer "CLOSE" (shows "nil") -- not pressing
12:15:37   on page 'other': C=FIRE  U=SRCH PILOT LOS  R=NO MSL  D=TRACKING  FU=HOLD FIRE  FR=TGT PILOT  FD=SRCH 9K113 LOS  FL=CM MENU
12:15:37     !! L does not offer "CLOSE" (shows "nil") -- not pressing
12:15:37   on page 'other': C=FIRE  U=SRCH PILOT LOS  R=NO MSL  D=TRACKING  FU=HOLD FIRE  FR=TGT PILOT  FD=SRCH 9K113 LOS  FL=CM MENU
12:15:37     !! L does not offer "CLOSE" (shows "nil") -- not pressing
12:15:37   on page 'other': C=FIRE  U=SRCH PILOT LOS  R=NO MSL  D=TRACKING  FU=HOLD FIRE  FR=TGT PILOT  FD=SRCH 9K113 LOS  FL=CM MENU
12:15:37     !! L does not offer "CLOSE" (shows "nil") -- not pressing
12:15:37   on page 'other': C=FIRE  U=SRCH PILOT LOS  R=NO MSL  D=TRACKING  FU=HOLD FIRE  FR=TGT PILOT  FD=SRCH 9K113 LOS  FL=CM MENU
12:15:37     !! L does not offer "CLOSE" (shows "nil") -- not pressing
12:15:37   on page 'other': C=FIRE  U=SRCH PILOT LOS  R=NO MSL  D=TRACKING  FU=HOLD FIRE  FR=TGT PILOT  FD=SRCH 9K113 LOS  FL=CM MENU
12:15:37     !! L does not offer "CLOSE" (shows "nil") -- not pressing
12:15:37   on page 'other': C=FIRE  U=SRCH PILOT LOS  R=NO MSL  D=TRACKING  FU=HOLD FIRE  FR=TGT PILOT  FD=SRCH 9K113 LOS  FL=CM MENU
12:15:37     !! L does not offer "CLOSE" (shows "nil") -- not pressing
12:15:37   on page 'other': C=FIRE  U=SRCH PILOT LOS  R=NO MSL  D=TRACKING  FU=HOLD FIRE  FR=TGT PILOT  FD=SRCH 9K113 LOS  FL=CM MENU
12:15:37     !! L does not offer "CLOSE" (shows "nil") -- not pressing
12:15:37   on page 'other': C=FIRE  U=SRCH PILOT LOS  R=NO MSL  D=TRACKING  FU=HOLD FIRE  FR=TGT PILOT  FD=SRCH 9K113 LOS  FL=CM MENU
12:15:37     !! L does not offer "CLOSE" (shows "nil") -- not pressing
12:15:37   on page 'other': C=FIRE  U=SRCH PILOT LOS  R=NO MSL  D=TRACKING  FU=HOLD FIRE  FR=TGT PILOT  FD=SRCH 9K113 LOS  FL=CM MENU
12:15:37     !! L does not offer "CLOSE" (shows "nil") -- not pressing
12:15:37   on page 'other': C=FIRE  U=SRCH PILOT LOS  R=NO MSL  D=TRACKING  FU=HOLD FIRE  FR=TGT PILOT  FD=SRCH 9K113 LOS  FL=CM MENU
12:15:37     !! L does not offer "CLOSE" (shows "nil") -- not pressing
12:15:37   on page 'other': C=FIRE  U=SRCH PILOT LOS  R=NO MSL  D=TRACKING  FU=HOLD FIRE  FR=TGT PILOT  FD=SRCH 9K113 LOS  FL=CM MENU
12:15:37     !! L does not offer "CLOSE" (shows "nil") -- not pressing
12:15:37   on page 'other': C=FIRE  U=SRCH PILOT LOS  R=NO MSL  D=TRACKING  FU=HOLD FIRE  FR=TGT PILOT  FD=SRCH 9K113 LOS  FL=CM MENU
12:15:37     !! L does not offer "CLOSE" (shows "nil") -- not pressing
12:15:37   on page 'other': C=FIRE  U=SRCH PILOT LOS  R=NO MSL  D=TRACKING  FU=HOLD FIRE  FR=TGT PILOT  FD=SRCH 9K113 LOS  FL=CM MENU
12:15:37     !! L does not offer "CLOSE" (shows "nil") -- not pressing
12:15:37   on page 'other': C=FIRE  U=SRCH PILOT LOS  R=NO MSL  D=TRACKING  FU=HOLD FIRE  FR=TGT PILOT  FD=SRCH 9K113 LOS  FL=CM MENU
12:15:37     !! L does not offer "CLOSE" (shows "nil") -- not pressing
12:15:37   on page 'other': C=FIRE  U=SRCH PILOT LOS  R=NO MSL  D=TRACKING  FU=HOLD FIRE  FR=TGT PILOT  FD=SRCH 9K113 LOS  FL=CM MENU
12:15:37     !! L does not offer "CLOSE" (shows "nil") -- not pressing
12:15:37   on page 'other': C=FIRE  U=SRCH PILOT LOS  R=NO MSL  D=TRACKING  FU=HOLD FIRE  FR=TGT PILOT  FD=SRCH 9K113 LOS  FL=CM MENU
12:15:37     !! L does not offer "CLOSE" (shows "nil") -- not pressing
12:15:37   on page 'other': C=FIRE  U=SRCH PILOT LOS  R=NO MSL  D=TRACKING  FU=HOLD FIRE  FR=TGT PILOT  FD=SRCH 9K113 LOS  FL=CM MENU
12:15:37     !! L does not offer "CLOSE" (shows "nil") -- not pressing
12:15:37   on page 'other': C=FIRE  U=SRCH PILOT LOS  R=NO MSL  D=TRACKING  FU=HOLD FIRE  FR=TGT PILOT  FD=SRCH 9K113 LOS  FL=CM MENU
12:15:37     !! L does not offer "CLOSE" (shows "nil") -- not pressing
12:15:37   on page 'other': C=FIRE  U=SRCH PILOT LOS  R=NO MSL  D=TRACKING  FU=HOLD FIRE  FR=TGT PILOT  FD=SRCH 9K113 LOS  FL=CM MENU
12:15:37     !! L does not offer "CLOSE" (shows "nil") -- not pressing
12:15:37   on page 'other': C=FIRE  U=SRCH PILOT LOS  R=NO MSL  D=TRACKING  FU=HOLD FIRE  FR=TGT PILOT  FD=SRCH 9K113 LOS  FL=CM MENU
12:15:37     !! L does not offer "CLOSE" (shows "nil") -- not pressing
12:15:37   on page 'other': C=FIRE  U=SRCH PILOT LOS  R=NO MSL  D=TRACKING  FU=HOLD FIRE  FR=TGT PILOT  FD=SRCH 9K113 LOS  FL=CM MENU
12:15:37     !! L does not offer "CLOSE" (shows "nil") -- not pressing
12:15:37   on page 'other': C=FIRE  U=SRCH PILOT LOS  R=NO MSL  D=TRACKING  FU=HOLD FIRE  FR=TGT PILOT  FD=SRCH 9K113 LOS  FL=CM MENU
12:15:37     !! L does not offer "CLOSE" (shows "nil") -- not pressing
12:15:37   on page 'other': C=FIRE  U=SRCH PILOT LOS  R=NO MSL  D=TRACKING  FU=HOLD FIRE  FR=TGT PILOT  FD=SRCH 9K113 LOS  FL=CM MENU
12:15:37     !! L does not offer "CLOSE" (shows "nil") -- not pressing
12:15:37   on page 'other': C=FIRE  U=SRCH PILOT LOS  R=NO MSL  D=TRACKING  FU=HOLD FIRE  FR=TGT PILOT  FD=SRCH 9K113 LOS  FL=CM MENU
12:15:37     !! L does not offer "CLOSE" (shows "nil") -- not pressing
12:15:37   on page 'other': C=FIRE  U=SRCH PILOT LOS  R=NO MSL  D=TRACKING  FU=HOLD FIRE  FR=TGT PILOT  FD=SRCH 9K113 LOS  FL=CM MENU
12:15:37     !! L does not offer "CLOSE" (shows "nil") -- not pressing
12:15:37   on page 'other': C=FIRE  U=SRCH PILOT LOS  R=NO MSL  D=TRACKING  FU=HOLD FIRE  FR=TGT PILOT  FD=SRCH 9K113 LOS  FL=CM MENU
12:15:37     !! L does not offer "CLOSE" (shows "nil") -- not pressing
12:15:37   on page 'other': C=FIRE  U=SRCH PILOT LOS  R=NO MSL  D=TRACKING  FU=HOLD FIRE  FR=TGT PILOT  FD=SRCH 9K113 LOS  FL=CM MENU
12:15:37     !! L does not offer "CLOSE" (shows "nil") -- not pressing
12:15:37   on page 'other': C=FIRE  U=SRCH PILOT LOS  R=NO MSL  D=TRACKING  FU=HOLD FIRE  FR=TGT PILOT  FD=SRCH 9K113 LOS  FL=CM MENU
12:15:37     !! L does not offer "CLOSE" (shows "nil") -- not pressing
12:15:37   on page 'other': C=FIRE  U=SRCH PILOT LOS  R=NO MSL  D=TRACKING  FU=HOLD FIRE  FR=TGT PILOT  FD=SRCH 9K113 LOS  FL=CM MENU
12:15:37     !! L does not offer "CLOSE" (shows "nil") -- not pressing
12:15:37   on page 'other': C=FIRE  U=SRCH PILOT LOS  R=NO MSL  D=TRACKING  FU=HOLD FIRE  FR=TGT PILOT  FD=SRCH 9K113 LOS  FL=CM MENU
12:15:37     !! L does not offer "CLOSE" (shows "nil") -- not pressing
12:15:37   on page 'other': C=FIRE  U=SRCH PILOT LOS  R=NO MSL  D=TRACKING  FU=HOLD FIRE  FR=TGT PILOT  FD=SRCH 9K113 LOS  FL=CM MENU
12:15:37     !! L does not offer "CLOSE" (shows "nil") -- not pressing
12:15:37   on page 'other': C=FIRE  U=SRCH PILOT LOS  R=NO MSL  D=TRACKING  FU=HOLD FIRE  FR=TGT PILOT  FD=SRCH 9K113 LOS  FL=CM MENU
12:15:37     !! L does not offer "CLOSE" (shows "nil") -- not pressing
12:15:37   on page 'other': C=FIRE  U=SRCH PILOT LOS  R=NO MSL  D=TRACKING  FU=HOLD FIRE  FR=TGT PILOT  FD=SRCH 9K113 LOS  FL=CM MENU
12:15:37     !! L does not offer "CLOSE" (shows "nil") -- not pressing
12:15:37   on page 'other': C=FIRE  U=SRCH PILOT LOS  R=NO MSL  D=TRACKING  FU=HOLD FIRE  FR=TGT PILOT  FD=SRCH 9K113 LOS  FL=CM MENU
12:15:37     !! L does not offer "CLOSE" (shows "nil") -- not pressing
12:15:37   on page 'other': C=FIRE  U=SRCH PILOT LOS  R=NO MSL  D=TRACKING  FU=HOLD FIRE  FR=TGT PILOT  FD=SRCH 9K113 LOS  FL=CM MENU
12:15:37     !! L does not offer "CLOSE" (shows "nil") -- not pressing
12:15:37   on page 'other': C=FIRE  U=SRCH PILOT LOS  R=NO MSL  D=TRACKING  FU=HOLD FIRE  FR=TGT PILOT  FD=SRCH 9K113 LOS  FL=CM MENU
12:15:37     !! L does not offer "CLOSE" (shows "nil") -- not pressing
12:15:37   on page 'other': C=FIRE  U=SRCH PILOT LOS  R=NO MSL  D=TRACKING  FU=HOLD FIRE  FR=TGT PILOT  FD=SRCH 9K113 LOS  FL=CM MENU
12:15:37     !! L does not offer "CLOSE" (shows "nil") -- not pressing
12:15:37   on page 'other': C=FIRE  U=SRCH PILOT LOS  R=NO MSL  D=TRACKING  FU=HOLD FIRE  FR=TGT PILOT  FD=SRCH 9K113 LOS  FL=CM MENU
12:15:37     !! L does not offer "CLOSE" (shows "nil") -- not pressing
12:15:37   on page 'other': C=FIRE  U=SRCH PILOT LOS  R=NO MSL  D=TRACKING  FU=HOLD FIRE  FR=TGT PILOT  FD=SRCH 9K113 LOS  FL=CM MENU
12:15:37     !! L does not offer "CLOSE" (shows "nil") -- not pressing
12:15:37   on page 'other': C=FIRE  U=SRCH PILOT LOS  R=NO MSL  D=TRACKING  FU=HOLD FIRE  FR=TGT PILOT  FD=SRCH 9K113 LOS  FL=CM MENU
12:15:37     !! L does not offer "CLOSE" (shows "nil") -- not pressing
12:15:37   on page 'other': C=FIRE  U=SRCH PILOT LOS  R=NO MSL  D=TRACKING  FU=HOLD FIRE  FR=TGT PILOT  FD=SRCH 9K113 LOS  FL=CM MENU
12:15:37     !! L does not offer "CLOSE" (shows "nil") -- not pressing
12:15:37   on page 'other': C=FIRE  U=SRCH PILOT LOS  R=NO MSL  D=TRACKING  FU=HOLD FIRE  FR=TGT PILOT  FD=SRCH 9K113 LOS  FL=CM MENU
12:15:37     !! L does not offer "CLOSE" (shows "nil") -- not pressing
12:15:37   on page 'other': C=FIRE  U=SRCH PILOT LOS  R=NO MSL  D=TRACKING  FU=HOLD FIRE  FR=TGT PILOT  FD=SRCH 9K113 LOS  FL=CM MENU
12:15:37     !! L does not offer "CLOSE" (shows "nil") -- not pressing
12:15:37   on page 'other': C=FIRE  U=SRCH PILOT LOS  R=NO MSL  D=TRACKING  FU=HOLD FIRE  FR=TGT PILOT  FD=SRCH 9K113 LOS  FL=CM MENU
12:15:37     !! L does not offer "CLOSE" (shows "nil") -- not pressing
12:15:37   on page 'other': C=FIRE  U=SRCH PILOT LOS  R=NO MSL  D=TRACKING  FU=HOLD FIRE  FR=TGT PILOT  FD=SRCH 9K113 LOS  FL=CM MENU
12:15:37     !! L does not offer "CLOSE" (shows "nil") -- not pressing
12:15:37   on page 'other': C=FIRE  U=SRCH PILOT LOS  R=NO MSL  D=TRACKING  FU=HOLD FIRE  FR=TGT PILOT  FD=SRCH 9K113 LOS  FL=CM MENU
12:15:37     !! L does not offer "CLOSE" (shows "nil") -- not pressing
12:15:37   on page 'other': C=FIRE  U=SRCH PILOT LOS  R=NO MSL  D=TRACKING  FU=HOLD FIRE  FR=TGT PILOT  FD=SRCH 9K113 LOS  FL=CM MENU
12:15:37     !! L does not offer "CLOSE" (shows "nil") -- not pressing
12:15:37   on page 'other': C=FIRE  U=SRCH PILOT LOS  R=NO MSL  D=TRACKING  FU=HOLD FIRE  FR=TGT PILOT  FD=SRCH 9K113 LOS  FL=CM MENU
12:15:37     !! L does not offer "CLOSE" (shows "nil") -- not pressing
12:15:37   on page 'other': C=FIRE  U=SRCH PILOT LOS  R=NO MSL  D=TRACKING  FU=HOLD FIRE  FR=TGT PILOT  FD=SRCH 9K113 LOS  FL=CM MENU
12:15:37     !! L does not offer "CLOSE" (shows "nil") -- not pressing
12:15:37   on page 'other': C=FIRE  U=SRCH PILOT LOS  R=NO MSL  D=TRACKING  FU=HOLD FIRE  FR=TGT PILOT  FD=SRCH 9K113 LOS  FL=CM MENU
12:15:37     !! L does not offer "CLOSE" (shows "nil") -- not pressing
12:15:37   on page 'other': C=FIRE  U=SRCH PILOT LOS  R=NO MSL  D=TRACKING  FU=HOLD FIRE  FR=TGT PILOT  FD=SRCH 9K113 LOS  FL=CM MENU
12:15:37     !! L does not offer "CLOSE" (shows "nil") -- not pressing
12:15:37   on page 'other': C=FIRE  U=SRCH PILOT LOS  R=NO MSL  D=TRACKING  FU=HOLD FIRE  FR=TGT PILOT  FD=SRCH 9K113 LOS  FL=CM MENU
12:15:37     !! L does not offer "CLOSE" (shows "nil") -- not pressing
12:15:37   on page 'other': C=FIRE  U=SRCH PILOT LOS  R=NO MSL  D=TRACKING  FU=HOLD FIRE  FR=TGT PILOT  FD=SRCH 9K113 LOS  FL=CM MENU
12:15:37     !! L does not offer "CLOSE" (shows "nil") -- not pressing
12:15:37   on page 'other': C=FIRE  U=SRCH PILOT LOS  R=NO MSL  D=TRACKING  FU=HOLD FIRE  FR=TGT PILOT  FD=SRCH 9K113 LOS  FL=CM MENU
12:15:37     !! L does not offer "CLOSE" (shows "nil") -- not pressing
12:15:37   on page 'other': C=FIRE  U=SRCH PILOT LOS  R=NO MSL  D=TRACKING  FU=HOLD FIRE  FR=TGT PILOT  FD=SRCH 9K113 LOS  FL=CM MENU
12:15:37     !! L does not offer "CLOSE" (shows "nil") -- not pressing
12:15:37   on page 'other': C=FIRE  U=SRCH PILOT LOS  R=NO MSL  D=TRACKING  FU=HOLD FIRE  FR=TGT PILOT  FD=SRCH 9K113 LOS  FL=CM MENU
12:15:37     !! L does not offer "CLOSE" (shows "nil") -- not pressing
12:15:38   on page 'other': C=FIRE  U=SRCH PILOT LOS  R=NO MSL  D=TRACKING  FU=HOLD FIRE  FR=TGT PILOT  FD=SRCH 9K113 LOS  FL=CM MENU
12:15:38     !! L does not offer "CLOSE" (shows "nil") -- not pressing
12:15:38   on page 'other': C=FIRE  U=SRCH PILOT LOS  R=NO MSL  D=TRACKING  FU=HOLD FIRE  FR=TGT PILOT  FD=SRCH 9K113 LOS  FL=CM MENU
12:15:38     !! L does not offer "CLOSE" (shows "nil") -- not pressing
12:15:38   on page 'other': C=FIRE  U=SRCH PILOT LOS  R=NO MSL  D=TRACKING  FU=HOLD FIRE  FR=TGT PILOT  FD=SRCH 9K113 LOS  FL=CM MENU
12:15:38     !! L does not offer "CLOSE" (shows "nil") -- not pressing
12:15:38   on page 'other': C=FIRE  U=SRCH PILOT LOS  R=NO MSL  D=TRACKING  FU=HOLD FIRE  FR=TGT PILOT  FD=SRCH 9K113 LOS  FL=CM MENU
12:15:38     !! L does not offer "CLOSE" (shows "nil") -- not pressing
12:15:38   on page 'other': C=FIRE  U=SRCH PILOT LOS  R=NO MSL  D=TRACKING  FU=HOLD FIRE  FR=TGT PILOT  FD=SRCH 9K113 LOS  FL=CM MENU
12:15:38     !! L does not offer "CLOSE" (shows "nil") -- not pressing
12:15:38   on page 'other': C=FIRE  U=SRCH PILOT LOS  R=NO MSL  D=TRACKING  FU=HOLD FIRE  FR=TGT PILOT  FD=SRCH 9K113 LOS  FL=CM MENU
12:15:38     !! L does not offer "CLOSE" (shows "nil") -- not pressing
12:15:38   on page 'other': C=FIRE  U=SRCH PILOT LOS  R=NO MSL  D=TRACKING  FU=HOLD FIRE  FR=TGT PILOT  FD=SRCH 9K113 LOS  FL=CM MENU
12:15:38     !! L does not offer "CLOSE" (shows "nil") -- not pressing
12:15:38   on page 'other': C=FIRE  U=SRCH PILOT LOS  R=NO MSL  D=TRACKING  FU=HOLD FIRE  FR=TGT PILOT  FD=SRCH 9K113 LOS  FL=CM MENU
12:15:38     !! L does not offer "CLOSE" (shows "nil") -- not pressing
12:15:38   on page 'other': C=FIRE  U=SRCH PILOT LOS  R=NO MSL  D=TRACKING  FU=HOLD FIRE  FR=TGT PILOT  FD=SRCH 9K113 LOS  FL=CM MENU
12:15:38     !! L does not offer "CLOSE" (shows "nil") -- not pressing
12:15:38   on page 'other': C=FIRE  U=SRCH PILOT LOS  R=NO MSL  D=TRACKING  FU=HOLD FIRE  FR=TGT PILOT  FD=SRCH 9K113 LOS  FL=CM MENU
12:15:38     !! L does not offer "CLOSE" (shows "nil") -- not pressing
12:15:38   on page 'other': C=FIRE  U=SRCH PILOT LOS  R=NO MSL  D=TRACKING  FU=HOLD FIRE  FR=TGT PILOT  FD=SRCH 9K113 LOS  FL=CM MENU
12:15:38     !! L does not offer "CLOSE" (shows "nil") -- not pressing
12:15:38   on page 'other': C=FIRE  U=SRCH PILOT LOS  R=NO MSL  D=TRACKING  FU=HOLD FIRE  FR=TGT PILOT  FD=SRCH 9K113 LOS  FL=CM MENU
12:15:38     !! L does not offer "CLOSE" (shows "nil") -- not pressing
12:15:38   on page 'other': C=FIRE  U=SRCH PILOT LOS  R=NO MSL  D=TRACKING  FU=HOLD FIRE  FR=TGT PILOT  FD=SRCH 9K113 LOS  FL=CM MENU
12:15:38     !! L does not offer "CLOSE" (shows "nil") -- not pressing
12:15:38   on page 'other': C=FIRE  U=SRCH PILOT LOS  R=NO MSL  D=TRACKING  FU=HOLD FIRE  FR=TGT PILOT  FD=SRCH 9K113 LOS  FL=CM MENU
12:15:38     !! L does not offer "CLOSE" (shows "nil") -- not pressing
12:15:38   on page 'other': C=FIRE  U=SRCH PILOT LOS  R=NO MSL  D=TRACKING  FU=HOLD FIRE  FR=TGT PILOT  FD=SRCH 9K113 LOS  FL=CM MENU
12:15:38     !! L does not offer "CLOSE" (shows "nil") -- not pressing
12:15:38   on page 'other': C=FIRE  U=SRCH PILOT LOS  R=NO MSL  D=TRACKING  FU=HOLD FIRE  FR=TGT PILOT  FD=SRCH 9K113 LOS  FL=CM MENU
12:15:38     !! L does not offer "CLOSE" (shows "nil") -- not pressing
12:15:38   on page 'other': C=FIRE  U=SRCH PILOT LOS  R=NO MSL  D=TRACKING  FU=HOLD FIRE  FR=TGT PILOT  FD=SRCH 9K113 LOS  FL=CM MENU
12:15:38     !! L does not offer "CLOSE" (shows "nil") -- not pressing
12:15:38   on page 'other': C=FIRE  U=SRCH PILOT LOS  R=NO MSL  D=TRACKING  FU=HOLD FIRE  FR=TGT PILOT  FD=SRCH 9K113 LOS  FL=CM MENU
12:15:38     !! L does not offer "CLOSE" (shows "nil") -- not pressing
12:15:38   on page 'other': C=FIRE  U=SRCH PILOT LOS  R=NO MSL  D=TRACKING  FU=HOLD FIRE  FR=TGT PILOT  FD=SRCH 9K113 LOS  FL=CM MENU
12:15:38     !! L does not offer "CLOSE" (shows "nil") -- not pressing
12:15:38   on page 'other': C=FIRE  U=SRCH PILOT LOS  R=NO MSL  D=TRACKING  FU=HOLD FIRE  FR=TGT PILOT  FD=SRCH 9K113 LOS  FL=CM MENU
12:15:38     !! L does not offer "CLOSE" (shows "nil") -- not pressing
12:15:38   on page 'other': C=FIRE  U=SRCH PILOT LOS  R=NO MSL  D=TRACKING  FU=HOLD FIRE  FR=TGT PILOT  FD=SRCH 9K113 LOS  FL=CM MENU
12:15:38     !! L does not offer "CLOSE" (shows "nil") -- not pressing
12:15:38   on page 'other': C=FIRE  U=SRCH PILOT LOS  R=NO MSL  D=TRACKING  FU=HOLD FIRE  FR=TGT PILOT  FD=SRCH 9K113 LOS  FL=CM MENU
12:15:38     !! L does not offer "CLOSE" (shows "nil") -- not pressing
12:15:38   on page 'other': C=FIRE  U=SRCH PILOT LOS  R=NO MSL  D=TRACKING  FU=HOLD FIRE  FR=TGT PILOT  FD=SRCH 9K113 LOS  FL=CM MENU
12:15:38     !! L does not offer "CLOSE" (shows "nil") -- not pressing
12:15:38   on page 'other': C=FIRE  U=SRCH PILOT LOS  R=NO MSL  D=TRACKING  FU=HOLD FIRE  FR=TGT PILOT  FD=SRCH 9K113 LOS  FL=CM MENU
12:15:38     !! L does not offer "CLOSE" (shows "nil") -- not pressing
12:15:38   on page 'other': C=FIRE  U=SRCH PILOT LOS  R=NO MSL  D=TRACKING  FU=HOLD FIRE  FR=TGT PILOT  FD=SRCH 9K113 LOS  FL=CM MENU
12:15:38     !! L does not offer "CLOSE" (shows "nil") -- not pressing
12:15:38   on page 'other': C=FIRE  U=SRCH PILOT LOS  R=NO MSL  D=TRACKING  FU=HOLD FIRE  FR=TGT PILOT  FD=SRCH 9K113 LOS  FL=CM MENU
12:15:38     !! L does not offer "CLOSE" (shows "nil") -- not pressing
12:15:38   on page 'other': C=FIRE  U=SRCH PILOT LOS  R=NO MSL  D=TRACKING  FU=HOLD FIRE  FR=TGT PILOT  FD=SRCH 9K113 LOS  FL=CM MENU
12:15:38     !! L does not offer "CLOSE" (shows "nil") -- not pressing
12:15:38   on page 'other': C=FIRE  U=SRCH PILOT LOS  R=NO MSL  D=TRACKING  FU=HOLD FIRE  FR=TGT PILOT  FD=SRCH 9K113 LOS  FL=CM MENU
12:15:38     !! L does not offer "CLOSE" (shows "nil") -- not pressing
12:15:38   on page 'other': C=FIRE  U=SRCH PILOT LOS  R=NO MSL  D=TRACKING  FU=HOLD FIRE  FR=TGT PILOT  FD=SRCH 9K113 LOS  FL=CM MENU
12:15:38     !! L does not offer "CLOSE" (shows "nil") -- not pressing
12:15:38   on page 'other': C=FIRE  U=SRCH PILOT LOS  R=NO MSL  D=TRACKING  FU=HOLD FIRE  FR=TGT PILOT  FD=SRCH 9K113 LOS  FL=CM MENU
12:15:38     !! L does not offer "CLOSE" (shows "nil") -- not pressing
12:15:38   on page 'other': C=FIRE  U=SRCH PILOT LOS  R=NO MSL  D=TRACKING  FU=HOLD FIRE  FR=TGT PILOT  FD=SRCH 9K113 LOS  FL=CM MENU
12:15:38     !! L does not offer "CLOSE" (shows "nil") -- not pressing
12:15:38   on page 'other': C=FIRE  U=SRCH PILOT LOS  R=NO MSL  D=TRACKING  FU=HOLD FIRE  FR=TGT PILOT  FD=SRCH 9K113 LOS  FL=CM MENU
12:15:38     !! L does not offer "CLOSE" (shows "nil") -- not pressing
12:15:38   on page 'other': C=FIRE  U=SRCH PILOT LOS  R=NO MSL  D=TRACKING  FU=HOLD FIRE  FR=TGT PILOT  FD=SRCH 9K113 LOS  FL=CM MENU
12:15:38     !! L does not offer "CLOSE" (shows "nil") -- not pressing
12:15:38   on page 'other': C=FIRE  U=SRCH PILOT LOS  R=NO MSL  D=TRACKING  FU=HOLD FIRE  FR=TGT PILOT  FD=SRCH 9K113 LOS  FL=CM MENU
12:15:38     !! L does not offer "CLOSE" (shows "nil") -- not pressing
12:15:38   on page 'other': C=FIRE  U=SRCH PILOT LOS  R=NO MSL  D=TRACKING  FU=HOLD FIRE  FR=TGT PILOT  FD=SRCH 9K113 LOS  FL=CM MENU
12:15:38     !! L does not offer "CLOSE" (shows "nil") -- not pressing
12:15:38   on page 'other': C=FIRE  U=SRCH PILOT LOS  R=NO MSL  D=TRACKING  FU=HOLD FIRE  FR=TGT PILOT  FD=SRCH 9K113 LOS  FL=CM MENU
12:15:38     !! L does not offer "CLOSE" (shows "nil") -- not pressing
12:15:38   on page 'other': C=FIRE  U=SRCH PILOT LOS  R=NO MSL  D=TRACKING  FU=HOLD FIRE  FR=TGT PILOT  FD=SRCH 9K113 LOS  FL=CM MENU
12:15:38     !! L does not offer "CLOSE" (shows "nil") -- not pressing
12:15:38   on page 'other': C=FIRE  U=SRCH PILOT LOS  R=NO MSL  D=TRACKING  FU=HOLD FIRE  FR=TGT PILOT  FD=SRCH 9K113 LOS  FL=CM MENU
12:15:38     !! L does not offer "CLOSE" (shows "nil") -- not pressing
12:15:38   on page 'other': C=FIRE  U=SRCH PILOT LOS  R=NO MSL  D=TRACKING  FU=HOLD FIRE  FR=TGT PILOT  FD=SRCH 9K113 LOS  FL=CM MENU
12:15:38     !! L does not offer "CLOSE" (shows "nil") -- not pressing
12:15:38   on page 'other': C=FIRE  U=SRCH PILOT LOS  R=NO MSL  D=TRACKING  FU=HOLD FIRE  FR=TGT PILOT  FD=SRCH 9K113 LOS  FL=CM MENU
12:15:38     !! L does not offer "CLOSE" (shows "nil") -- not pressing
12:15:38   on page 'other': C=FIRE  U=SRCH PILOT LOS  R=NO MSL  D=TRACKING  FU=HOLD FIRE  FR=TGT PILOT  FD=SRCH 9K113 LOS  FL=CM MENU
12:15:38     !! L does not offer "CLOSE" (shows "nil") -- not pressing
12:15:38   on page 'other': C=FIRE  U=SRCH PILOT LOS  R=NO MSL  D=TRACKING  FU=HOLD FIRE  FR=TGT PILOT  FD=SRCH 9K113 LOS  FL=CM MENU
12:15:38     !! L does not offer "CLOSE" (shows "nil") -- not pressing
12:15:38   on page 'other': C=FIRE  U=SRCH PILOT LOS  R=NO MSL  D=TRACKING  FU=HOLD FIRE  FR=TGT PILOT  FD=SRCH 9K113 LOS  FL=CM MENU
12:15:38     !! L does not offer "CLOSE" (shows "nil") -- not pressing
12:15:38   on page 'other': C=FIRE  U=SRCH PILOT LOS  R=NO MSL  D=TRACKING  FU=HOLD FIRE  FR=TGT PILOT  FD=SRCH 9K113 LOS  FL=CM MENU
12:15:38     !! L does not offer "CLOSE" (shows "nil") -- not pressing
12:15:38   on page 'other': C=FIRE  U=SRCH PILOT LOS  R=NO MSL  D=TRACKING  FU=HOLD FIRE  FR=TGT PILOT  FD=SRCH 9K113 LOS  FL=CM MENU
12:15:38     !! L does not offer "CLOSE" (shows "nil") -- not pressing
12:15:38   on page 'other': C=FIRE  U=SRCH PILOT LOS  R=NO MSL  D=TRACKING  FU=HOLD FIRE  FR=TGT PILOT  FD=SRCH 9K113 LOS  FL=CM MENU
12:15:38     !! L does not offer "CLOSE" (shows "nil") -- not pressing
12:15:38   on page 'other': C=FIRE  U=SRCH PILOT LOS  R=NO MSL  D=TRACKING  FU=HOLD FIRE  FR=TGT PILOT  FD=SRCH 9K113 LOS  FL=CM MENU
12:15:38     !! L does not offer "CLOSE" (shows "nil") -- not pressing
12:15:38   on page 'other': C=FIRE  U=SRCH PILOT LOS  R=NO MSL  D=TRACKING  FU=HOLD FIRE  FR=TGT PILOT  FD=SRCH 9K113 LOS  FL=CM MENU
12:15:38     !! L does not offer "CLOSE" (shows "nil") -- not pressing
12:15:38   on page 'other': C=FIRE  U=SRCH PILOT LOS  R=NO MSL  D=TRACKING  FU=HOLD FIRE  FR=TGT PILOT  FD=SRCH 9K113 LOS  FL=CM MENU
12:15:38     !! L does not offer "CLOSE" (shows "nil") -- not pressing
12:15:38   on page 'other': C=FIRE  U=SRCH PILOT LOS  R=NO MSL  D=TRACKING  FU=HOLD FIRE  FR=TGT PILOT  FD=SRCH 9K113 LOS  FL=CM MENU
12:15:38     !! L does not offer "CLOSE" (shows "nil") -- not pressing
12:15:38   on page 'other': C=FIRE  U=SRCH PILOT LOS  R=NO MSL  D=TRACKING  FU=HOLD FIRE  FR=TGT PILOT  FD=SRCH 9K113 LOS  FL=CM MENU
12:15:38     !! L does not offer "CLOSE" (shows "nil") -- not pressing
12:15:38   on page 'other': C=FIRE  U=SRCH PILOT LOS  R=NO MSL  D=TRACKING  FU=HOLD FIRE  FR=TGT PILOT  FD=SRCH 9K113 LOS  FL=CM MENU
12:15:38     !! L does not offer "CLOSE" (shows "nil") -- not pressing
12:15:38   on page 'other': C=FIRE  U=SRCH PILOT LOS  R=NO MSL  D=TRACKING  FU=HOLD FIRE  FR=TGT PILOT  FD=SRCH 9K113 LOS  FL=CM MENU
12:15:38     !! L does not offer "CLOSE" (shows "nil") -- not pressing
12:15:38   on page 'other': C=FIRE  U=SRCH PILOT LOS  R=NO MSL  D=TRACKING  FU=HOLD FIRE  FR=TGT PILOT  FD=SRCH 9K113 LOS  FL=CM MENU
12:15:38     !! L does not offer "CLOSE" (shows "nil") -- not pressing
12:15:38   on page 'other': C=FIRE  U=SRCH PILOT LOS  R=NO MSL  D=TRACKING  FU=HOLD FIRE  FR=TGT PILOT  FD=SRCH 9K113 LOS  FL=CM MENU
12:15:38     !! L does not offer "CLOSE" (shows "nil") -- not pressing
12:15:38   on page 'other': C=FIRE  U=SRCH PILOT LOS  R=NO MSL  D=TRACKING  FU=HOLD FIRE  FR=TGT PILOT  FD=SRCH 9K113 LOS  FL=CM MENU
12:15:38     !! L does not offer "CLOSE" (shows "nil") -- not pressing
12:15:38   on page 'other': C=FIRE  U=SRCH PILOT LOS  R=NO MSL  D=TRACKING  FU=HOLD FIRE  FR=TGT PILOT  FD=SRCH 9K113 LOS  FL=CM MENU
12:15:38     !! L does not offer "CLOSE" (shows "nil") -- not pressing
12:15:38   on page 'other': C=FIRE  U=SRCH PILOT LOS  R=NO MSL  D=TRACKING  FU=HOLD FIRE  FR=TGT PILOT  FD=SRCH 9K113 LOS  FL=CM MENU
12:15:38     !! L does not offer "CLOSE" (shows "nil") -- not pressing
12:15:38   on page 'other': C=FIRE  U=SRCH PILOT LOS  R=NO MSL  D=TRACKING  FU=HOLD FIRE  FR=TGT PILOT  FD=SRCH 9K113 LOS  FL=CM MENU
12:15:38     !! L does not offer "CLOSE" (shows "nil") -- not pressing
12:15:38   on page 'other': C=FIRE  U=SRCH PILOT LOS  R=NO MSL  D=TRACKING  FU=HOLD FIRE  FR=TGT PILOT  FD=SRCH 9K113 LOS  FL=CM MENU
12:15:38     !! L does not offer "CLOSE" (shows "nil") -- not pressing
12:15:38   on page 'other': C=FIRE  U=SRCH PILOT LOS  R=NO MSL  D=TRACKING  FU=HOLD FIRE  FR=TGT PILOT  FD=SRCH 9K113 LOS  FL=CM MENU
12:15:38     !! L does not offer "CLOSE" (shows "nil") -- not pressing
12:15:38   on page 'other': C=FIRE  U=SRCH PILOT LOS  R=NO MSL  D=TRACKING  FU=HOLD FIRE  FR=TGT PILOT  FD=SRCH 9K113 LOS  FL=CM MENU
12:15:38     !! L does not offer "CLOSE" (shows "nil") -- not pressing
12:15:38   on page 'other': C=FIRE  U=SRCH PILOT LOS  R=NO MSL  D=TRACKING  FU=HOLD FIRE  FR=TGT PILOT  FD=SRCH 9K113 LOS  FL=CM MENU
12:15:38     !! L does not offer "CLOSE" (shows "nil") -- not pressing
12:15:38   on page 'other': C=FIRE  U=SRCH PILOT LOS  R=NO MSL  D=TRACKING  FU=HOLD FIRE  FR=TGT PILOT  FD=SRCH 9K113 LOS  FL=CM MENU
12:15:38     !! L does not offer "CLOSE" (shows "nil") -- not pressing
12:15:38   on page 'other': C=FIRE  U=SRCH PILOT LOS  R=NO MSL  D=TRACKING  FU=HOLD FIRE  FR=TGT PILOT  FD=SRCH 9K113 LOS  FL=CM MENU
12:15:38     !! L does not offer "CLOSE" (shows "nil") -- not pressing
12:15:38   on page 'other': C=FIRE  U=SRCH PILOT LOS  R=NO MSL  D=TRACKING  FU=HOLD FIRE  FR=TGT PILOT  FD=SRCH 9K113 LOS  FL=CM MENU
12:15:38     !! L does not offer "CLOSE" (shows "nil") -- not pressing
12:15:38   on page 'other': C=FIRE  U=SRCH PILOT LOS  R=NO MSL  D=TRACKING  FU=HOLD FIRE  FR=TGT PILOT  FD=SRCH 9K113 LOS  FL=CM MENU
12:15:38     !! L does not offer "CLOSE" (shows "nil") -- not pressing
12:15:38   on page 'other': C=FIRE  U=SRCH PILOT LOS  R=NO MSL  D=TRACKING  FU=HOLD FIRE  FR=TGT PILOT  FD=SRCH 9K113 LOS  FL=CM MENU
12:15:38     !! L does not offer "CLOSE" (shows "nil") -- not pressing
12:15:38   on page 'other': C=FIRE  U=SRCH PILOT LOS  R=NO MSL  D=TRACKING  FU=HOLD FIRE  FR=TGT PILOT  FD=SRCH 9K113 LOS  FL=CM MENU
12:15:38     !! L does not offer "CLOSE" (shows "nil") -- not pressing
12:15:38   on page 'other': C=FIRE  U=SRCH PILOT LOS  R=NO MSL  D=TRACKING  FU=HOLD FIRE  FR=TGT PILOT  FD=SRCH 9K113 LOS  FL=CM MENU
12:15:38     !! L does not offer "CLOSE" (shows "nil") -- not pressing
12:15:38   on page 'other': C=FIRE  U=SRCH PILOT LOS  R=NO MSL  D=TRACKING  FU=HOLD FIRE  FR=TGT PILOT  FD=SRCH 9K113 LOS  FL=CM MENU
12:15:38     !! L does not offer "CLOSE" (shows "nil") -- not pressing
12:15:38   on page 'other': C=FIRE  U=SRCH PILOT LOS  R=NO MSL  D=TRACKING  FU=HOLD FIRE  FR=TGT PILOT  FD=SRCH 9K113 LOS  FL=CM MENU
12:15:38     !! L does not offer "CLOSE" (shows "nil") -- not pressing
12:15:38   on page 'other': C=FIRE  U=SRCH PILOT LOS  R=NO MSL  D=TRACKING  FU=HOLD FIRE  FR=TGT PILOT  FD=SRCH 9K113 LOS  FL=CM MENU
12:15:38     !! L does not offer "CLOSE" (shows "nil") -- not pressing
12:15:38   on page 'other': C=FIRE  U=SRCH PILOT LOS  R=NO MSL  D=TRACKING  FU=HOLD FIRE  FR=TGT PILOT  FD=SRCH 9K113 LOS  FL=CM MENU
12:15:38     !! L does not offer "CLOSE" (shows "nil") -- not pressing
12:15:38   on page 'other': C=FIRE  U=SRCH PILOT LOS  R=NO MSL  D=TRACKING  FU=HOLD FIRE  FR=TGT PILOT  FD=SRCH 9K113 LOS  FL=CM MENU
12:15:38     !! L does not offer "CLOSE" (shows "nil") -- not pressing
12:15:38   on page 'other': C=FIRE  U=SRCH PILOT LOS  R=NO MSL  D=TRACKING  FU=HOLD FIRE  FR=TGT PILOT  FD=SRCH 9K113 LOS  FL=CM MENU
12:15:38     !! L does not offer "CLOSE" (shows "nil") -- not pressing
12:15:38   on page 'other': C=FIRE  U=SRCH PILOT LOS  R=NO MSL  D=TRACKING  FU=HOLD FIRE  FR=TGT PILOT  FD=SRCH 9K113 LOS  FL=CM MENU
12:15:38     !! L does not offer "CLOSE" (shows "nil") -- not pressing
12:15:38   on page 'other': C=FIRE  U=SRCH PILOT LOS  R=NO MSL  D=TRACKING  FU=HOLD FIRE  FR=TGT PILOT  FD=SRCH 9K113 LOS  FL=CM MENU
12:15:38     !! L does not offer "CLOSE" (shows "nil") -- not pressing
12:15:38   on page 'other': C=FIRE  U=SRCH PILOT LOS  R=NO MSL  D=TRACKING  FU=HOLD FIRE  FR=TGT PILOT  FD=SRCH 9K113 LOS  FL=CM MENU
12:15:38     !! L does not offer "CLOSE" (shows "nil") -- not pressing
12:15:38   on page 'other': C=FIRE  U=SRCH PILOT LOS  R=NO MSL  D=TRACKING  FU=HOLD FIRE  FR=TGT PILOT  FD=SRCH 9K113 LOS  FL=CM MENU
12:15:38     !! L does not offer "CLOSE" (shows "nil") -- not pressing
12:15:39   on page 'other': C=FIRE  U=SRCH PILOT LOS  R=NO MSL  D=TRACKING  FU=HOLD FIRE  FR=TGT PILOT  FD=SRCH 9K113 LOS  FL=CM MENU
12:15:39     !! L does not offer "CLOSE" (shows "nil") -- not pressing
12:15:39   on page 'other': C=FIRE  U=SRCH PILOT LOS  R=NO MSL  D=TRACKING  FU=HOLD FIRE  FR=TGT PILOT  FD=SRCH 9K113 LOS  FL=CM MENU
12:15:39     !! L does not offer "CLOSE" (shows "nil") -- not pressing
12:15:39   on page 'other': C=FIRE  U=SRCH PILOT LOS  R=NO MSL  D=TRACKING  FU=HOLD FIRE  FR=TGT PILOT  FD=SRCH 9K113 LOS  FL=CM MENU
12:15:39     !! L does not offer "CLOSE" (shows "nil") -- not pressing
12:15:39   on page 'other': C=FIRE  U=SRCH PILOT LOS  R=NO MSL  D=TRACKING  FU=HOLD FIRE  FR=TGT PILOT  FD=SRCH 9K113 LOS  FL=CM MENU
12:15:39     !! L does not offer "CLOSE" (shows "nil") -- not pressing
12:15:39   on page 'other': C=FIRE  U=SRCH PILOT LOS  R=NO MSL  D=TRACKING  FU=HOLD FIRE  FR=TGT PILOT  FD=SRCH 9K113 LOS  FL=CM MENU
12:15:39     !! L does not offer "CLOSE" (shows "nil") -- not pressing
12:15:39   on page 'other': C=FIRE  U=SRCH PILOT LOS  R=NO MSL  D=TRACKING  FU=HOLD FIRE  FR=TGT PILOT  FD=SRCH 9K113 LOS  FL=CM MENU
12:15:39     !! L does not offer "CLOSE" (shows "nil") -- not pressing
12:15:39   on page 'other': C=FIRE  U=SRCH PILOT LOS  R=NO MSL  D=TRACKING  FU=HOLD FIRE  FR=TGT PILOT  FD=SRCH 9K113 LOS  FL=CM MENU
12:15:39     !! L does not offer "CLOSE" (shows "nil") -- not pressing
12:15:39   on page 'other': C=FIRE  U=SRCH PILOT LOS  R=NO MSL  D=TRACKING  FU=HOLD FIRE  FR=TGT PILOT  FD=SRCH 9K113 LOS  FL=CM MENU
12:15:39     !! L does not offer "CLOSE" (shows "nil") -- not pressing
12:15:39   on page 'other': C=FIRE  U=SRCH PILOT LOS  R=NO MSL  D=TRACKING  FU=HOLD FIRE  FR=TGT PILOT  FD=SRCH 9K113 LOS  FL=CM MENU
12:15:39     !! L does not offer "CLOSE" (shows "nil") -- not pressing
12:15:39   on page 'other': C=FIRE  U=SRCH PILOT LOS  R=NO MSL  D=TRACKING  FU=HOLD FIRE  FR=TGT PILOT  FD=SRCH 9K113 LOS  FL=CM MENU
12:15:39     !! L does not offer "CLOSE" (shows "nil") -- not pressing
12:15:39   on page 'other': C=FIRE  U=SRCH PILOT LOS  R=NO MSL  D=TRACKING  FU=HOLD FIRE  FR=TGT PILOT  FD=SRCH 9K113 LOS  FL=CM MENU
12:15:39     !! L does not offer "CLOSE" (shows "nil") -- not pressing
12:15:39   on page 'other': C=FIRE  U=SRCH PILOT LOS  R=NO MSL  D=TRACKING  FU=HOLD FIRE  FR=TGT PILOT  FD=SRCH 9K113 LOS  FL=CM MENU
12:15:39     !! L does not offer "CLOSE" (shows "nil") -- not pressing
12:15:39   on page 'other': C=FIRE  U=SRCH PILOT LOS  R=NO MSL  D=TRACKING  FU=HOLD FIRE  FR=TGT PILOT  FD=SRCH 9K113 LOS  FL=CM MENU
12:15:39     !! L does not offer "CLOSE" (shows "nil") -- not pressing
12:15:39   on page 'other': C=FIRE  U=SRCH PILOT LOS  R=NO MSL  D=TRACKING  FU=HOLD FIRE  FR=TGT PILOT  FD=SRCH 9K113 LOS  FL=CM MENU
12:15:39     !! L does not offer "CLOSE" (shows "nil") -- not pressing
12:15:39   on page 'other': C=FIRE  U=SRCH PILOT LOS  R=NO MSL  D=TRACKING  FU=HOLD FIRE  FR=TGT PILOT  FD=SRCH 9K113 LOS  FL=CM MENU
12:15:39     !! L does not offer "CLOSE" (shows "nil") -- not pressing
12:15:39   on page 'other': C=FIRE  U=SRCH PILOT LOS  R=NO MSL  D=TRACKING  FU=HOLD FIRE  FR=TGT PILOT  FD=SRCH 9K113 LOS  FL=CM MENU
12:15:39     !! L does not offer "CLOSE" (shows "nil") -- not pressing
12:15:39   on page 'other': C=FIRE  U=SRCH PILOT LOS  R=NO MSL  D=TRACKING  FU=HOLD FIRE  FR=TGT PILOT  FD=SRCH 9K113 LOS  FL=CM MENU
12:15:39     !! L does not offer "CLOSE" (shows "nil") -- not pressing
12:15:39   on page 'other': C=FIRE  U=SRCH PILOT LOS  R=NO MSL  D=TRACKING  FU=HOLD FIRE  FR=TGT PILOT  FD=SRCH 9K113 LOS  FL=CM MENU
12:15:39     !! L does not offer "CLOSE" (shows "nil") -- not pressing
12:15:39   on page 'other': C=FIRE  U=SRCH PILOT LOS  R=NO MSL  D=TRACKING  FU=HOLD FIRE  FR=TGT PILOT  FD=SRCH 9K113 LOS  FL=CM MENU
12:15:39     !! L does not offer "CLOSE" (shows "nil") -- not pressing
12:15:39   on page 'other': C=FIRE  U=SRCH PILOT LOS  R=NO MSL  D=TRACKING  FU=HOLD FIRE  FR=TGT PILOT  FD=SRCH 9K113 LOS  FL=CM MENU
12:15:39     !! L does not offer "CLOSE" (shows "nil") -- not pressing
12:15:39   on page 'other': C=FIRE  U=SRCH PILOT LOS  R=NO MSL  D=TRACKING  FU=HOLD FIRE  FR=TGT PILOT  FD=SRCH 9K113 LOS  FL=CM MENU
12:15:39     !! L does not offer "CLOSE" (shows "nil") -- not pressing
12:15:39   on page 'other': C=FIRE  U=SRCH PILOT LOS  R=NO MSL  D=TRACKING  FU=HOLD FIRE  FR=TGT PILOT  FD=SRCH 9K113 LOS  FL=CM MENU
12:15:39     !! L does not offer "CLOSE" (shows "nil") -- not pressing
12:15:39   on page 'other': C=FIRE  U=SRCH PILOT LOS  R=NO MSL  D=TRACKING  FU=HOLD FIRE  FR=TGT PILOT  FD=SRCH 9K113 LOS  FL=CM MENU
12:15:39     !! L does not offer "CLOSE" (shows "nil") -- not pressing
12:15:39   on page 'other': C=FIRE  U=SRCH PILOT LOS  R=NO MSL  D=TRACKING  FU=HOLD FIRE  FR=TGT PILOT  FD=SRCH 9K113 LOS  FL=CM MENU
12:15:39     !! L does not offer "CLOSE" (shows "nil") -- not pressing
12:15:39   on page 'other': C=FIRE  U=SRCH PILOT LOS  R=NO MSL  D=TRACKING  FU=HOLD FIRE  FR=TGT PILOT  FD=SRCH 9K113 LOS  FL=CM MENU
12:15:39     !! L does not offer "CLOSE" (shows "nil") -- not pressing
12:15:39   on page 'other': C=FIRE  U=SRCH PILOT LOS  R=NO MSL  D=TRACKING  FU=HOLD FIRE  FR=TGT PILOT  FD=SRCH 9K113 LOS  FL=CM MENU
12:15:39     !! L does not offer "CLOSE" (shows "nil") -- not pressing
12:15:39   on page 'other': C=FIRE  U=SRCH PILOT LOS  R=NO MSL  D=TRACKING  FU=HOLD FIRE  FR=TGT PILOT  FD=SRCH 9K113 LOS  FL=CM MENU
12:15:39     !! L does not offer "CLOSE" (shows "nil") -- not pressing
12:15:39   on page 'other': C=FIRE  U=SRCH PILOT LOS  R=NO MSL  D=TRACKING  FU=HOLD FIRE  FR=TGT PILOT  FD=SRCH 9K113 LOS  FL=CM MENU
12:15:39     !! L does not offer "CLOSE" (shows "nil") -- not pressing
12:15:39   on page 'other': C=FIRE  U=SRCH PILOT LOS  R=NO MSL  D=TRACKING  FU=HOLD FIRE  FR=TGT PILOT  FD=SRCH 9K113 LOS  FL=CM MENU
12:15:39     !! L does not offer "CLOSE" (shows "nil") -- not pressing
12:15:39   on page 'other': C=FIRE  U=SRCH PILOT LOS  R=NO MSL  D=TRACKING  FU=HOLD FIRE  FR=TGT PILOT  FD=SRCH 9K113 LOS  FL=CM MENU
12:15:39     !! L does not offer "CLOSE" (shows "nil") -- not pressing
12:15:39   on page 'other': C=FIRE  U=SRCH PILOT LOS  R=NO MSL  D=TRACKING  FU=HOLD FIRE  FR=TGT PILOT  FD=SRCH 9K113 LOS  FL=CM MENU
12:15:39     !! L does not offer "CLOSE" (shows "nil") -- not pressing
12:15:39   on page 'other': C=FIRE  U=SRCH PILOT LOS  R=NO MSL  D=TRACKING  FU=HOLD FIRE  FR=TGT PILOT  FD=SRCH 9K113 LOS  FL=CM MENU
12:15:39     !! L does not offer "CLOSE" (shows "nil") -- not pressing
12:15:39   on page 'other': C=FIRE  U=SRCH PILOT LOS  R=NO MSL  D=TRACKING  FU=HOLD FIRE  FR=TGT PILOT  FD=SRCH 9K113 LOS  FL=CM MENU
12:15:39     !! L does not offer "CLOSE" (shows "nil") -- not pressing
12:15:39   on page 'other': C=FIRE  U=SRCH PILOT LOS  R=NO MSL  D=TRACKING  FU=HOLD FIRE  FR=TGT PILOT  FD=SRCH 9K113 LOS  FL=CM MENU
12:15:39     !! L does not offer "CLOSE" (shows "nil") -- not pressing
12:15:39   on page 'other': C=FIRE  U=SRCH PILOT LOS  R=NO MSL  D=TRACKING  FU=HOLD FIRE  FR=TGT PILOT  FD=SRCH 9K113 LOS  FL=CM MENU
12:15:39     !! L does not offer "CLOSE" (shows "nil") -- not pressing
12:15:39   on page 'other': C=FIRE  U=SRCH PILOT LOS  R=NO MSL  D=TRACKING  FU=HOLD FIRE  FR=TGT PILOT  FD=SRCH 9K113 LOS  FL=CM MENU
12:15:39     !! L does not offer "CLOSE" (shows "nil") -- not pressing
12:15:39   on page 'other': C=FIRE  U=SRCH PILOT LOS  R=NO MSL  D=TRACKING  FU=HOLD FIRE  FR=TGT PILOT  FD=SRCH 9K113 LOS  FL=CM MENU
12:15:39     !! L does not offer "CLOSE" (shows "nil") -- not pressing
12:15:39   on page 'other': C=FIRE  U=SRCH PILOT LOS  R=NO MSL  D=TRACKING  FU=HOLD FIRE  FR=TGT PILOT  FD=SRCH 9K113 LOS  FL=CM MENU
12:15:39     !! L does not offer "CLOSE" (shows "nil") -- not pressing
12:15:39   on page 'other': C=FIRE  U=SRCH PILOT LOS  R=NO MSL  D=TRACKING  FU=HOLD FIRE  FR=TGT PILOT  FD=SRCH 9K113 LOS  FL=CM MENU
12:15:39     !! L does not offer "CLOSE" (shows "nil") -- not pressing
12:15:39   on page 'other': C=FIRE  U=SRCH PILOT LOS  R=NO MSL  D=TRACKING  FU=HOLD FIRE  FR=TGT PILOT  FD=SRCH 9K113 LOS  FL=CM MENU
12:15:39     !! L does not offer "CLOSE" (shows "nil") -- not pressing
12:15:39   on page 'other': C=FIRE  U=SRCH PILOT LOS  R=NO MSL  D=TRACKING  FU=HOLD FIRE  FR=TGT PILOT  FD=SRCH 9K113 LOS  FL=CM MENU
12:15:39     !! L does not offer "CLOSE" (shows "nil") -- not pressing
12:15:39   on page 'other': C=FIRE  U=SRCH PILOT LOS  R=NO MSL  D=TRACKING  FU=HOLD FIRE  FR=TGT PILOT  FD=SRCH 9K113 LOS  FL=CM MENU
12:15:39     !! L does not offer "CLOSE" (shows "nil") -- not pressing
12:15:39   on page 'other': C=FIRE  U=SRCH PILOT LOS  R=NO MSL  D=TRACKING  FU=HOLD FIRE  FR=TGT PILOT  FD=SRCH 9K113 LOS  FL=CM MENU
12:15:39     !! L does not offer "CLOSE" (shows "nil") -- not pressing
12:15:39   on page 'other': C=FIRE  U=SRCH PILOT LOS  R=NO MSL  D=TRACKING  FU=HOLD FIRE  FR=TGT PILOT  FD=SRCH 9K113 LOS  FL=CM MENU
12:15:39     !! L does not offer "CLOSE" (shows "nil") -- not pressing
12:15:39   on page 'other': C=FIRE  U=SRCH PILOT LOS  R=NO MSL  D=TRACKING  FU=HOLD FIRE  FR=TGT PILOT  FD=SRCH 9K113 LOS  FL=CM MENU
12:15:39     !! L does not offer "CLOSE" (shows "nil") -- not pressing
12:15:39   on page 'other': C=FIRE  U=SRCH PILOT LOS  R=NO MSL  D=TRACKING  FU=HOLD FIRE  FR=TGT PILOT  FD=SRCH 9K113 LOS  FL=CM MENU
12:15:39     !! L does not offer "CLOSE" (shows "nil") -- not pressing
12:15:39   on page 'other': C=FIRE  U=SRCH PILOT LOS  R=NO MSL  D=TRACKING  FU=HOLD FIRE  FR=TGT PILOT  FD=SRCH 9K113 LOS  FL=CM MENU
12:15:39     !! L does not offer "CLOSE" (shows "nil") -- not pressing
12:15:39   on page 'other': C=FIRE  U=SRCH PILOT LOS  R=NO MSL  D=TRACKING  FU=HOLD FIRE  FR=TGT PILOT  FD=SRCH 9K113 LOS  FL=CM MENU
12:15:39     !! L does not offer "CLOSE" (shows "nil") -- not pressing
12:15:39   on page 'other': C=FIRE  U=SRCH PILOT LOS  R=NO MSL  D=TRACKING  FU=HOLD FIRE  FR=TGT PILOT  FD=SRCH 9K113 LOS  FL=CM MENU
12:15:39     !! L does not offer "CLOSE" (shows "nil") -- not pressing
12:15:39   on page 'other': C=FIRE  U=SRCH PILOT LOS  R=NO MSL  D=TRACKING  FU=HOLD FIRE  FR=TGT PILOT  FD=SRCH 9K113 LOS  FL=CM MENU
12:15:39     !! L does not offer "CLOSE" (shows "nil") -- not pressing
12:15:39   on page 'other': C=FIRE  U=SRCH PILOT LOS  R=NO MSL  D=TRACKING  FU=HOLD FIRE  FR=TGT PILOT  FD=SRCH 9K113 LOS  FL=CM MENU
12:15:39     !! L does not offer "CLOSE" (shows "nil") -- not pressing
12:15:39   on page 'other': C=FIRE  U=SRCH PILOT LOS  R=NO MSL  D=TRACKING  FU=HOLD FIRE  FR=TGT PILOT  FD=SRCH 9K113 LOS  FL=CM MENU
12:15:39     !! L does not offer "CLOSE" (shows "nil") -- not pressing
12:15:39   on page 'other': C=FIRE  U=SRCH PILOT LOS  R=NO MSL  D=TRACKING  FU=HOLD FIRE  FR=TGT PILOT  FD=SRCH 9K113 LOS  FL=CM MENU
12:15:39     !! L does not offer "CLOSE" (shows "nil") -- not pressing
12:15:39   on page 'other': C=FIRE  U=SRCH PILOT LOS  R=NO MSL  D=TRACKING  FU=HOLD FIRE  FR=TGT PILOT  FD=SRCH 9K113 LOS  FL=CM MENU
12:15:39     !! L does not offer "CLOSE" (shows "nil") -- not pressing
12:15:39   on page 'other': C=FIRE  U=SRCH PILOT LOS  R=NO MSL  D=TRACKING  FU=HOLD FIRE  FR=TGT PILOT  FD=SRCH 9K113 LOS  FL=CM MENU
12:15:39     !! L does not offer "CLOSE" (shows "nil") -- not pressing
12:15:39   on page 'other': C=FIRE  U=SRCH PILOT LOS  R=NO MSL  D=TRACKING  FU=HOLD FIRE  FR=TGT PILOT  FD=SRCH 9K113 LOS  FL=CM MENU
12:15:39     !! L does not offer "CLOSE" (shows "nil") -- not pressing
12:15:39   on page 'other': C=FIRE  U=SRCH PILOT LOS  R=NO MSL  D=TRACKING  FU=HOLD FIRE  FR=TGT PILOT  FD=SRCH 9K113 LOS  FL=CM MENU
12:15:39     !! L does not offer "CLOSE" (shows "nil") -- not pressing
12:15:39   on page 'other': C=FIRE  U=SRCH PILOT LOS  R=NO MSL  D=TRACKING  FU=HOLD FIRE  FR=TGT PILOT  FD=SRCH 9K113 LOS  FL=CM MENU
12:15:39     !! L does not offer "CLOSE" (shows "nil") -- not pressing
12:15:39   on page 'other': C=FIRE  U=SRCH PILOT LOS  R=NO MSL  D=TRACKING  FU=HOLD FIRE  FR=TGT PILOT  FD=SRCH 9K113 LOS  FL=CM MENU
12:15:39     !! L does not offer "CLOSE" (shows "nil") -- not pressing
12:15:39   on page 'other': C=FIRE  U=SRCH PILOT LOS  R=NO MSL  D=TRACKING  FU=HOLD FIRE  FR=TGT PILOT  FD=SRCH 9K113 LOS  FL=CM MENU
12:15:39     !! L does not offer "CLOSE" (shows "nil") -- not pressing
12:15:39   on page 'other': C=FIRE  U=SRCH PILOT LOS  R=NO MSL  D=TRACKING  FU=HOLD FIRE  FR=TGT PILOT  FD=SRCH 9K113 LOS  FL=CM MENU
12:15:39     !! L does not offer "CLOSE" (shows "nil") -- not pressing
12:15:39   on page 'other': C=FIRE  U=SRCH PILOT LOS  R=NO MSL  D=TRACKING  FU=HOLD FIRE  FR=TGT PILOT  FD=SRCH 9K113 LOS  FL=CM MENU
12:15:39     !! L does not offer "CLOSE" (shows "nil") -- not pressing
12:15:39   on page 'other': C=FIRE  U=SRCH PILOT LOS  R=NO MSL  D=TRACKING  FU=HOLD FIRE  FR=TGT PILOT  FD=SRCH 9K113 LOS  FL=CM MENU
12:15:39     !! L does not offer "CLOSE" (shows "nil") -- not pressing
12:15:39   on page 'other': C=FIRE  U=SRCH PILOT LOS  R=NO MSL  D=TRACKING  FU=HOLD FIRE  FR=TGT PILOT  FD=SRCH 9K113 LOS  FL=CM MENU
12:15:39     !! L does not offer "CLOSE" (shows "nil") -- not pressing
12:15:39   on page 'other': C=FIRE  U=SRCH PILOT LOS  R=NO MSL  D=TRACKING  FU=HOLD FIRE  FR=TGT PILOT  FD=SRCH 9K113 LOS  FL=CM MENU
12:15:39     !! L does not offer "CLOSE" (shows "nil") -- not pressing
12:15:39   on page 'other': C=FIRE  U=SRCH PILOT LOS  R=NO MSL  D=TRACKING  FU=HOLD FIRE  FR=TGT PILOT  FD=SRCH 9K113 LOS  FL=CM MENU
12:15:39     !! L does not offer "CLOSE" (shows "nil") -- not pressing
12:15:39   on page 'other': C=FIRE  U=SRCH PILOT LOS  R=NO MSL  D=TRACKING  FU=HOLD FIRE  FR=TGT PILOT  FD=SRCH 9K113 LOS  FL=CM MENU
12:15:39     !! L does not offer "CLOSE" (shows "nil") -- not pressing
12:15:39   on page 'other': C=FIRE  U=SRCH PILOT LOS  R=NO MSL  D=TRACKING  FU=HOLD FIRE  FR=TGT PILOT  FD=SRCH 9K113 LOS  FL=CM MENU
12:15:39     !! L does not offer "CLOSE" (shows "nil") -- not pressing
12:15:39   on page 'other': C=FIRE  U=SRCH PILOT LOS  R=NO MSL  D=TRACKING  FU=HOLD FIRE  FR=TGT PILOT  FD=SRCH 9K113 LOS  FL=CM MENU
12:15:39     !! L does not offer "CLOSE" (shows "nil") -- not pressing
12:15:39   on page 'other': C=FIRE  U=SRCH PILOT LOS  R=NO MSL  D=TRACKING  FU=HOLD FIRE  FR=TGT PILOT  FD=SRCH 9K113 LOS  FL=CM MENU
12:15:39     !! L does not offer "CLOSE" (shows "nil") -- not pressing
12:15:39   on page 'other': C=FIRE  U=SRCH PILOT LOS  R=NO MSL  D=TRACKING  FU=HOLD FIRE  FR=TGT PILOT  FD=SRCH 9K113 LOS  FL=CM MENU
12:15:39     !! L does not offer "CLOSE" (shows "nil") -- not pressing
12:15:39   on page 'other': C=FIRE  U=SRCH PILOT LOS  R=NO MSL  D=TRACKING  FU=HOLD FIRE  FR=TGT PILOT  FD=SRCH 9K113 LOS  FL=CM MENU
12:15:39     !! L does not offer "CLOSE" (shows "nil") -- not pressing
12:15:39   on page 'other': C=FIRE  U=SRCH PILOT LOS  R=NO MSL  D=TRACKING  FU=HOLD FIRE  FR=TGT PILOT  FD=SRCH 9K113 LOS  FL=CM MENU
12:15:39     !! L does not offer "CLOSE" (shows "nil") -- not pressing
12:15:39   on page 'other': C=FIRE  U=SRCH PILOT LOS  R=NO MSL  D=TRACKING  FU=HOLD FIRE  FR=TGT PILOT  FD=SRCH 9K113 LOS  FL=CM MENU
12:15:39     !! L does not offer "CLOSE" (shows "nil") -- not pressing
12:15:39   on page 'other': C=FIRE  U=SRCH PILOT LOS  R=NO MSL  D=TRACKING  FU=HOLD FIRE  FR=TGT PILOT  FD=SRCH 9K113 LOS  FL=CM MENU
12:15:39     !! L does not offer "CLOSE" (shows "nil") -- not pressing
12:15:39   on page 'other': C=FIRE  U=SRCH PILOT LOS  R=NO MSL  D=TRACKING  FU=HOLD FIRE  FR=TGT PILOT  FD=SRCH 9K113 LOS  FL=CM MENU
12:15:39     !! L does not offer "CLOSE" (shows "nil") -- not pressing
12:15:39   on page 'other': C=FIRE  U=SRCH PILOT LOS  R=NO MSL  D=TRACKING  FU=HOLD FIRE  FR=TGT PILOT  FD=SRCH 9K113 LOS  FL=CM MENU
12:15:39     !! L does not offer "CLOSE" (shows "nil") -- not pressing
12:15:39   on page 'other': C=FIRE  U=SRCH PILOT LOS  R=NO MSL  D=TRACKING  FU=HOLD FIRE  FR=TGT PILOT  FD=SRCH 9K113 LOS  FL=CM MENU
12:15:39     !! L does not offer "CLOSE" (shows "nil") -- not pressing
12:15:39   on page 'other': C=FIRE  U=SRCH PILOT LOS  R=NO MSL  D=TRACKING  FU=HOLD FIRE  FR=TGT PILOT  FD=SRCH 9K113 LOS  FL=CM MENU
12:15:39     !! L does not offer "CLOSE" (shows "nil") -- not pressing
12:15:40   on page 'other': C=FIRE  U=SRCH PILOT LOS  R=NO MSL  D=TRACKING  FU=HOLD FIRE  FR=TGT PILOT  FD=SRCH 9K113 LOS  FL=CM MENU
12:15:40     !! L does not offer "CLOSE" (shows "nil") -- not pressing
12:15:40   on page 'other': C=FIRE  U=SRCH PILOT LOS  R=NO MSL  D=TRACKING  FU=HOLD FIRE  FR=TGT PILOT  FD=SRCH 9K113 LOS  FL=CM MENU
12:15:40     !! L does not offer "CLOSE" (shows "nil") -- not pressing
12:15:40   on page 'other': C=FIRE  U=SRCH PILOT LOS  R=NO MSL  D=TRACKING  FU=HOLD FIRE  FR=TGT PILOT  FD=SRCH 9K113 LOS  FL=CM MENU
12:15:40     !! L does not offer "CLOSE" (shows "nil") -- not pressing
12:15:40   on page 'other': C=FIRE  U=SRCH PILOT LOS  R=NO MSL  D=TRACKING  FU=HOLD FIRE  FR=TGT PILOT  FD=SRCH 9K113 LOS  FL=CM MENU
12:15:40     !! L does not offer "CLOSE" (shows "nil") -- not pressing
12:15:40   on page 'other': C=FIRE  U=SRCH PILOT LOS  R=NO MSL  D=TRACKING  FU=HOLD FIRE  FR=TGT PILOT  FD=SRCH 9K113 LOS  FL=CM MENU
12:15:40     !! L does not offer "CLOSE" (shows "nil") -- not pressing
12:15:40   on page 'other': C=FIRE  U=SRCH PILOT LOS  R=NO MSL  D=TRACKING  FU=HOLD FIRE  FR=TGT PILOT  FD=SRCH 9K113 LOS  FL=CM MENU
12:15:40     !! L does not offer "CLOSE" (shows "nil") -- not pressing
12:15:40   on page 'other': C=FIRE  U=SRCH PILOT LOS  R=NO MSL  D=TRACKING  FU=HOLD FIRE  FR=TGT PILOT  FD=SRCH 9K113 LOS  FL=CM MENU
12:15:40     !! L does not offer "CLOSE" (shows "nil") -- not pressing
12:15:40   on page 'other': C=FIRE  U=SRCH PILOT LOS  R=NO MSL  D=TRACKING  FU=HOLD FIRE  FR=TGT PILOT  FD=SRCH 9K113 LOS  FL=CM MENU
12:15:40     !! L does not offer "CLOSE" (shows "nil") -- not pressing
12:15:40   on page 'other': C=FIRE  U=SRCH PILOT LOS  R=NO MSL  D=TRACKING  FU=HOLD FIRE  FR=TGT PILOT  FD=SRCH 9K113 LOS  FL=CM MENU
12:15:40     !! L does not offer "CLOSE" (shows "nil") -- not pressing
12:15:40   on page 'other': C=FIRE  U=SRCH PILOT LOS  R=NO MSL  D=TRACKING  FU=HOLD FIRE  FR=TGT PILOT  FD=SRCH 9K113 LOS  FL=CM MENU
12:15:40     !! L does not offer "CLOSE" (shows "nil") -- not pressing
12:15:40   on page 'other': C=FIRE  U=SRCH PILOT LOS  R=NO MSL  D=TRACKING  FU=HOLD FIRE  FR=TGT PILOT  FD=SRCH 9K113 LOS  FL=CM MENU
12:15:40     !! L does not offer "CLOSE" (shows "nil") -- not pressing
12:15:40   on page 'other': C=FIRE  U=SRCH PILOT LOS  R=NO MSL  D=TRACKING  FU=HOLD FIRE  FR=TGT PILOT  FD=SRCH 9K113 LOS  FL=CM MENU
12:15:40     !! L does not offer "CLOSE" (shows "nil") -- not pressing
12:15:40   on page 'other': C=FIRE  U=SRCH PILOT LOS  R=NO MSL  D=TRACKING  FU=HOLD FIRE  FR=TGT PILOT  FD=SRCH 9K113 LOS  FL=CM MENU
12:15:40     !! L does not offer "CLOSE" (shows "nil") -- not pressing
12:15:40   on page 'other': C=FIRE  U=SRCH PILOT LOS  R=NO MSL  D=TRACKING  FU=HOLD FIRE  FR=TGT PILOT  FD=SRCH 9K113 LOS  FL=CM MENU
12:15:40     !! L does not offer "CLOSE" (shows "nil") -- not pressing
12:15:40   on page 'other': C=FIRE  U=SRCH PILOT LOS  R=NO MSL  D=TRACKING  FU=HOLD FIRE  FR=TGT PILOT  FD=SRCH 9K113 LOS  FL=CM MENU
12:15:40     !! L does not offer "CLOSE" (shows "nil") -- not pressing
12:15:40   on page 'other': C=FIRE  U=SRCH PILOT LOS  R=NO MSL  D=TRACKING  FU=HOLD FIRE  FR=TGT PILOT  FD=SRCH 9K113 LOS  FL=CM MENU
12:15:40     !! L does not offer "CLOSE" (shows "nil") -- not pressing
12:15:40   on page 'other': C=FIRE  U=SRCH PILOT LOS  R=NO MSL  D=TRACKING  FU=HOLD FIRE  FR=TGT PILOT  FD=SRCH 9K113 LOS  FL=CM MENU
12:15:40     !! L does not offer "CLOSE" (shows "nil") -- not pressing
12:15:40   on page 'other': C=FIRE  U=SRCH PILOT LOS  R=NO MSL  D=TRACKING  FU=HOLD FIRE  FR=TGT PILOT  FD=SRCH 9K113 LOS  FL=CM MENU
12:15:40     !! L does not offer "CLOSE" (shows "nil") -- not pressing
12:15:40   on page 'other': C=FIRE  U=SRCH PILOT LOS  R=NO MSL  D=TRACKING  FU=HOLD FIRE  FR=TGT PILOT  FD=SRCH 9K113 LOS  FL=CM MENU
12:15:40     !! L does not offer "CLOSE" (shows "nil") -- not pressing
12:15:40   on page 'other': C=FIRE  U=SRCH PILOT LOS  R=NO MSL  D=TRACKING  FU=HOLD FIRE  FR=TGT PILOT  FD=SRCH 9K113 LOS  FL=CM MENU
12:15:40     !! L does not offer "CLOSE" (shows "nil") -- not pressing
12:15:40   on page 'other': C=FIRE  U=SRCH PILOT LOS  R=NO MSL  D=TRACKING  FU=HOLD FIRE  FR=TGT PILOT  FD=SRCH 9K113 LOS  FL=CM MENU
12:15:40     !! L does not offer "CLOSE" (shows "nil") -- not pressing
12:15:40   on page 'other': C=FIRE  U=SRCH PILOT LOS  R=NO MSL  D=TRACKING  FU=HOLD FIRE  FR=TGT PILOT  FD=SRCH 9K113 LOS  FL=CM MENU
12:15:40     !! L does not offer "CLOSE" (shows "nil") -- not pressing
12:15:40   on page 'other': C=FIRE  U=SRCH PILOT LOS  R=NO MSL  D=TRACKING  FU=HOLD FIRE  FR=TGT PILOT  FD=SRCH 9K113 LOS  FL=CM MENU
12:15:40     !! L does not offer "CLOSE" (shows "nil") -- not pressing
12:15:40   on page 'other': C=FIRE  U=SRCH PILOT LOS  R=NO MSL  D=TRACKING  FU=HOLD FIRE  FR=TGT PILOT  FD=SRCH 9K113 LOS  FL=CM MENU
12:15:40     !! L does not offer "CLOSE" (shows "nil") -- not pressing
12:15:40   on page 'other': C=FIRE  U=SRCH PILOT LOS  R=NO MSL  D=TRACKING  FU=HOLD FIRE  FR=TGT PILOT  FD=SRCH 9K113 LOS  FL=CM MENU
12:15:40     !! L does not offer "CLOSE" (shows "nil") -- not pressing
12:15:40   on page 'other': C=FIRE  U=SRCH PILOT LOS  R=NO MSL  D=TRACKING  FU=HOLD FIRE  FR=TGT PILOT  FD=SRCH 9K113 LOS  FL=CM MENU
12:15:40     !! L does not offer "CLOSE" (shows "nil") -- not pressing
12:15:40   on page 'other': C=FIRE  U=SRCH PILOT LOS  R=NO MSL  D=TRACKING  FU=HOLD FIRE  FR=TGT PILOT  FD=SRCH 9K113 LOS  FL=CM MENU
12:15:40     !! L does not offer "CLOSE" (shows "nil") -- not pressing
12:15:40   on page 'other': C=FIRE  U=SRCH PILOT LOS  R=NO MSL  D=TRACKING  FU=HOLD FIRE  FR=TGT PILOT  FD=SRCH 9K113 LOS  FL=CM MENU
12:15:40     !! L does not offer "CLOSE" (shows "nil") -- not pressing
12:15:40   on page 'other': C=FIRE  U=SRCH PILOT LOS  R=NO MSL  D=TRACKING  FU=HOLD FIRE  FR=TGT PILOT  FD=SRCH 9K113 LOS  FL=CM MENU
12:15:40     !! L does not offer "CLOSE" (shows "nil") -- not pressing
12:15:40   on page 'other': C=FIRE  U=SRCH PILOT LOS  R=NO MSL  D=TRACKING  FU=HOLD FIRE  FR=TGT PILOT  FD=SRCH 9K113 LOS  FL=CM MENU
12:15:40     !! L does not offer "CLOSE" (shows "nil") -- not pressing
12:15:40   on page 'other': C=FIRE  U=SRCH PILOT LOS  R=NO MSL  D=TRACKING  FU=HOLD FIRE  FR=TGT PILOT  FD=SRCH 9K113 LOS  FL=CM MENU
12:15:40     !! L does not offer "CLOSE" (shows "nil") -- not pressing
12:15:40   on page 'other': C=FIRE  U=SRCH PILOT LOS  R=NO MSL  D=TRACKING  FU=HOLD FIRE  FR=TGT PILOT  FD=SRCH 9K113 LOS  FL=CM MENU
12:15:40     !! L does not offer "CLOSE" (shows "nil") -- not pressing
12:15:40   on page 'other': C=FIRE  U=SRCH PILOT LOS  R=NO MSL  D=TRACKING  FU=HOLD FIRE  FR=TGT PILOT  FD=SRCH 9K113 LOS  FL=CM MENU
12:15:40     !! L does not offer "CLOSE" (shows "nil") -- not pressing
12:15:40   on page 'other': C=FIRE  U=SRCH PILOT LOS  R=NO MSL  D=TRACKING  FU=HOLD FIRE  FR=TGT PILOT  FD=SRCH 9K113 LOS  FL=CM MENU
12:15:40     !! L does not offer "CLOSE" (shows "nil") -- not pressing
12:15:40   on page 'other': C=FIRE  U=SRCH PILOT LOS  R=NO MSL  D=TRACKING  FU=HOLD FIRE  FR=TGT PILOT  FD=SRCH 9K113 LOS  FL=CM MENU
12:15:40     !! L does not offer "CLOSE" (shows "nil") -- not pressing
12:15:40   on page 'other': C=FIRE  U=SRCH PILOT LOS  R=NO MSL  D=TRACKING  FU=HOLD FIRE  FR=TGT PILOT  FD=SRCH 9K113 LOS  FL=CM MENU
12:15:40     !! L does not offer "CLOSE" (shows "nil") -- not pressing
12:15:40   on page 'other': C=FIRE  U=SRCH PILOT LOS  R=NO MSL  D=TRACKING  FU=HOLD FIRE  FR=TGT PILOT  FD=SRCH 9K113 LOS  FL=CM MENU
12:15:40     !! L does not offer "CLOSE" (shows "nil") -- not pressing
12:15:40   on page 'other': C=FIRE  U=SRCH PILOT LOS  R=NO MSL  D=TRACKING  FU=HOLD FIRE  FR=TGT PILOT  FD=SRCH 9K113 LOS  FL=CM MENU
12:15:40     !! L does not offer "CLOSE" (shows "nil") -- not pressing
12:15:40   on page 'other': C=FIRE  U=SRCH PILOT LOS  R=NO MSL  D=TRACKING  FU=HOLD FIRE  FR=TGT PILOT  FD=SRCH 9K113 LOS  FL=CM MENU
12:15:40     !! L does not offer "CLOSE" (shows "nil") -- not pressing
12:15:40   on page 'other': C=FIRE  U=SRCH PILOT LOS  R=NO MSL  D=TRACKING  FU=HOLD FIRE  FR=TGT PILOT  FD=SRCH 9K113 LOS  FL=CM MENU
12:15:40     !! L does not offer "CLOSE" (shows "nil") -- not pressing
12:15:40   on page 'other': C=FIRE  U=SRCH PILOT LOS  R=NO MSL  D=TRACKING  FU=HOLD FIRE  FR=TGT PILOT  FD=SRCH 9K113 LOS  FL=CM MENU
12:15:40     !! L does not offer "CLOSE" (shows "nil") -- not pressing
12:15:40   on page 'other': C=FIRE  U=SRCH PILOT LOS  R=NO MSL  D=TRACKING  FU=HOLD FIRE  FR=TGT PILOT  FD=SRCH 9K113 LOS  FL=CM MENU
12:15:40     !! L does not offer "CLOSE" (shows "nil") -- not pressing
12:15:40   on page 'other': C=FIRE  U=SRCH PILOT LOS  R=NO MSL  D=TRACKING  FU=HOLD FIRE  FR=TGT PILOT  FD=SRCH 9K113 LOS  FL=CM MENU
12:15:40     !! L does not offer "CLOSE" (shows "nil") -- not pressing
12:15:40   on page 'other': C=FIRE  U=SRCH PILOT LOS  R=NO MSL  D=TRACKING  FU=HOLD FIRE  FR=TGT PILOT  FD=SRCH 9K113 LOS  FL=CM MENU
12:15:40     !! L does not offer "CLOSE" (shows "nil") -- not pressing
12:15:40   on page 'other': C=FIRE  U=SRCH PILOT LOS  R=NO MSL  D=TRACKING  FU=HOLD FIRE  FR=TGT PILOT  FD=SRCH 9K113 LOS  FL=CM MENU
12:15:40     !! L does not offer "CLOSE" (shows "nil") -- not pressing
12:15:40   on page 'other': C=FIRE  U=SRCH PILOT LOS  R=NO MSL  D=TRACKING  FU=HOLD FIRE  FR=TGT PILOT  FD=SRCH 9K113 LOS  FL=CM MENU
12:15:40     !! L does not offer "CLOSE" (shows "nil") -- not pressing
12:15:40   on page 'other': C=FIRE  U=SRCH PILOT LOS  R=NO MSL  D=TRACKING  FU=HOLD FIRE  FR=TGT PILOT  FD=SRCH 9K113 LOS  FL=CM MENU
12:15:40     !! L does not offer "CLOSE" (shows "nil") -- not pressing
12:15:40   on page 'other': C=FIRE  U=SRCH PILOT LOS  R=NO MSL  D=TRACKING  FU=HOLD FIRE  FR=TGT PILOT  FD=SRCH 9K113 LOS  FL=CM MENU
12:15:40     !! L does not offer "CLOSE" (shows "nil") -- not pressing
12:15:40   on page 'other': C=FIRE  U=SRCH PILOT LOS  R=NO MSL  D=TRACKING  FU=HOLD FIRE  FR=TGT PILOT  FD=SRCH 9K113 LOS  FL=CM MENU
12:15:40     !! L does not offer "CLOSE" (shows "nil") -- not pressing
12:15:40   on page 'other': C=FIRE  U=SRCH PILOT LOS  R=NO MSL  D=TRACKING  FU=HOLD FIRE  FR=TGT PILOT  FD=SRCH 9K113 LOS  FL=CM MENU
12:15:40     !! L does not offer "CLOSE" (shows "nil") -- not pressing
12:15:40   on page 'other': C=FIRE  U=SRCH PILOT LOS  R=NO MSL  D=TRACKING  FU=HOLD FIRE  FR=TGT PILOT  FD=SRCH 9K113 LOS  FL=CM MENU
12:15:40     !! L does not offer "CLOSE" (shows "nil") -- not pressing
12:15:40   on page 'other': C=FIRE  U=SRCH PILOT LOS  R=NO MSL  D=TRACKING  FU=HOLD FIRE  FR=TGT PILOT  FD=SRCH 9K113 LOS  FL=CM MENU
12:15:40     !! L does not offer "CLOSE" (shows "nil") -- not pressing
12:15:40   on page 'other': C=FIRE  U=SRCH PILOT LOS  R=NO MSL  D=TRACKING  FU=HOLD FIRE  FR=TGT PILOT  FD=SRCH 9K113 LOS  FL=CM MENU
12:15:40     !! L does not offer "CLOSE" (shows "nil") -- not pressing
12:15:40   on page 'other': C=FIRE  U=SRCH PILOT LOS  R=NO MSL  D=TRACKING  FU=HOLD FIRE  FR=TGT PILOT  FD=SRCH 9K113 LOS  FL=CM MENU
12:15:40     !! L does not offer "CLOSE" (shows "nil") -- not pressing
12:15:40   on page 'other': C=FIRE  U=SRCH PILOT LOS  R=NO MSL  D=TRACKING  FU=HOLD FIRE  FR=TGT PILOT  FD=SRCH 9K113 LOS  FL=CM MENU
12:15:40     !! L does not offer "CLOSE" (shows "nil") -- not pressing
12:15:40   on page 'other': C=FIRE  U=SRCH PILOT LOS  R=NO MSL  D=TRACKING  FU=HOLD FIRE  FR=TGT PILOT  FD=SRCH 9K113 LOS  FL=CM MENU
12:15:40     !! L does not offer "CLOSE" (shows "nil") -- not pressing
12:15:40   on page 'other': C=FIRE  U=SRCH PILOT LOS  R=NO MSL  D=TRACKING  FU=HOLD FIRE  FR=TGT PILOT  FD=SRCH 9K113 LOS  FL=CM MENU
12:15:40     !! L does not offer "CLOSE" (shows "nil") -- not pressing
12:15:40   on page 'other': C=FIRE  U=SRCH PILOT LOS  R=NO MSL  D=TRACKING  FU=HOLD FIRE  FR=TGT PILOT  FD=SRCH 9K113 LOS  FL=CM MENU
12:15:40     !! L does not offer "CLOSE" (shows "nil") -- not pressing
12:15:40   on page 'other': C=FIRE  U=SRCH PILOT LOS  R=NO MSL  D=TRACKING  FU=HOLD FIRE  FR=TGT PILOT  FD=SRCH 9K113 LOS  FL=CM MENU
12:15:40     !! L does not offer "CLOSE" (shows "nil") -- not pressing
12:15:40   on page 'other': C=FIRE  U=SRCH PILOT LOS  R=NO MSL  D=TRACKING  FU=HOLD FIRE  FR=TGT PILOT  FD=SRCH 9K113 LOS  FL=CM MENU
12:15:40     !! L does not offer "CLOSE" (shows "nil") -- not pressing
12:15:40   on page 'other': C=FIRE  U=SRCH PILOT LOS  R=NO MSL  D=TRACKING  FU=HOLD FIRE  FR=TGT PILOT  FD=SRCH 9K113 LOS  FL=CM MENU
12:15:40     !! L does not offer "CLOSE" (shows "nil") -- not pressing
12:15:40   on page 'other': C=FIRE  U=SRCH PILOT LOS  R=NO MSL  D=TRACKING  FU=HOLD FIRE  FR=TGT PILOT  FD=SRCH 9K113 LOS  FL=CM MENU
12:15:40     !! L does not offer "CLOSE" (shows "nil") -- not pressing
12:15:40   on page 'other': C=FIRE  U=SRCH PILOT LOS  R=NO MSL  D=TRACKING  FU=HOLD FIRE  FR=TGT PILOT  FD=SRCH 9K113 LOS  FL=CM MENU
12:15:40     !! L does not offer "CLOSE" (shows "nil") -- not pressing
12:15:40   on page 'other': C=FIRE  U=SRCH PILOT LOS  R=NO MSL  D=TRACKING  FU=HOLD FIRE  FR=TGT PILOT  FD=SRCH 9K113 LOS  FL=CM MENU
12:15:40     !! L does not offer "CLOSE" (shows "nil") -- not pressing
12:15:40   on page 'other': C=FIRE  U=SRCH PILOT LOS  R=NO MSL  D=TRACKING  FU=HOLD FIRE  FR=TGT PILOT  FD=SRCH 9K113 LOS  FL=CM MENU
12:15:40     !! L does not offer "CLOSE" (shows "nil") -- not pressing
12:15:40   on page 'other': C=FIRE  U=SRCH PILOT LOS  R=NO MSL  D=TRACKING  FU=HOLD FIRE  FR=TGT PILOT  FD=SRCH 9K113 LOS  FL=CM MENU
12:15:40     !! L does not offer "CLOSE" (shows "nil") -- not pressing
12:15:40   on page 'other': C=FIRE  U=SRCH PILOT LOS  R=NO MSL  D=TRACKING  FU=HOLD FIRE  FR=TGT PILOT  FD=SRCH 9K113 LOS  FL=CM MENU
12:15:40     !! L does not offer "CLOSE" (shows "nil") -- not pressing
12:15:40   on page 'other': C=FIRE  U=SRCH PILOT LOS  R=NO MSL  D=TRACKING  FU=HOLD FIRE  FR=TGT PILOT  FD=SRCH 9K113 LOS  FL=CM MENU
12:15:40     !! L does not offer "CLOSE" (shows "nil") -- not pressing
12:15:40   on page 'other': C=FIRE  U=SRCH PILOT LOS  R=NO MSL  D=TRACKING  FU=HOLD FIRE  FR=TGT PILOT  FD=SRCH 9K113 LOS  FL=CM MENU
12:15:40     !! L does not offer "CLOSE" (shows "nil") -- not pressing
12:15:40   on page 'other': C=FIRE  U=SRCH PILOT LOS  R=NO MSL  D=TRACKING  FU=HOLD FIRE  FR=TGT PILOT  FD=SRCH 9K113 LOS  FL=CM MENU
12:15:40     !! L does not offer "CLOSE" (shows "nil") -- not pressing
12:15:40   on page 'other': C=FIRE  U=SRCH PILOT LOS  R=NO MSL  D=TRACKING  FU=HOLD FIRE  FR=TGT PILOT  FD=SRCH 9K113 LOS  FL=CM MENU
12:15:40     !! L does not offer "CLOSE" (shows "nil") -- not pressing
12:15:40   on page 'other': C=FIRE  U=SRCH PILOT LOS  R=NO MSL  D=TRACKING  FU=HOLD FIRE  FR=TGT PILOT  FD=SRCH 9K113 LOS  FL=CM MENU
12:15:40     !! L does not offer "CLOSE" (shows "nil") -- not pressing
12:15:40   on page 'other': C=FIRE  U=SRCH PILOT LOS  R=NO MSL  D=TRACKING  FU=HOLD FIRE  FR=TGT PILOT  FD=SRCH 9K113 LOS  FL=CM MENU
12:15:40     !! L does not offer "CLOSE" (shows "nil") -- not pressing
12:15:40   on page 'other': C=FIRE  U=SRCH PILOT LOS  R=NO MSL  D=TRACKING  FU=HOLD FIRE  FR=TGT PILOT  FD=SRCH 9K113 LOS  FL=CM MENU
12:15:40     !! L does not offer "CLOSE" (shows "nil") -- not pressing
12:15:40   on page 'other': C=FIRE  U=SRCH PILOT LOS  R=NO MSL  D=TRACKING  FU=HOLD FIRE  FR=TGT PILOT  FD=SRCH 9K113 LOS  FL=CM MENU
12:15:40     !! L does not offer "CLOSE" (shows "nil") -- not pressing
12:15:40   on page 'other': C=FIRE  U=SRCH PILOT LOS  R=NO MSL  D=TRACKING  FU=HOLD FIRE  FR=TGT PILOT  FD=SRCH 9K113 LOS  FL=CM MENU
12:15:40     !! L does not offer "CLOSE" (shows "nil") -- not pressing
12:15:40   on page 'other': C=FIRE  U=SRCH PILOT LOS  R=NO MSL  D=TRACKING  FU=HOLD FIRE  FR=TGT PILOT  FD=SRCH 9K113 LOS  FL=CM MENU
12:15:40     !! L does not offer "CLOSE" (shows "nil") -- not pressing
12:15:40   on page 'other': C=FIRE  U=SRCH PILOT LOS  R=NO MSL  D=TRACKING  FU=HOLD FIRE  FR=TGT PILOT  FD=SRCH 9K113 LOS  FL=CM MENU
12:15:40     !! L does not offer "CLOSE" (shows "nil") -- not pressing
12:15:40   on page 'other': C=FIRE  U=SRCH PILOT LOS  R=NO MSL  D=TRACKING  FU=HOLD FIRE  FR=TGT PILOT  FD=SRCH 9K113 LOS  FL=CM MENU
12:15:40     !! L does not offer "CLOSE" (shows "nil") -- not pressing
12:15:40   on page 'other': C=FIRE  U=SRCH PILOT LOS  R=NO MSL  D=TRACKING  FU=HOLD FIRE  FR=TGT PILOT  FD=SRCH 9K113 LOS  FL=CM MENU
12:15:40     !! L does not offer "CLOSE" (shows "nil") -- not pressing
12:15:41   on page 'other': C=FIRE  U=SRCH PILOT LOS  R=NO MSL  D=TRACKING  FU=HOLD FIRE  FR=TGT PILOT  FD=SRCH 9K113 LOS  FL=CM MENU
12:15:41     !! L does not offer "CLOSE" (shows "nil") -- not pressing
12:15:41   on page 'other': C=FIRE  U=SRCH PILOT LOS  R=NO MSL  D=TRACKING  FU=HOLD FIRE  FR=TGT PILOT  FD=SRCH 9K113 LOS  FL=CM MENU
12:15:41     !! L does not offer "CLOSE" (shows "nil") -- not pressing
12:15:41   on page 'other': C=FIRE  U=SRCH PILOT LOS  R=NO MSL  D=TRACKING  FU=HOLD FIRE  FR=TGT PILOT  FD=SRCH 9K113 LOS  FL=CM MENU
12:15:41     !! L does not offer "CLOSE" (shows "nil") -- not pressing
12:15:41   on page 'other': C=FIRE  U=SRCH PILOT LOS  R=NO MSL  D=TRACKING  FU=HOLD FIRE  FR=TGT PILOT  FD=SRCH 9K113 LOS  FL=CM MENU
12:15:41     !! L does not offer "CLOSE" (shows "nil") -- not pressing
12:15:41   on page 'other': C=FIRE  U=SRCH PILOT LOS  R=NO MSL  D=TRACKING  FU=HOLD FIRE  FR=TGT PILOT  FD=SRCH 9K113 LOS  FL=CM MENU
12:15:41     !! L does not offer "CLOSE" (shows "nil") -- not pressing
12:15:41   on page 'other': C=FIRE  U=SRCH PILOT LOS  R=NO MSL  D=TRACKING  FU=HOLD FIRE  FR=TGT PILOT  FD=SRCH 9K113 LOS  FL=CM MENU
12:15:41     !! L does not offer "CLOSE" (shows "nil") -- not pressing
12:15:41   on page 'other': C=FIRE  U=SRCH PILOT LOS  R=NO MSL  D=TRACKING  FU=HOLD FIRE  FR=TGT PILOT  FD=SRCH 9K113 LOS  FL=CM MENU
12:15:41     !! L does not offer "CLOSE" (shows "nil") -- not pressing
12:15:41   on page 'other': C=FIRE  U=SRCH PILOT LOS  R=NO MSL  D=TRACKING  FU=HOLD FIRE  FR=TGT PILOT  FD=SRCH 9K113 LOS  FL=CM MENU
12:15:41     !! L does not offer "CLOSE" (shows "nil") -- not pressing
12:15:41   on page 'other': C=FIRE  U=SRCH PILOT LOS  R=NO MSL  D=TRACKING  FU=HOLD FIRE  FR=TGT PILOT  FD=SRCH 9K113 LOS  FL=CM MENU
12:15:41     !! L does not offer "CLOSE" (shows "nil") -- not pressing
12:15:41   on page 'other': C=FIRE  U=SRCH PILOT LOS  R=NO MSL  D=TRACKING  FU=HOLD FIRE  FR=TGT PILOT  FD=SRCH 9K113 LOS  FL=CM MENU
12:15:41     !! L does not offer "CLOSE" (shows "nil") -- not pressing
12:15:41   on page 'other': C=FIRE  U=SRCH PILOT LOS  R=NO MSL  D=TRACKING  FU=HOLD FIRE  FR=TGT PILOT  FD=SRCH 9K113 LOS  FL=CM MENU
12:15:41     !! L does not offer "CLOSE" (shows "nil") -- not pressing
12:15:41   on page 'other': C=FIRE  U=SRCH PILOT LOS  R=NO MSL  D=TRACKING  FU=HOLD FIRE  FR=TGT PILOT  FD=SRCH 9K113 LOS  FL=CM MENU
12:15:41     !! L does not offer "CLOSE" (shows "nil") -- not pressing
12:15:41   on page 'other': C=FIRE  U=SRCH PILOT LOS  R=NO MSL  D=TRACKING  FU=HOLD FIRE  FR=TGT PILOT  FD=SRCH 9K113 LOS  FL=CM MENU
12:15:41     !! L does not offer "CLOSE" (shows "nil") -- not pressing
12:15:41   on page 'other': C=FIRE  U=SRCH PILOT LOS  R=NO MSL  D=TRACKING  FU=HOLD FIRE  FR=TGT PILOT  FD=SRCH 9K113 LOS  FL=CM MENU
12:15:41     !! L does not offer "CLOSE" (shows "nil") -- not pressing
12:15:41   on page 'other': C=FIRE  U=SRCH PILOT LOS  R=NO MSL  D=TRACKING  FU=HOLD FIRE  FR=TGT PILOT  FD=SRCH 9K113 LOS  FL=CM MENU
12:15:41     !! L does not offer "CLOSE" (shows "nil") -- not pressing
12:15:41   on page 'other': C=FIRE  U=SRCH PILOT LOS  R=NO MSL  D=TRACKING  FU=HOLD FIRE  FR=TGT PILOT  FD=SRCH 9K113 LOS  FL=CM MENU
12:15:41     !! L does not offer "CLOSE" (shows "nil") -- not pressing
12:15:41   on page 'other': C=FIRE  U=SRCH PILOT LOS  R=NO MSL  D=TRACKING  FU=HOLD FIRE  FR=TGT PILOT  FD=SRCH 9K113 LOS  FL=CM MENU
12:15:41     !! L does not offer "CLOSE" (shows "nil") -- not pressing
12:15:41   on page 'other': C=FIRE  U=SRCH PILOT LOS  R=NO MSL  D=TRACKING  FU=HOLD FIRE  FR=TGT PILOT  FD=SRCH 9K113 LOS  FL=CM MENU
12:15:41     !! L does not offer "CLOSE" (shows "nil") -- not pressing
12:15:41   on page 'other': C=FIRE  U=SRCH PILOT LOS  R=NO MSL  D=TRACKING  FU=HOLD FIRE  FR=TGT PILOT  FD=SRCH 9K113 LOS  FL=CM MENU
12:15:41     !! L does not offer "CLOSE" (shows "nil") -- not pressing
12:15:41   on page 'other': C=FIRE  U=SRCH PILOT LOS  R=NO MSL  D=TRACKING  FU=HOLD FIRE  FR=TGT PILOT  FD=SRCH 9K113 LOS  FL=CM MENU
12:15:41     !! L does not offer "CLOSE" (shows "nil") -- not pressing
12:15:41   on page 'other': C=FIRE  U=SRCH PILOT LOS  R=NO MSL  D=TRACKING  FU=HOLD FIRE  FR=TGT PILOT  FD=SRCH 9K113 LOS  FL=CM MENU
12:15:41     !! L does not offer "CLOSE" (shows "nil") -- not pressing
12:15:41   on page 'other': C=FIRE  U=SRCH PILOT LOS  R=NO MSL  D=TRACKING  FU=HOLD FIRE  FR=TGT PILOT  FD=SRCH 9K113 LOS  FL=CM MENU
12:15:41     !! L does not offer "CLOSE" (shows "nil") -- not pressing
12:15:41   on page 'other': C=FIRE  U=SRCH PILOT LOS  R=NO MSL  D=TRACKING  FU=HOLD FIRE  FR=TGT PILOT  FD=SRCH 9K113 LOS  FL=CM MENU
12:15:41     !! L does not offer "CLOSE" (shows "nil") -- not pressing
12:15:41   on page 'other': C=FIRE  U=SRCH PILOT LOS  R=NO MSL  D=TRACKING  FU=HOLD FIRE  FR=TGT PILOT  FD=SRCH 9K113 LOS  FL=CM MENU
12:15:41     !! L does not offer "CLOSE" (shows "nil") -- not pressing
12:15:41   on page 'other': C=FIRE  U=SRCH PILOT LOS  R=NO MSL  D=TRACKING  FU=HOLD FIRE  FR=TGT PILOT  FD=SRCH 9K113 LOS  FL=CM MENU
12:15:41     !! L does not offer "CLOSE" (shows "nil") -- not pressing
12:15:41   on page 'other': C=FIRE  U=SRCH PILOT LOS  R=NO MSL  D=TRACKING  FU=HOLD FIRE  FR=TGT PILOT  FD=SRCH 9K113 LOS  FL=CM MENU
12:15:41     !! L does not offer "CLOSE" (shows "nil") -- not pressing
12:15:41   on page 'other': C=FIRE  U=SRCH PILOT LOS  R=NO MSL  D=TRACKING  FU=HOLD FIRE  FR=TGT PILOT  FD=SRCH 9K113 LOS  FL=CM MENU
12:15:41     !! L does not offer "CLOSE" (shows "nil") -- not pressing
12:15:41   on page 'other': C=FIRE  U=SRCH PILOT LOS  R=NO MSL  D=TRACKING  FU=HOLD FIRE  FR=TGT PILOT  FD=SRCH 9K113 LOS  FL=CM MENU
12:15:41     !! L does not offer "CLOSE" (shows "nil") -- not pressing
12:15:41   on page 'other': C=FIRE  U=SRCH PILOT LOS  R=NO MSL  D=TRACKING  FU=HOLD FIRE  FR=TGT PILOT  FD=SRCH 9K113 LOS  FL=CM MENU
12:15:41     !! L does not offer "CLOSE" (shows "nil") -- not pressing
12:15:41   on page 'other': C=FIRE  U=SRCH PILOT LOS  R=NO MSL  D=TRACKING  FU=HOLD FIRE  FR=TGT PILOT  FD=SRCH 9K113 LOS  FL=CM MENU
12:15:41     !! L does not offer "CLOSE" (shows "nil") -- not pressing
12:15:41   on page 'other': C=FIRE  U=SRCH PILOT LOS  R=NO MSL  D=TRACKING  FU=HOLD FIRE  FR=TGT PILOT  FD=SRCH 9K113 LOS  FL=CM MENU
12:15:41     !! L does not offer "CLOSE" (shows "nil") -- not pressing
12:15:41   on page 'other': C=FIRE  U=SRCH PILOT LOS  R=NO MSL  D=TRACKING  FU=HOLD FIRE  FR=TGT PILOT  FD=SRCH 9K113 LOS  FL=CM MENU
12:15:41     !! L does not offer "CLOSE" (shows "nil") -- not pressing
12:15:41   on page 'other': C=FIRE  U=SRCH PILOT LOS  R=NO MSL  D=TRACKING  FU=HOLD FIRE  FR=TGT PILOT  FD=SRCH 9K113 LOS  FL=CM MENU
12:15:41     !! L does not offer "CLOSE" (shows "nil") -- not pressing
12:15:41   on page 'other': C=FIRE  U=SRCH PILOT LOS  R=NO MSL  D=TRACKING  FU=HOLD FIRE  FR=TGT PILOT  FD=SRCH 9K113 LOS  FL=CM MENU
12:15:41     !! L does not offer "CLOSE" (shows "nil") -- not pressing
12:15:41   on page 'other': C=FIRE  U=SRCH PILOT LOS  R=NO MSL  D=TRACKING  FU=HOLD FIRE  FR=TGT PILOT  FD=SRCH 9K113 LOS  FL=CM MENU
12:15:41     !! L does not offer "CLOSE" (shows "nil") -- not pressing
12:15:41   on page 'other': C=FIRE  U=SRCH PILOT LOS  R=NO MSL  D=TRACKING  FU=HOLD FIRE  FR=TGT PILOT  FD=SRCH 9K113 LOS  FL=CM MENU
12:15:41     !! L does not offer "CLOSE" (shows "nil") -- not pressing
12:15:41   on page 'other': C=FIRE  U=SRCH PILOT LOS  R=NO MSL  D=TRACKING  FU=HOLD FIRE  FR=TGT PILOT  FD=SRCH 9K113 LOS  FL=CM MENU
12:15:41     !! L does not offer "CLOSE" (shows "nil") -- not pressing
12:15:41   on page 'other': C=FIRE  U=SRCH PILOT LOS  R=NO MSL  D=TRACKING  FU=HOLD FIRE  FR=TGT PILOT  FD=SRCH 9K113 LOS  FL=CM MENU
12:15:41     !! L does not offer "CLOSE" (shows "nil") -- not pressing
12:15:41   on page 'other': C=FIRE  U=SRCH PILOT LOS  R=NO MSL  D=TRACKING  FU=HOLD FIRE  FR=TGT PILOT  FD=SRCH 9K113 LOS  FL=CM MENU
12:15:41     !! L does not offer "CLOSE" (shows "nil") -- not pressing
12:15:41   on page 'other': C=FIRE  U=SRCH PILOT LOS  R=NO MSL  D=TRACKING  FU=HOLD FIRE  FR=TGT PILOT  FD=SRCH 9K113 LOS  FL=CM MENU
12:15:41     !! L does not offer "CLOSE" (shows "nil") -- not pressing
12:15:41   on page 'other': C=FIRE  U=SRCH PILOT LOS  R=NO MSL  D=TRACKING  FU=HOLD FIRE  FR=TGT PILOT  FD=SRCH 9K113 LOS  FL=CM MENU
12:15:41     !! L does not offer "CLOSE" (shows "nil") -- not pressing
12:15:41   on page 'other': C=FIRE  U=SRCH PILOT LOS  R=NO MSL  D=TRACKING  FU=HOLD FIRE  FR=TGT PILOT  FD=SRCH 9K113 LOS  FL=CM MENU
12:15:41     !! L does not offer "CLOSE" (shows "nil") -- not pressing
12:15:41   on page 'other': C=FIRE  U=SRCH PILOT LOS  R=NO MSL  D=TRACKING  FU=HOLD FIRE  FR=TGT PILOT  FD=SRCH 9K113 LOS  FL=CM MENU
12:15:41     !! L does not offer "CLOSE" (shows "nil") -- not pressing
12:15:41   on page 'other': C=FIRE  U=SRCH PILOT LOS  R=NO MSL  D=TRACKING  FU=HOLD FIRE  FR=TGT PILOT  FD=SRCH 9K113 LOS  FL=CM MENU
12:15:41     !! L does not offer "CLOSE" (shows "nil") -- not pressing
12:15:41   on page 'other': C=FIRE  U=SRCH PILOT LOS  R=NO MSL  D=TRACKING  FU=HOLD FIRE  FR=TGT PILOT  FD=SRCH 9K113 LOS  FL=CM MENU
12:15:41     !! L does not offer "CLOSE" (shows "nil") -- not pressing
12:15:41   on page 'other': C=FIRE  U=SRCH PILOT LOS  R=NO MSL  D=TRACKING  FU=HOLD FIRE  FR=TGT PILOT  FD=SRCH 9K113 LOS  FL=CM MENU
12:15:41     !! L does not offer "CLOSE" (shows "nil") -- not pressing
12:15:41   on page 'other': C=FIRE  U=SRCH PILOT LOS  R=NO MSL  D=TRACKING  FU=HOLD FIRE  FR=TGT PILOT  FD=SRCH 9K113 LOS  FL=CM MENU
12:15:41     !! L does not offer "CLOSE" (shows "nil") -- not pressing
12:15:41   on page 'other': C=FIRE  U=SRCH PILOT LOS  R=NO MSL  D=TRACKING  FU=HOLD FIRE  FR=TGT PILOT  FD=SRCH 9K113 LOS  FL=CM MENU
12:15:41     !! L does not offer "CLOSE" (shows "nil") -- not pressing
12:15:41   on page 'other': C=FIRE  U=SRCH PILOT LOS  R=NO MSL  D=TRACKING  FU=HOLD FIRE  FR=TGT PILOT  FD=SRCH 9K113 LOS  FL=CM MENU
12:15:41     !! L does not offer "CLOSE" (shows "nil") -- not pressing
12:15:41   on page 'other': C=FIRE  U=SRCH PILOT LOS  R=NO MSL  D=TRACKING  FU=HOLD FIRE  FR=TGT PILOT  FD=SRCH 9K113 LOS  FL=CM MENU
12:15:41     !! L does not offer "CLOSE" (shows "nil") -- not pressing
12:15:41   on page 'other': C=FIRE  U=SRCH PILOT LOS  R=NO MSL  D=TRACKING  FU=HOLD FIRE  FR=TGT PILOT  FD=SRCH 9K113 LOS  FL=CM MENU
12:15:41     !! L does not offer "CLOSE" (shows "nil") -- not pressing
12:15:41   on page 'other': C=FIRE  U=SRCH PILOT LOS  R=NO MSL  D=TRACKING  FU=HOLD FIRE  FR=TGT PILOT  FD=SRCH 9K113 LOS  FL=CM MENU
12:15:41     !! L does not offer "CLOSE" (shows "nil") -- not pressing
12:15:41   on page 'other': C=FIRE  U=SRCH PILOT LOS  R=NO MSL  D=TRACKING  FU=HOLD FIRE  FR=TGT PILOT  FD=SRCH 9K113 LOS  FL=CM MENU
12:15:41     !! L does not offer "CLOSE" (shows "nil") -- not pressing
12:15:41   on page 'other': C=FIRE  U=SRCH PILOT LOS  R=NO MSL  D=TRACKING  FU=HOLD FIRE  FR=TGT PILOT  FD=SRCH 9K113 LOS  FL=CM MENU
12:15:41     !! L does not offer "CLOSE" (shows "nil") -- not pressing
12:15:41   on page 'other': C=FIRE  U=SRCH PILOT LOS  R=NO MSL  D=TRACKING  FU=HOLD FIRE  FR=TGT PILOT  FD=SRCH 9K113 LOS  FL=CM MENU
12:15:41     !! L does not offer "CLOSE" (shows "nil") -- not pressing
12:15:41   on page 'other': C=FIRE  U=SRCH PILOT LOS  R=NO MSL  D=TRACKING  FU=HOLD FIRE  FR=TGT PILOT  FD=SRCH 9K113 LOS  FL=CM MENU
12:15:41     !! L does not offer "CLOSE" (shows "nil") -- not pressing
12:15:41   on page 'other': C=FIRE  U=SRCH PILOT LOS  R=NO MSL  D=TRACKING  FU=HOLD FIRE  FR=TGT PILOT  FD=SRCH 9K113 LOS  FL=CM MENU
12:15:41     !! L does not offer "CLOSE" (shows "nil") -- not pressing
12:15:41   on page 'other': C=FIRE  U=SRCH PILOT LOS  R=NO MSL  D=TRACKING  FU=HOLD FIRE  FR=TGT PILOT  FD=SRCH 9K113 LOS  FL=CM MENU
12:15:41     !! L does not offer "CLOSE" (shows "nil") -- not pressing
12:15:41   on page 'other': C=FIRE  U=SRCH PILOT LOS  R=NO MSL  D=TRACKING  FU=HOLD FIRE  FR=TGT PILOT  FD=SRCH 9K113 LOS  FL=CM MENU
12:15:41     !! L does not offer "CLOSE" (shows "nil") -- not pressing
12:15:41   on page 'other': C=FIRE  U=SRCH PILOT LOS  R=NO MSL  D=TRACKING  FU=HOLD FIRE  FR=TGT PILOT  FD=SRCH 9K113 LOS  FL=CM MENU
12:15:41     !! L does not offer "CLOSE" (shows "nil") -- not pressing
12:15:41   on page 'other': C=FIRE  U=SRCH PILOT LOS  R=NO MSL  D=TRACKING  FU=HOLD FIRE  FR=TGT PILOT  FD=SRCH 9K113 LOS  FL=CM MENU
12:15:41     !! L does not offer "CLOSE" (shows "nil") -- not pressing
12:15:41   on page 'other': C=FIRE  U=SRCH PILOT LOS  R=NO MSL  D=TRACKING  FU=HOLD FIRE  FR=TGT PILOT  FD=SRCH 9K113 LOS  FL=CM MENU
12:15:41     !! L does not offer "CLOSE" (shows "nil") -- not pressing
12:15:41   on page 'other': C=FIRE  U=SRCH PILOT LOS  R=NO MSL  D=TRACKING  FU=HOLD FIRE  FR=TGT PILOT  FD=SRCH 9K113 LOS  FL=CM MENU
12:15:41     !! L does not offer "CLOSE" (shows "nil") -- not pressing
12:15:41   on page 'other': C=FIRE  U=SRCH PILOT LOS  R=NO MSL  D=TRACKING  FU=HOLD FIRE  FR=TGT PILOT  FD=SRCH 9K113 LOS  FL=CM MENU
12:15:41     !! L does not offer "CLOSE" (shows "nil") -- not pressing
12:15:41   on page 'other': C=FIRE  U=SRCH PILOT LOS  R=NO MSL  D=TRACKING  FU=HOLD FIRE  FR=TGT PILOT  FD=SRCH 9K113 LOS  FL=CM MENU
12:15:41     !! L does not offer "CLOSE" (shows "nil") -- not pressing
12:15:41   on page 'other': C=FIRE  U=SRCH PILOT LOS  R=NO MSL  D=TRACKING  FU=HOLD FIRE  FR=TGT PILOT  FD=SRCH 9K113 LOS  FL=CM MENU
12:15:41     !! L does not offer "CLOSE" (shows "nil") -- not pressing
12:15:41   on page 'other': C=FIRE  U=SRCH PILOT LOS  R=NO MSL  D=TRACKING  FU=HOLD FIRE  FR=TGT PILOT  FD=SRCH 9K113 LOS  FL=CM MENU
12:15:41     !! L does not offer "CLOSE" (shows "nil") -- not pressing
12:15:41   on page 'other': C=FIRE  U=SRCH PILOT LOS  R=NO MSL  D=TRACKING  FU=HOLD FIRE  FR=TGT PILOT  FD=SRCH 9K113 LOS  FL=CM MENU
12:15:41     !! L does not offer "CLOSE" (shows "nil") -- not pressing
12:15:41   on page 'other': C=FIRE  U=SRCH PILOT LOS  R=NO MSL  D=TRACKING  FU=HOLD FIRE  FR=TGT PILOT  FD=SRCH 9K113 LOS  FL=CM MENU
12:15:41     !! L does not offer "CLOSE" (shows "nil") -- not pressing
12:15:41   on page 'other': C=FIRE  U=SRCH PILOT LOS  R=NO MSL  D=TRACKING  FU=HOLD FIRE  FR=TGT PILOT  FD=SRCH 9K113 LOS  FL=CM MENU
12:15:41     !! L does not offer "CLOSE" (shows "nil") -- not pressing
12:15:41   on page 'other': C=FIRE  U=SRCH PILOT LOS  R=NO MSL  D=TRACKING  FU=HOLD FIRE  FR=TGT PILOT  FD=SRCH 9K113 LOS  FL=CM MENU
12:15:41     !! L does not offer "CLOSE" (shows "nil") -- not pressing
12:15:41   on page 'other': C=FIRE  U=SRCH PILOT LOS  R=NO MSL  D=TRACKING  FU=HOLD FIRE  FR=TGT PILOT  FD=SRCH 9K113 LOS  FL=CM MENU
12:15:41     !! L does not offer "CLOSE" (shows "nil") -- not pressing
12:15:41   on page 'other': C=FIRE  U=SRCH PILOT LOS  R=NO MSL  D=TRACKING  FU=HOLD FIRE  FR=TGT PILOT  FD=SRCH 9K113 LOS  FL=CM MENU
12:15:41     !! L does not offer "CLOSE" (shows "nil") -- not pressing
12:15:41   on page 'other': C=FIRE  U=SRCH PILOT LOS  R=NO MSL  D=TRACKING  FU=HOLD FIRE  FR=TGT PILOT  FD=SRCH 9K113 LOS  FL=CM MENU
12:15:41     !! L does not offer "CLOSE" (shows "nil") -- not pressing
12:15:41   on page 'other': C=FIRE  U=SRCH PILOT LOS  R=NO MSL  D=TRACKING  FU=HOLD FIRE  FR=TGT PILOT  FD=SRCH 9K113 LOS  FL=CM MENU
12:15:41     !! L does not offer "CLOSE" (shows "nil") -- not pressing
12:15:41   on page 'other': C=FIRE  U=SRCH PILOT LOS  R=NO MSL  D=TRACKING  FU=HOLD FIRE  FR=TGT PILOT  FD=SRCH 9K113 LOS  FL=CM MENU
12:15:41     !! L does not offer "CLOSE" (shows "nil") -- not pressing
12:15:41   on page 'other': C=FIRE  U=SRCH PILOT LOS  R=NO MSL  D=TRACKING  FU=HOLD FIRE  FR=TGT PILOT  FD=SRCH 9K113 LOS  FL=CM MENU
12:15:41     !! L does not offer "CLOSE" (shows "nil") -- not pressing
12:15:41   on page 'other': C=FIRE  U=SRCH PILOT LOS  R=NO MSL  D=TRACKING  FU=HOLD FIRE  FR=TGT PILOT  FD=SRCH 9K113 LOS  FL=CM MENU
12:15:41     !! L does not offer "CLOSE" (shows "nil") -- not pressing
12:15:41   on page 'other': C=FIRE  U=SRCH PILOT LOS  R=NO MSL  D=TRACKING  FU=HOLD FIRE  FR=TGT PILOT  FD=SRCH 9K113 LOS  FL=CM MENU
12:15:41     !! L does not offer "CLOSE" (shows "nil") -- not pressing
12:15:41   on page 'other': C=FIRE  U=SRCH PILOT LOS  R=NO MSL  D=TRACKING  FU=HOLD FIRE  FR=TGT PILOT  FD=SRCH 9K113 LOS  FL=CM MENU
12:15:41     !! L does not offer "CLOSE" (shows "nil") -- not pressing
12:15:42   on page 'other': C=FIRE  U=SRCH PILOT LOS  R=NO MSL  D=TRACKING  FU=HOLD FIRE  FR=TGT PILOT  FD=SRCH 9K113 LOS  FL=CM MENU
12:15:42     !! L does not offer "CLOSE" (shows "nil") -- not pressing
12:15:42   on page 'other': C=FIRE  U=SRCH PILOT LOS  R=NO MSL  D=TRACKING  FU=HOLD FIRE  FR=TGT PILOT  FD=SRCH 9K113 LOS  FL=CM MENU
12:15:42     !! L does not offer "CLOSE" (shows "nil") -- not pressing
12:15:42   on page 'other': C=FIRE  U=SRCH PILOT LOS  R=NO MSL  D=TRACKING  FU=HOLD FIRE  FR=TGT PILOT  FD=SRCH 9K113 LOS  FL=CM MENU
12:15:42     !! L does not offer "CLOSE" (shows "nil") -- not pressing
12:15:42   on page 'other': C=FIRE  U=SRCH PILOT LOS  R=NO MSL  D=TRACKING  FU=HOLD FIRE  FR=TGT PILOT  FD=SRCH 9K113 LOS  FL=CM MENU
12:15:42     !! L does not offer "CLOSE" (shows "nil") -- not pressing
12:15:42   on page 'other': C=FIRE  U=SRCH PILOT LOS  R=NO MSL  D=TRACKING  FU=HOLD FIRE  FR=TGT PILOT  FD=SRCH 9K113 LOS  FL=CM MENU
12:15:42     !! L does not offer "CLOSE" (shows "nil") -- not pressing
12:15:42   on page 'other': C=FIRE  U=SRCH PILOT LOS  R=NO MSL  D=TRACKING  FU=HOLD FIRE  FR=TGT PILOT  FD=SRCH 9K113 LOS  FL=CM MENU
12:15:42     !! L does not offer "CLOSE" (shows "nil") -- not pressing
12:15:42   on page 'other': C=FIRE  U=SRCH PILOT LOS  R=NO MSL  D=TRACKING  FU=HOLD FIRE  FR=TGT PILOT  FD=SRCH 9K113 LOS  FL=CM MENU
12:15:42     !! L does not offer "CLOSE" (shows "nil") -- not pressing
12:15:42   on page 'other': C=FIRE  U=SRCH PILOT LOS  R=NO MSL  D=TRACKING  FU=HOLD FIRE  FR=TGT PILOT  FD=SRCH 9K113 LOS  FL=CM MENU
12:15:42     !! L does not offer "CLOSE" (shows "nil") -- not pressing
12:15:42   on page 'other': C=FIRE  U=SRCH PILOT LOS  R=NO MSL  D=TRACKING  FU=HOLD FIRE  FR=TGT PILOT  FD=SRCH 9K113 LOS  FL=CM MENU
12:15:42     !! L does not offer "CLOSE" (shows "nil") -- not pressing
12:15:42   on page 'other': C=FIRE  U=SRCH PILOT LOS  R=NO MSL  D=TRACKING  FU=HOLD FIRE  FR=TGT PILOT  FD=SRCH 9K113 LOS  FL=CM MENU
12:15:42     !! L does not offer "CLOSE" (shows "nil") -- not pressing
12:15:42   on page 'other': C=FIRE  U=SRCH PILOT LOS  R=NO MSL  D=TRACKING  FU=HOLD FIRE  FR=TGT PILOT  FD=SRCH 9K113 LOS  FL=CM MENU
12:15:42     !! L does not offer "CLOSE" (shows "nil") -- not pressing
12:15:42   on page 'other': C=FIRE  U=SRCH PILOT LOS  R=NO MSL  D=TRACKING  FU=HOLD FIRE  FR=TGT PILOT  FD=SRCH 9K113 LOS  FL=CM MENU
12:15:42     !! L does not offer "CLOSE" (shows "nil") -- not pressing
12:15:42   on page 'other': C=FIRE  U=SRCH PILOT LOS  R=NO MSL  D=TRACKING  FU=HOLD FIRE  FR=TGT PILOT  FD=SRCH 9K113 LOS  FL=CM MENU
12:15:42     !! L does not offer "CLOSE" (shows "nil") -- not pressing
12:15:42   on page 'other': C=FIRE  U=SRCH PILOT LOS  R=NO MSL  D=TRACKING  FU=HOLD FIRE  FR=TGT PILOT  FD=SRCH 9K113 LOS  FL=CM MENU
12:15:42     !! L does not offer "CLOSE" (shows "nil") -- not pressing
12:15:42   on page 'other': C=FIRE  U=SRCH PILOT LOS  R=NO MSL  D=TRACKING  FU=HOLD FIRE  FR=TGT PILOT  FD=SRCH 9K113 LOS  FL=CM MENU
12:15:42     !! L does not offer "CLOSE" (shows "nil") -- not pressing
12:15:42   on page 'other': C=FIRE  U=SRCH PILOT LOS  R=NO MSL  D=TRACKING  FU=HOLD FIRE  FR=TGT PILOT  FD=SRCH 9K113 LOS  FL=CM MENU
12:15:42     !! L does not offer "CLOSE" (shows "nil") -- not pressing
12:15:42   on page 'other': C=FIRE  U=SRCH PILOT LOS  R=NO MSL  D=TRACKING  FU=HOLD FIRE  FR=TGT PILOT  FD=SRCH 9K113 LOS  FL=CM MENU
12:15:42     !! L does not offer "CLOSE" (shows "nil") -- not pressing
12:15:42   on page 'other': C=FIRE  U=SRCH PILOT LOS  R=NO MSL  D=TRACKING  FU=HOLD FIRE  FR=TGT PILOT  FD=SRCH 9K113 LOS  FL=CM MENU
12:15:42     !! L does not offer "CLOSE" (shows "nil") -- not pressing
12:15:42   on page 'other': C=FIRE  U=SRCH PILOT LOS  R=NO MSL  D=TRACKING  FU=HOLD FIRE  FR=TGT PILOT  FD=SRCH 9K113 LOS  FL=CM MENU
12:15:42     !! L does not offer "CLOSE" (shows "nil") -- not pressing
12:15:42   on page 'other': C=FIRE  U=SRCH PILOT LOS  R=NO MSL  D=TRACKING  FU=HOLD FIRE  FR=TGT PILOT  FD=SRCH 9K113 LOS  FL=CM MENU
12:15:42     !! L does not offer "CLOSE" (shows "nil") -- not pressing
12:15:42   on page 'other': C=FIRE  U=SRCH PILOT LOS  R=NO MSL  D=TRACKING  FU=HOLD FIRE  FR=TGT PILOT  FD=SRCH 9K113 LOS  FL=CM MENU
12:15:42     !! L does not offer "CLOSE" (shows "nil") -- not pressing
12:15:42   on page 'other': C=FIRE  U=SRCH PILOT LOS  R=NO MSL  D=TRACKING  FU=HOLD FIRE  FR=TGT PILOT  FD=SRCH 9K113 LOS  FL=CM MENU
12:15:42     !! L does not offer "CLOSE" (shows "nil") -- not pressing
12:15:42   on page 'other': C=FIRE  U=SRCH PILOT LOS  R=NO MSL  D=TRACKING  FU=HOLD FIRE  FR=TGT PILOT  FD=SRCH 9K113 LOS  FL=CM MENU
12:15:42     !! L does not offer "CLOSE" (shows "nil") -- not pressing
12:15:42   on page 'other': C=FIRE  U=SRCH PILOT LOS  R=NO MSL  D=TRACKING  FU=HOLD FIRE  FR=TGT PILOT  FD=SRCH 9K113 LOS  FL=CM MENU
12:15:42     !! L does not offer "CLOSE" (shows "nil") -- not pressing
12:15:42   on page 'other': C=FIRE  U=SRCH PILOT LOS  R=NO MSL  D=TRACKING  FU=HOLD FIRE  FR=TGT PILOT  FD=SRCH 9K113 LOS  FL=CM MENU
12:15:42     !! L does not offer "CLOSE" (shows "nil") -- not pressing
12:15:42   on page 'other': C=FIRE  U=SRCH PILOT LOS  R=NO MSL  D=TRACKING  FU=HOLD FIRE  FR=TGT PILOT  FD=SRCH 9K113 LOS  FL=CM MENU
12:15:42     !! L does not offer "CLOSE" (shows "nil") -- not pressing
12:15:42   on page 'other': C=FIRE  U=SRCH PILOT LOS  R=NO MSL  D=TRACKING  FU=HOLD FIRE  FR=TGT PILOT  FD=SRCH 9K113 LOS  FL=CM MENU
12:15:42     !! L does not offer "CLOSE" (shows "nil") -- not pressing
12:15:42   on page 'other': C=FIRE  U=SRCH PILOT LOS  R=NO MSL  D=TRACKING  FU=HOLD FIRE  FR=TGT PILOT  FD=SRCH 9K113 LOS  FL=CM MENU
12:15:42     !! L does not offer "CLOSE" (shows "nil") -- not pressing
12:15:42   on page 'other': C=FIRE  U=SRCH PILOT LOS  R=NO MSL  D=TRACKING  FU=HOLD FIRE  FR=TGT PILOT  FD=SRCH 9K113 LOS  FL=CM MENU
12:15:42     !! L does not offer "CLOSE" (shows "nil") -- not pressing
12:15:42   on page 'other': C=FIRE  U=SRCH PILOT LOS  R=NO MSL  D=TRACKING  FU=HOLD FIRE  FR=TGT PILOT  FD=SRCH 9K113 LOS  FL=CM MENU
12:15:42     !! L does not offer "CLOSE" (shows "nil") -- not pressing
12:15:42   on page 'other': C=FIRE  U=SRCH PILOT LOS  R=NO MSL  D=TRACKING  FU=HOLD FIRE  FR=TGT PILOT  FD=SRCH 9K113 LOS  FL=CM MENU
12:15:42     !! L does not offer "CLOSE" (shows "nil") -- not pressing
12:15:42   on page 'other': C=FIRE  U=SRCH PILOT LOS  R=NO MSL  D=TRACKING  FU=HOLD FIRE  FR=TGT PILOT  FD=SRCH 9K113 LOS  FL=CM MENU
12:15:42     !! L does not offer "CLOSE" (shows "nil") -- not pressing
12:15:42   on page 'other': C=FIRE  U=SRCH PILOT LOS  R=NO MSL  D=TRACKING  FU=HOLD FIRE  FR=TGT PILOT  FD=SRCH 9K113 LOS  FL=CM MENU
12:15:42     !! L does not offer "CLOSE" (shows "nil") -- not pressing
12:15:42   on page 'other': C=FIRE  U=SRCH PILOT LOS  R=NO MSL  D=TRACKING  FU=HOLD FIRE  FR=TGT PILOT  FD=SRCH 9K113 LOS  FL=CM MENU
12:15:42     !! L does not offer "CLOSE" (shows "nil") -- not pressing
12:15:42   on page 'other': C=FIRE  U=SRCH PILOT LOS  R=NO MSL  D=TRACKING  FU=HOLD FIRE  FR=TGT PILOT  FD=SRCH 9K113 LOS  FL=CM MENU
12:15:42     !! L does not offer "CLOSE" (shows "nil") -- not pressing
12:15:42   on page 'other': C=FIRE  U=SRCH PILOT LOS  R=NO MSL  D=TRACKING  FU=HOLD FIRE  FR=TGT PILOT  FD=SRCH 9K113 LOS  FL=CM MENU
12:15:42     !! L does not offer "CLOSE" (shows "nil") -- not pressing
12:15:42   on page 'other': C=FIRE  U=SRCH PILOT LOS  R=NO MSL  D=TRACKING  FU=HOLD FIRE  FR=TGT PILOT  FD=SRCH 9K113 LOS  FL=CM MENU
12:15:42     !! L does not offer "CLOSE" (shows "nil") -- not pressing
12:15:42   on page 'other': C=FIRE  U=SRCH PILOT LOS  R=NO MSL  D=TRACKING  FU=HOLD FIRE  FR=TGT PILOT  FD=SRCH 9K113 LOS  FL=CM MENU
12:15:42     !! L does not offer "CLOSE" (shows "nil") -- not pressing
12:15:42   on page 'other': C=FIRE  U=SRCH PILOT LOS  R=NO MSL  D=TRACKING  FU=HOLD FIRE  FR=TGT PILOT  FD=SRCH 9K113 LOS  FL=CM MENU
12:15:42     !! L does not offer "CLOSE" (shows "nil") -- not pressing
12:15:42   on page 'other': C=FIRE  U=SRCH PILOT LOS  R=NO MSL  D=TRACKING  FU=HOLD FIRE  FR=TGT PILOT  FD=SRCH 9K113 LOS  FL=CM MENU
12:15:42     !! L does not offer "CLOSE" (shows "nil") -- not pressing
12:15:42   on page 'other': C=FIRE  U=SRCH PILOT LOS  R=NO MSL  D=TRACKING  FU=HOLD FIRE  FR=TGT PILOT  FD=SRCH 9K113 LOS  FL=CM MENU
12:15:42     !! L does not offer "CLOSE" (shows "nil") -- not pressing
12:15:42   on page 'other': C=FIRE  U=SRCH PILOT LOS  R=NO MSL  D=TRACKING  FU=HOLD FIRE  FR=TGT PILOT  FD=SRCH 9K113 LOS  FL=CM MENU
12:15:42     !! L does not offer "CLOSE" (shows "nil") -- not pressing
12:15:42   on page 'other': C=FIRE  U=SRCH PILOT LOS  R=NO MSL  D=TRACKING  FU=HOLD FIRE  FR=TGT PILOT  FD=SRCH 9K113 LOS  FL=CM MENU
12:15:42     !! L does not offer "CLOSE" (shows "nil") -- not pressing
12:15:42   on page 'other': C=FIRE  U=SRCH PILOT LOS  R=NO MSL  D=TRACKING  FU=HOLD FIRE  FR=TGT PILOT  FD=SRCH 9K113 LOS  FL=CM MENU
12:15:42     !! L does not offer "CLOSE" (shows "nil") -- not pressing
12:15:42   on page 'other': C=FIRE  U=SRCH PILOT LOS  R=NO MSL  D=TRACKING  FU=HOLD FIRE  FR=TGT PILOT  FD=SRCH 9K113 LOS  FL=CM MENU
12:15:42     !! L does not offer "CLOSE" (shows "nil") -- not pressing
12:15:42   on page 'other': C=FIRE  U=SRCH PILOT LOS  R=NO MSL  D=TRACKING  FU=HOLD FIRE  FR=TGT PILOT  FD=SRCH 9K113 LOS  FL=CM MENU
12:15:42     !! L does not offer "CLOSE" (shows "nil") -- not pressing
12:15:42   on page 'other': C=FIRE  U=SRCH PILOT LOS  R=NO MSL  D=TRACKING  FU=HOLD FIRE  FR=TGT PILOT  FD=SRCH 9K113 LOS  FL=CM MENU
12:15:42     !! L does not offer "CLOSE" (shows "nil") -- not pressing
12:15:42   on page 'other': C=FIRE  U=SRCH PILOT LOS  R=NO MSL  D=TRACKING  FU=HOLD FIRE  FR=TGT PILOT  FD=SRCH 9K113 LOS  FL=CM MENU
12:15:42     !! L does not offer "CLOSE" (shows "nil") -- not pressing
12:15:42   on page 'other': C=FIRE  U=SRCH PILOT LOS  R=NO MSL  D=TRACKING  FU=HOLD FIRE  FR=TGT PILOT  FD=SRCH 9K113 LOS  FL=CM MENU
12:15:42     !! L does not offer "CLOSE" (shows "nil") -- not pressing
12:15:42   on page 'other': C=FIRE  U=SRCH PILOT LOS  R=NO MSL  D=TRACKING  FU=HOLD FIRE  FR=TGT PILOT  FD=SRCH 9K113 LOS  FL=CM MENU
12:15:42     !! L does not offer "CLOSE" (shows "nil") -- not pressing
12:15:42   on page 'other': C=FIRE  U=SRCH PILOT LOS  R=NO MSL  D=TRACKING  FU=HOLD FIRE  FR=TGT PILOT  FD=SRCH 9K113 LOS  FL=CM MENU
12:15:42     !! L does not offer "CLOSE" (shows "nil") -- not pressing
12:15:42   on page 'other': C=FIRE  U=SRCH PILOT LOS  R=NO MSL  D=TRACKING  FU=HOLD FIRE  FR=TGT PILOT  FD=SRCH 9K113 LOS  FL=CM MENU
12:15:42     !! L does not offer "CLOSE" (shows "nil") -- not pressing
12:15:42   on page 'other': C=FIRE  U=SRCH PILOT LOS  R=NO MSL  D=TRACKING  FU=HOLD FIRE  FR=TGT PILOT  FD=SRCH 9K113 LOS  FL=CM MENU
12:15:42     !! L does not offer "CLOSE" (shows "nil") -- not pressing
12:15:42   on page 'other': C=FIRE  U=SRCH PILOT LOS  R=NO MSL  D=TRACKING  FU=HOLD FIRE  FR=TGT PILOT  FD=SRCH 9K113 LOS  FL=CM MENU
12:15:42     !! L does not offer "CLOSE" (shows "nil") -- not pressing
12:15:42   on page 'other': C=FIRE  U=SRCH PILOT LOS  R=NO MSL  D=TRACKING  FU=HOLD FIRE  FR=TGT PILOT  FD=SRCH 9K113 LOS  FL=CM MENU
12:15:42     !! L does not offer "CLOSE" (shows "nil") -- not pressing
12:15:42   on page 'other': C=FIRE  U=SRCH PILOT LOS  R=NO MSL  D=TRACKING  FU=HOLD FIRE  FR=TGT PILOT  FD=SRCH 9K113 LOS  FL=CM MENU
12:15:42     !! L does not offer "CLOSE" (shows "nil") -- not pressing
12:15:42   on page 'other': C=FIRE  U=SRCH PILOT LOS  R=NO MSL  D=TRACKING  FU=HOLD FIRE  FR=TGT PILOT  FD=SRCH 9K113 LOS  FL=CM MENU
12:15:42     !! L does not offer "CLOSE" (shows "nil") -- not pressing
12:15:42   on page 'other': C=FIRE  U=SRCH PILOT LOS  R=NO MSL  D=TRACKING  FU=HOLD FIRE  FR=TGT PILOT  FD=SRCH 9K113 LOS  FL=CM MENU
12:15:42     !! L does not offer "CLOSE" (shows "nil") -- not pressing
12:15:42   on page 'other': C=FIRE  U=SRCH PILOT LOS  R=NO MSL  D=TRACKING  FU=HOLD FIRE  FR=TGT PILOT  FD=SRCH 9K113 LOS  FL=CM MENU
12:15:42     !! L does not offer "CLOSE" (shows "nil") -- not pressing
12:15:42   on page 'other': C=FIRE  U=SRCH PILOT LOS  R=NO MSL  D=TRACKING  FU=HOLD FIRE  FR=TGT PILOT  FD=SRCH 9K113 LOS  FL=CM MENU
12:15:42     !! L does not offer "CLOSE" (shows "nil") -- not pressing
12:15:42   on page 'other': C=FIRE  U=SRCH PILOT LOS  R=NO MSL  D=TRACKING  FU=HOLD FIRE  FR=TGT PILOT  FD=SRCH 9K113 LOS  FL=CM MENU
12:15:42     !! L does not offer "CLOSE" (shows "nil") -- not pressing
12:15:42   on page 'other': C=FIRE  U=SRCH PILOT LOS  R=NO MSL  D=TRACKING  FU=HOLD FIRE  FR=TGT PILOT  FD=SRCH 9K113 LOS  FL=CM MENU
12:15:42     !! L does not offer "CLOSE" (shows "nil") -- not pressing
12:15:42   on page 'other': C=FIRE  U=SRCH PILOT LOS  R=NO MSL  D=TRACKING  FU=HOLD FIRE  FR=TGT PILOT  FD=SRCH 9K113 LOS  FL=CM MENU
12:15:42     !! L does not offer "CLOSE" (shows "nil") -- not pressing
12:15:42   on page 'other': C=FIRE  U=SRCH PILOT LOS  R=NO MSL  D=TRACKING  FU=HOLD FIRE  FR=TGT PILOT  FD=SRCH 9K113 LOS  FL=CM MENU
12:15:42     !! L does not offer "CLOSE" (shows "nil") -- not pressing
12:15:42   on page 'other': C=FIRE  U=SRCH PILOT LOS  R=NO MSL  D=TRACKING  FU=HOLD FIRE  FR=TGT PILOT  FD=SRCH 9K113 LOS  FL=CM MENU
12:15:42     !! L does not offer "CLOSE" (shows "nil") -- not pressing
12:15:42   on page 'other': C=FIRE  U=SRCH PILOT LOS  R=NO MSL  D=TRACKING  FU=HOLD FIRE  FR=TGT PILOT  FD=SRCH 9K113 LOS  FL=CM MENU
12:15:42     !! L does not offer "CLOSE" (shows "nil") -- not pressing
12:15:42   on page 'other': C=FIRE  U=SRCH PILOT LOS  R=NO MSL  D=TRACKING  FU=HOLD FIRE  FR=TGT PILOT  FD=SRCH 9K113 LOS  FL=CM MENU
12:15:42     !! L does not offer "CLOSE" (shows "nil") -- not pressing
12:15:42   on page 'other': C=FIRE  U=SRCH PILOT LOS  R=NO MSL  D=TRACKING  FU=HOLD FIRE  FR=TGT PILOT  FD=SRCH 9K113 LOS  FL=CM MENU
12:15:42     !! L does not offer "CLOSE" (shows "nil") -- not pressing
12:15:42   on page 'other': C=FIRE  U=SRCH PILOT LOS  R=NO MSL  D=TRACKING  FU=HOLD FIRE  FR=TGT PILOT  FD=SRCH 9K113 LOS  FL=CM MENU
12:15:42     !! L does not offer "CLOSE" (shows "nil") -- not pressing
12:15:42   on page 'other': C=FIRE  U=SRCH PILOT LOS  R=NO MSL  D=TRACKING  FU=HOLD FIRE  FR=TGT PILOT  FD=SRCH 9K113 LOS  FL=CM MENU
12:15:42     !! L does not offer "CLOSE" (shows "nil") -- not pressing
12:15:42   on page 'other': C=FIRE  U=SRCH PILOT LOS  R=NO MSL  D=TRACKING  FU=HOLD FIRE  FR=TGT PILOT  FD=SRCH 9K113 LOS  FL=CM MENU
12:15:42     !! L does not offer "CLOSE" (shows "nil") -- not pressing
12:15:42   on page 'other': C=FIRE  U=SRCH PILOT LOS  R=NO MSL  D=TRACKING  FU=HOLD FIRE  FR=TGT PILOT  FD=SRCH 9K113 LOS  FL=CM MENU
12:15:42     !! L does not offer "CLOSE" (shows "nil") -- not pressing
12:15:42   on page 'other': C=FIRE  U=SRCH PILOT LOS  R=NO MSL  D=TRACKING  FU=HOLD FIRE  FR=TGT PILOT  FD=SRCH 9K113 LOS  FL=CM MENU
12:15:42     !! L does not offer "CLOSE" (shows "nil") -- not pressing
12:15:42   on page 'other': C=FIRE  U=SRCH PILOT LOS  R=NO MSL  D=TRACKING  FU=HOLD FIRE  FR=TGT PILOT  FD=SRCH 9K113 LOS  FL=CM MENU
12:15:42     !! L does not offer "CLOSE" (shows "nil") -- not pressing
12:15:42   on page 'other': C=FIRE  U=SRCH PILOT LOS  R=NO MSL  D=TRACKING  FU=HOLD FIRE  FR=TGT PILOT  FD=SRCH 9K113 LOS  FL=CM MENU
12:15:42     !! L does not offer "CLOSE" (shows "nil") -- not pressing
12:15:42   on page 'other': C=FIRE  U=SRCH PILOT LOS  R=NO MSL  D=TRACKING  FU=HOLD FIRE  FR=TGT PILOT  FD=SRCH 9K113 LOS  FL=CM MENU
12:15:42     !! L does not offer "CLOSE" (shows "nil") -- not pressing
12:15:42   on page 'other': C=FIRE  U=SRCH PILOT LOS  R=NO MSL  D=TRACKING  FU=HOLD FIRE  FR=TGT PILOT  FD=SRCH 9K113 LOS  FL=CM MENU
12:15:42     !! L does not offer "CLOSE" (shows "nil") -- not pressing
12:15:42   on page 'other': C=FIRE  U=SRCH PILOT LOS  R=NO MSL  D=TRACKING  FU=HOLD FIRE  FR=TGT PILOT  FD=SRCH 9K113 LOS  FL=CM MENU
12:15:42     !! L does not offer "CLOSE" (shows "nil") -- not pressing
12:15:42   on page 'other': C=FIRE  U=SRCH PILOT LOS  R=NO MSL  D=TRACKING  FU=HOLD FIRE  FR=TGT PILOT  FD=SRCH 9K113 LOS  FL=CM MENU
12:15:42     !! L does not offer "CLOSE" (shows "nil") -- not pressing
12:15:43   on page 'other': C=FIRE  U=SRCH PILOT LOS  R=NO MSL  D=TRACKING  FU=HOLD FIRE  FR=TGT PILOT  FD=SRCH 9K113 LOS  FL=CM MENU
12:15:43     !! L does not offer "CLOSE" (shows "nil") -- not pressing
12:15:43   on page 'other': C=FIRE  U=SRCH PILOT LOS  R=NO MSL  D=TRACKING  FU=HOLD FIRE  FR=TGT PILOT  FD=SRCH 9K113 LOS  FL=CM MENU
12:15:43     !! L does not offer "CLOSE" (shows "nil") -- not pressing
12:15:43   on page 'other': C=FIRE  U=SRCH PILOT LOS  R=NO MSL  D=TRACKING  FU=HOLD FIRE  FR=TGT PILOT  FD=SRCH 9K113 LOS  FL=CM MENU
12:15:43     !! L does not offer "CLOSE" (shows "nil") -- not pressing
12:15:43   on page 'other': C=FIRE  U=SRCH PILOT LOS  R=NO MSL  D=TRACKING  FU=HOLD FIRE  FR=TGT PILOT  FD=SRCH 9K113 LOS  FL=CM MENU
12:15:43     !! L does not offer "CLOSE" (shows "nil") -- not pressing
12:15:43   on page 'other': C=FIRE  U=SRCH PILOT LOS  R=NO MSL  D=TRACKING  FU=HOLD FIRE  FR=TGT PILOT  FD=SRCH 9K113 LOS  FL=CM MENU
12:15:43     !! L does not offer "CLOSE" (shows "nil") -- not pressing
12:15:43   on page 'other': C=FIRE  U=SRCH PILOT LOS  R=NO MSL  D=TRACKING  FU=HOLD FIRE  FR=TGT PILOT  FD=SRCH 9K113 LOS  FL=CM MENU
12:15:43     !! L does not offer "CLOSE" (shows "nil") -- not pressing
12:15:43   on page 'other': C=FIRE  U=SRCH PILOT LOS  R=NO MSL  D=TRACKING  FU=HOLD FIRE  FR=TGT PILOT  FD=SRCH 9K113 LOS  FL=CM MENU
12:15:43     !! L does not offer "CLOSE" (shows "nil") -- not pressing
12:15:43   on page 'other': C=FIRE  U=SRCH PILOT LOS  R=NO MSL  D=TRACKING  FU=HOLD FIRE  FR=TGT PILOT  FD=SRCH 9K113 LOS  FL=CM MENU
12:15:43     !! L does not offer "CLOSE" (shows "nil") -- not pressing
12:15:43   on page 'other': C=FIRE  U=SRCH PILOT LOS  R=NO MSL  D=TRACKING  FU=HOLD FIRE  FR=TGT PILOT  FD=SRCH 9K113 LOS  FL=CM MENU
12:15:43     !! L does not offer "CLOSE" (shows "nil") -- not pressing
12:15:43   on page 'other': C=FIRE  U=SRCH PILOT LOS  R=NO MSL  D=TRACKING  FU=HOLD FIRE  FR=TGT PILOT  FD=SRCH 9K113 LOS  FL=CM MENU
12:15:43     !! L does not offer "CLOSE" (shows "nil") -- not pressing
12:15:43   on page 'other': C=FIRE  U=SRCH PILOT LOS  R=NO MSL  D=TRACKING  FU=HOLD FIRE  FR=TGT PILOT  FD=SRCH 9K113 LOS  FL=CM MENU
12:15:43     !! L does not offer "CLOSE" (shows "nil") -- not pressing
12:15:43   on page 'other': C=FIRE  U=SRCH PILOT LOS  R=NO MSL  D=TRACKING  FU=HOLD FIRE  FR=TGT PILOT  FD=SRCH 9K113 LOS  FL=CM MENU
12:15:43     !! L does not offer "CLOSE" (shows "nil") -- not pressing
12:15:43   on page 'other': C=FIRE  U=SRCH PILOT LOS  R=NO MSL  D=TRACKING  FU=HOLD FIRE  FR=TGT PILOT  FD=SRCH 9K113 LOS  FL=CM MENU
12:15:43     !! L does not offer "CLOSE" (shows "nil") -- not pressing
12:15:43   on page 'other': C=FIRE  U=SRCH PILOT LOS  R=NO MSL  D=TRACKING  FU=HOLD FIRE  FR=TGT PILOT  FD=SRCH 9K113 LOS  FL=CM MENU
12:15:43     !! L does not offer "CLOSE" (shows "nil") -- not pressing
12:15:43   on page 'other': C=FIRE  U=SRCH PILOT LOS  R=NO MSL  D=TRACKING  FU=HOLD FIRE  FR=TGT PILOT  FD=SRCH 9K113 LOS  FL=CM MENU
12:15:43     !! L does not offer "CLOSE" (shows "nil") -- not pressing
12:15:43   on page 'other': C=FIRE  U=SRCH PILOT LOS  R=NO MSL  D=TRACKING  FU=HOLD FIRE  FR=TGT PILOT  FD=SRCH 9K113 LOS  FL=CM MENU
12:15:43     !! L does not offer "CLOSE" (shows "nil") -- not pressing
12:15:43   on page 'other': C=FIRE  U=SRCH PILOT LOS  R=NO MSL  D=TRACKING  FU=HOLD FIRE  FR=TGT PILOT  FD=SRCH 9K113 LOS  FL=CM MENU
12:15:43     !! L does not offer "CLOSE" (shows "nil") -- not pressing
12:15:43   on page 'other': C=FIRE  U=SRCH PILOT LOS  R=NO MSL  D=TRACKING  FU=HOLD FIRE  FR=TGT PILOT  FD=SRCH 9K113 LOS  FL=CM MENU
12:15:43     !! L does not offer "CLOSE" (shows "nil") -- not pressing
12:15:43   on page 'other': C=FIRE  U=SRCH PILOT LOS  R=NO MSL  D=TRACKING  FU=HOLD FIRE  FR=TGT PILOT  FD=SRCH 9K113 LOS  FL=CM MENU
12:15:43     !! L does not offer "CLOSE" (shows "nil") -- not pressing
12:15:43   on page 'other': C=FIRE  U=SRCH PILOT LOS  R=NO MSL  D=TRACKING  FU=HOLD FIRE  FR=TGT PILOT  FD=SRCH 9K113 LOS  FL=CM MENU
12:15:43     !! L does not offer "CLOSE" (shows "nil") -- not pressing
12:15:43   on page 'other': C=FIRE  U=SRCH PILOT LOS  R=NO MSL  D=TRACKING  FU=HOLD FIRE  FR=TGT PILOT  FD=SRCH 9K113 LOS  FL=CM MENU
12:15:43     !! L does not offer "CLOSE" (shows "nil") -- not pressing
12:15:43   on page 'other': C=FIRE  U=SRCH PILOT LOS  R=NO MSL  D=TRACKING  FU=HOLD FIRE  FR=TGT PILOT  FD=SRCH 9K113 LOS  FL=CM MENU
12:15:43     !! L does not offer "CLOSE" (shows "nil") -- not pressing
12:15:43   on page 'other': C=FIRE  U=SRCH PILOT LOS  R=NO MSL  D=TRACKING  FU=HOLD FIRE  FR=TGT PILOT  FD=SRCH 9K113 LOS  FL=CM MENU
12:15:43     !! L does not offer "CLOSE" (shows "nil") -- not pressing
12:15:43   on page 'other': C=FIRE  U=SRCH PILOT LOS  R=NO MSL  D=TRACKING  FU=HOLD FIRE  FR=TGT PILOT  FD=SRCH 9K113 LOS  FL=CM MENU
12:15:43     !! L does not offer "CLOSE" (shows "nil") -- not pressing
12:15:43   on page 'other': C=FIRE  U=SRCH PILOT LOS  R=NO MSL  D=TRACKING  FU=HOLD FIRE  FR=TGT PILOT  FD=SRCH 9K113 LOS  FL=CM MENU
12:15:43     !! L does not offer "CLOSE" (shows "nil") -- not pressing
12:15:43   on page 'other': C=FIRE  U=SRCH PILOT LOS  R=NO MSL  D=TRACKING  FU=HOLD FIRE  FR=TGT PILOT  FD=SRCH 9K113 LOS  FL=CM MENU
12:15:43     !! L does not offer "CLOSE" (shows "nil") -- not pressing
12:15:43   on page 'other': C=FIRE  U=SRCH PILOT LOS  R=NO MSL  D=TRACKING  FU=HOLD FIRE  FR=TGT PILOT  FD=SRCH 9K113 LOS  FL=CM MENU
12:15:43     !! L does not offer "CLOSE" (shows "nil") -- not pressing
12:15:43   on page 'other': C=FIRE  U=SRCH PILOT LOS  R=NO MSL  D=TRACKING  FU=HOLD FIRE  FR=TGT PILOT  FD=SRCH 9K113 LOS  FL=CM MENU
12:15:43     !! L does not offer "CLOSE" (shows "nil") -- not pressing
12:15:43   on page 'other': C=FIRE  U=SRCH PILOT LOS  R=NO MSL  D=TRACKING  FU=HOLD FIRE  FR=TGT PILOT  FD=SRCH 9K113 LOS  FL=CM MENU
12:15:43     !! L does not offer "CLOSE" (shows "nil") -- not pressing
12:15:43   on page 'other': C=FIRE  U=SRCH PILOT LOS  R=NO MSL  D=TRACKING  FU=HOLD FIRE  FR=TGT PILOT  FD=SRCH 9K113 LOS  FL=CM MENU
12:15:43     !! L does not offer "CLOSE" (shows "nil") -- not pressing
12:15:43   on page 'other': C=FIRE  U=SRCH PILOT LOS  R=NO MSL  D=TRACKING  FU=HOLD FIRE  FR=TGT PILOT  FD=SRCH 9K113 LOS  FL=CM MENU
12:15:43     !! L does not offer "CLOSE" (shows "nil") -- not pressing
12:15:43   on page 'other': C=FIRE  U=SRCH PILOT LOS  R=NO MSL  D=TRACKING  FU=HOLD FIRE  FR=TGT PILOT  FD=SRCH 9K113 LOS  FL=CM MENU
12:15:43     !! L does not offer "CLOSE" (shows "nil") -- not pressing
12:15:43   on page 'other': C=FIRE  U=SRCH PILOT LOS  R=NO MSL  D=TRACKING  FU=HOLD FIRE  FR=TGT PILOT  FD=SRCH 9K113 LOS  FL=CM MENU
12:15:43     !! L does not offer "CLOSE" (shows "nil") -- not pressing
12:15:43   on page 'other': C=FIRE  U=SRCH PILOT LOS  R=NO MSL  D=TRACKING  FU=HOLD FIRE  FR=TGT PILOT  FD=SRCH 9K113 LOS  FL=CM MENU
12:15:43     !! L does not offer "CLOSE" (shows "nil") -- not pressing
12:15:43   on page 'other': C=FIRE  U=SRCH PILOT LOS  R=NO MSL  D=TRACKING  FU=HOLD FIRE  FR=TGT PILOT  FD=SRCH 9K113 LOS  FL=CM MENU
12:15:43     !! L does not offer "CLOSE" (shows "nil") -- not pressing
12:15:43   on page 'other': C=FIRE  U=SRCH PILOT LOS  R=NO MSL  D=TRACKING  FU=HOLD FIRE  FR=TGT PILOT  FD=SRCH 9K113 LOS  FL=CM MENU
12:15:43     !! L does not offer "CLOSE" (shows "nil") -- not pressing
12:15:43   on page 'other': C=FIRE  U=SRCH PILOT LOS  R=NO MSL  D=TRACKING  FU=HOLD FIRE  FR=TGT PILOT  FD=SRCH 9K113 LOS  FL=CM MENU
12:15:43     !! L does not offer "CLOSE" (shows "nil") -- not pressing
12:15:43   on page 'other': C=FIRE  U=SRCH PILOT LOS  R=NO MSL  D=TRACKING  FU=HOLD FIRE  FR=TGT PILOT  FD=SRCH 9K113 LOS  FL=CM MENU
12:15:43     !! L does not offer "CLOSE" (shows "nil") -- not pressing
12:15:43   on page 'other': C=FIRE  U=SRCH PILOT LOS  R=NO MSL  D=TRACKING  FU=HOLD FIRE  FR=TGT PILOT  FD=SRCH 9K113 LOS  FL=CM MENU
12:15:43     !! L does not offer "CLOSE" (shows "nil") -- not pressing
12:15:43   on page 'other': C=FIRE  U=SRCH PILOT LOS  R=NO MSL  D=TRACKING  FU=HOLD FIRE  FR=TGT PILOT  FD=SRCH 9K113 LOS  FL=CM MENU
12:15:43     !! L does not offer "CLOSE" (shows "nil") -- not pressing
12:15:43   on page 'other': C=FIRE  U=SRCH PILOT LOS  R=NO MSL  D=TRACKING  FU=HOLD FIRE  FR=TGT PILOT  FD=SRCH 9K113 LOS  FL=CM MENU
12:15:43     !! L does not offer "CLOSE" (shows "nil") -- not pressing
12:15:43   on page 'other': C=FIRE  U=SRCH PILOT LOS  R=NO MSL  D=TRACKING  FU=HOLD FIRE  FR=TGT PILOT  FD=SRCH 9K113 LOS  FL=CM MENU
12:15:43     !! L does not offer "CLOSE" (shows "nil") -- not pressing
12:15:43   on page 'other': C=FIRE  U=SRCH PILOT LOS  R=NO MSL  D=TRACKING  FU=HOLD FIRE  FR=TGT PILOT  FD=SRCH 9K113 LOS  FL=CM MENU
12:15:43     !! L does not offer "CLOSE" (shows "nil") -- not pressing
12:15:43   on page 'other': C=FIRE  U=SRCH PILOT LOS  R=NO MSL  D=TRACKING  FU=HOLD FIRE  FR=TGT PILOT  FD=SRCH 9K113 LOS  FL=CM MENU
12:15:43     !! L does not offer "CLOSE" (shows "nil") -- not pressing
12:15:43   on page 'other': C=FIRE  U=SRCH PILOT LOS  R=NO MSL  D=TRACKING  FU=HOLD FIRE  FR=TGT PILOT  FD=SRCH 9K113 LOS  FL=CM MENU
12:15:43     !! L does not offer "CLOSE" (shows "nil") -- not pressing
12:15:43   on page 'other': C=FIRE  U=SRCH PILOT LOS  R=NO MSL  D=TRACKING  FU=HOLD FIRE  FR=TGT PILOT  FD=SRCH 9K113 LOS  FL=CM MENU
12:15:43     !! L does not offer "CLOSE" (shows "nil") -- not pressing
12:15:43   on page 'other': C=FIRE  U=SRCH PILOT LOS  R=NO MSL  D=TRACKING  FU=HOLD FIRE  FR=TGT PILOT  FD=SRCH 9K113 LOS  FL=CM MENU
12:15:43     !! L does not offer "CLOSE" (shows "nil") -- not pressing
12:15:43   on page 'other': C=FIRE  U=SRCH PILOT LOS  R=NO MSL  D=TRACKING  FU=HOLD FIRE  FR=TGT PILOT  FD=SRCH 9K113 LOS  FL=CM MENU
12:15:43     !! L does not offer "CLOSE" (shows "nil") -- not pressing
12:15:43   on page 'other': C=FIRE  U=SRCH PILOT LOS  R=NO MSL  D=TRACKING  FU=HOLD FIRE  FR=TGT PILOT  FD=SRCH 9K113 LOS  FL=CM MENU
12:15:43     !! L does not offer "CLOSE" (shows "nil") -- not pressing
12:15:43   on page 'other': C=FIRE  U=SRCH PILOT LOS  R=NO MSL  D=TRACKING  FU=HOLD FIRE  FR=TGT PILOT  FD=SRCH 9K113 LOS  FL=CM MENU
12:15:43     !! L does not offer "CLOSE" (shows "nil") -- not pressing
12:15:43   on page 'other': C=FIRE  U=SRCH PILOT LOS  R=NO MSL  D=TRACKING  FU=HOLD FIRE  FR=TGT PILOT  FD=SRCH 9K113 LOS  FL=CM MENU
12:15:43     !! L does not offer "CLOSE" (shows "nil") -- not pressing
12:15:43   on page 'other': C=FIRE  U=SRCH PILOT LOS  R=NO MSL  D=TRACKING  FU=HOLD FIRE  FR=TGT PILOT  FD=SRCH 9K113 LOS  FL=CM MENU
12:15:43     !! L does not offer "CLOSE" (shows "nil") -- not pressing
12:15:43   on page 'other': C=FIRE  U=SRCH PILOT LOS  R=NO MSL  D=TRACKING  FU=HOLD FIRE  FR=TGT PILOT  FD=SRCH 9K113 LOS  FL=CM MENU
12:15:43     !! L does not offer "CLOSE" (shows "nil") -- not pressing
12:15:43   on page 'other': C=FIRE  U=SRCH PILOT LOS  R=NO MSL  D=TRACKING  FU=HOLD FIRE  FR=TGT PILOT  FD=SRCH 9K113 LOS  FL=CM MENU
12:15:43     !! L does not offer "CLOSE" (shows "nil") -- not pressing
12:15:43   on page 'other': C=FIRE  U=SRCH PILOT LOS  R=NO MSL  D=TRACKING  FU=HOLD FIRE  FR=TGT PILOT  FD=SRCH 9K113 LOS  FL=CM MENU
12:15:43     !! L does not offer "CLOSE" (shows "nil") -- not pressing
12:15:43   on page 'other': C=FIRE  U=SRCH PILOT LOS  R=NO MSL  D=TRACKING  FU=HOLD FIRE  FR=TGT PILOT  FD=SRCH 9K113 LOS  FL=CM MENU
12:15:43     !! L does not offer "CLOSE" (shows "nil") -- not pressing
12:15:43   on page 'other': C=FIRE  U=SRCH PILOT LOS  R=NO MSL  D=TRACKING  FU=HOLD FIRE  FR=TGT PILOT  FD=SRCH 9K113 LOS  FL=CM MENU
12:15:43     !! L does not offer "CLOSE" (shows "nil") -- not pressing
12:15:43   on page 'other': C=FIRE  U=SRCH PILOT LOS  R=NO MSL  D=TRACKING  FU=HOLD FIRE  FR=TGT PILOT  FD=SRCH 9K113 LOS  FL=CM MENU
12:15:43     !! L does not offer "CLOSE" (shows "nil") -- not pressing
12:15:43   on page 'other': C=FIRE  U=SRCH PILOT LOS  R=NO MSL  D=TRACKING  FU=HOLD FIRE  FR=TGT PILOT  FD=SRCH 9K113 LOS  FL=CM MENU
12:15:43     !! L does not offer "CLOSE" (shows "nil") -- not pressing
12:15:43   on page 'other': C=FIRE  U=SRCH PILOT LOS  R=NO MSL  D=TRACKING  FU=HOLD FIRE  FR=TGT PILOT  FD=SRCH 9K113 LOS  FL=CM MENU
12:15:43     !! L does not offer "CLOSE" (shows "nil") -- not pressing
12:15:43   on page 'other': C=FIRE  U=SRCH PILOT LOS  R=NO MSL  D=TRACKING  FU=HOLD FIRE  FR=TGT PILOT  FD=SRCH 9K113 LOS  FL=CM MENU
12:15:43     !! L does not offer "CLOSE" (shows "nil") -- not pressing
12:15:43   on page 'other': C=FIRE  U=SRCH PILOT LOS  R=NO MSL  D=TRACKING  FU=HOLD FIRE  FR=TGT PILOT  FD=SRCH 9K113 LOS  FL=CM MENU
12:15:43     !! L does not offer "CLOSE" (shows "nil") -- not pressing
12:15:43   on page 'other': C=FIRE  U=SRCH PILOT LOS  R=NO MSL  D=TRACKING  FU=HOLD FIRE  FR=TGT PILOT  FD=SRCH 9K113 LOS  FL=CM MENU
12:15:43     !! L does not offer "CLOSE" (shows "nil") -- not pressing
12:15:43   on page 'other': C=FIRE  U=SRCH PILOT LOS  R=NO MSL  D=TRACKING  FU=HOLD FIRE  FR=TGT PILOT  FD=SRCH 9K113 LOS  FL=CM MENU
12:15:43     !! L does not offer "CLOSE" (shows "nil") -- not pressing
12:15:43   on page 'other': C=FIRE  U=SRCH PILOT LOS  R=NO MSL  D=TRACKING  FU=HOLD FIRE  FR=TGT PILOT  FD=SRCH 9K113 LOS  FL=CM MENU
12:15:43     !! L does not offer "CLOSE" (shows "nil") -- not pressing
12:15:43   on page 'other': C=FIRE  U=SRCH PILOT LOS  R=NO MSL  D=TRACKING  FU=HOLD FIRE  FR=TGT PILOT  FD=SRCH 9K113 LOS  FL=CM MENU
12:15:43     !! L does not offer "CLOSE" (shows "nil") -- not pressing
12:15:43   on page 'other': C=FIRE  U=SRCH PILOT LOS  R=NO MSL  D=TRACKING  FU=HOLD FIRE  FR=TGT PILOT  FD=SRCH 9K113 LOS  FL=CM MENU
12:15:43     !! L does not offer "CLOSE" (shows "nil") -- not pressing
12:15:43   on page 'other': C=FIRE  U=SRCH PILOT LOS  R=NO MSL  D=TRACKING  FU=HOLD FIRE  FR=TGT PILOT  FD=SRCH 9K113 LOS  FL=CM MENU
12:15:43     !! L does not offer "CLOSE" (shows "nil") -- not pressing
12:15:43   on page 'other': C=FIRE  U=SRCH PILOT LOS  R=NO MSL  D=TRACKING  FU=HOLD FIRE  FR=TGT PILOT  FD=SRCH 9K113 LOS  FL=CM MENU
12:15:43     !! L does not offer "CLOSE" (shows "nil") -- not pressing
12:15:43   on page 'other': C=FIRE  U=SRCH PILOT LOS  R=NO MSL  D=TRACKING  FU=HOLD FIRE  FR=TGT PILOT  FD=SRCH 9K113 LOS  FL=CM MENU
12:15:43     !! L does not offer "CLOSE" (shows "nil") -- not pressing
12:15:43   on page 'other': C=FIRE  U=SRCH PILOT LOS  R=NO MSL  D=TRACKING  FU=HOLD FIRE  FR=TGT PILOT  FD=SRCH 9K113 LOS  FL=CM MENU
12:15:43     !! L does not offer "CLOSE" (shows "nil") -- not pressing
12:15:43   on page 'other': C=FIRE  U=SRCH PILOT LOS  R=NO MSL  D=TRACKING  FU=HOLD FIRE  FR=TGT PILOT  FD=SRCH 9K113 LOS  FL=CM MENU
12:15:43     !! L does not offer "CLOSE" (shows "nil") -- not pressing
12:15:43   on page 'other': C=FIRE  U=SRCH PILOT LOS  R=NO MSL  D=TRACKING  FU=HOLD FIRE  FR=TGT PILOT  FD=SRCH 9K113 LOS  FL=CM MENU
12:15:43     !! L does not offer "CLOSE" (shows "nil") -- not pressing
12:15:43   on page 'other': C=FIRE  U=SRCH PILOT LOS  R=NO MSL  D=TRACKING  FU=HOLD FIRE  FR=TGT PILOT  FD=SRCH 9K113 LOS  FL=CM MENU
12:15:43     !! L does not offer "CLOSE" (shows "nil") -- not pressing
12:15:43   on page 'other': C=FIRE  U=SRCH PILOT LOS  R=NO MSL  D=TRACKING  FU=HOLD FIRE  FR=TGT PILOT  FD=SRCH 9K113 LOS  FL=CM MENU
12:15:43     !! L does not offer "CLOSE" (shows "nil") -- not pressing
12:15:43   on page 'other': C=FIRE  U=SRCH PILOT LOS  R=NO MSL  D=TRACKING  FU=HOLD FIRE  FR=TGT PILOT  FD=SRCH 9K113 LOS  FL=CM MENU
12:15:43     !! L does not offer "CLOSE" (shows "nil") -- not pressing
12:15:43   on page 'other': C=FIRE  U=SRCH PILOT LOS  R=NO MSL  D=TRACKING  FU=HOLD FIRE  FR=TGT PILOT  FD=SRCH 9K113 LOS  FL=CM MENU
12:15:43     !! L does not offer "CLOSE" (shows "nil") -- not pressing
12:15:43   on page 'other': C=FIRE  U=SRCH PILOT LOS  R=NO MSL  D=TRACKING  FU=HOLD FIRE  FR=TGT PILOT  FD=SRCH 9K113 LOS  FL=CM MENU
12:15:43     !! L does not offer "CLOSE" (shows "nil") -- not pressing
12:15:43   on page 'other': C=FIRE  U=SRCH PILOT LOS  R=NO MSL  D=TRACKING  FU=HOLD FIRE  FR=TGT PILOT  FD=SRCH 9K113 LOS  FL=CM MENU
12:15:43     !! L does not offer "CLOSE" (shows "nil") -- not pressing
12:15:44   on page 'other': C=FIRE  U=SRCH PILOT LOS  R=NO MSL  D=TRACKING  FU=HOLD FIRE  FR=TGT PILOT  FD=SRCH 9K113 LOS  FL=CM MENU
12:15:44     !! L does not offer "CLOSE" (shows "nil") -- not pressing
12:15:44   on page 'other': C=FIRE  U=SRCH PILOT LOS  R=NO MSL  D=TRACKING  FU=HOLD FIRE  FR=TGT PILOT  FD=SRCH 9K113 LOS  FL=CM MENU
12:15:44     !! L does not offer "CLOSE" (shows "nil") -- not pressing
12:15:44   on page 'other': C=FIRE  U=SRCH PILOT LOS  R=NO MSL  D=TRACKING  FU=HOLD FIRE  FR=TGT PILOT  FD=SRCH 9K113 LOS  FL=CM MENU
12:15:44     !! L does not offer "CLOSE" (shows "nil") -- not pressing
12:15:44   on page 'other': C=FIRE  U=SRCH PILOT LOS  R=NO MSL  D=TRACKING  FU=HOLD FIRE  FR=TGT PILOT  FD=SRCH 9K113 LOS  FL=CM MENU
12:15:44     !! L does not offer "CLOSE" (shows "nil") -- not pressing
12:15:44   on page 'other': C=FIRE  U=SRCH PILOT LOS  R=NO MSL  D=TRACKING  FU=HOLD FIRE  FR=TGT PILOT  FD=SRCH 9K113 LOS  FL=CM MENU
12:15:44     !! L does not offer "CLOSE" (shows "nil") -- not pressing
12:15:44   on page 'other': C=FIRE  U=SRCH PILOT LOS  R=NO MSL  D=TRACKING  FU=HOLD FIRE  FR=TGT PILOT  FD=SRCH 9K113 LOS  FL=CM MENU
12:15:44     !! L does not offer "CLOSE" (shows "nil") -- not pressing
12:15:44   on page 'other': C=FIRE  U=SRCH PILOT LOS  R=NO MSL  D=TRACKING  FU=HOLD FIRE  FR=TGT PILOT  FD=SRCH 9K113 LOS  FL=CM MENU
12:15:44     !! L does not offer "CLOSE" (shows "nil") -- not pressing
12:15:44   on page 'other': C=FIRE  U=SRCH PILOT LOS  R=NO MSL  D=TRACKING  FU=HOLD FIRE  FR=TGT PILOT  FD=SRCH 9K113 LOS  FL=CM MENU
12:15:44     !! L does not offer "CLOSE" (shows "nil") -- not pressing
12:15:44   on page 'other': C=FIRE  U=SRCH PILOT LOS  R=NO MSL  D=TRACKING  FU=HOLD FIRE  FR=TGT PILOT  FD=SRCH 9K113 LOS  FL=CM MENU
12:15:44     !! L does not offer "CLOSE" (shows "nil") -- not pressing
12:15:44   on page 'other': C=FIRE  U=SRCH PILOT LOS  R=NO MSL  D=TRACKING  FU=HOLD FIRE  FR=TGT PILOT  FD=SRCH 9K113 LOS  FL=CM MENU
12:15:44     !! L does not offer "CLOSE" (shows "nil") -- not pressing
12:15:44   on page 'other': C=FIRE  U=SRCH PILOT LOS  R=NO MSL  D=TRACKING  FU=HOLD FIRE  FR=TGT PILOT  FD=SRCH 9K113 LOS  FL=CM MENU
12:15:44     !! L does not offer "CLOSE" (shows "nil") -- not pressing
12:15:44   on page 'other': C=FIRE  U=SRCH PILOT LOS  R=NO MSL  D=TRACKING  FU=HOLD FIRE  FR=TGT PILOT  FD=SRCH 9K113 LOS  FL=CM MENU
12:15:44     !! L does not offer "CLOSE" (shows "nil") -- not pressing
12:15:44   on page 'other': C=FIRE  U=SRCH PILOT LOS  R=NO MSL  D=TRACKING  FU=HOLD FIRE  FR=TGT PILOT  FD=SRCH 9K113 LOS  FL=CM MENU
12:15:44     !! L does not offer "CLOSE" (shows "nil") -- not pressing
12:15:44   on page 'other': C=FIRE  U=SRCH PILOT LOS  R=NO MSL  D=TRACKING  FU=HOLD FIRE  FR=TGT PILOT  FD=SRCH 9K113 LOS  FL=CM MENU
12:15:44     !! L does not offer "CLOSE" (shows "nil") -- not pressing
12:15:44   on page 'other': C=FIRE  U=SRCH PILOT LOS  R=NO MSL  D=TRACKING  FU=HOLD FIRE  FR=TGT PILOT  FD=SRCH 9K113 LOS  FL=CM MENU
12:15:44     !! L does not offer "CLOSE" (shows "nil") -- not pressing
12:15:44   on page 'other': C=FIRE  U=SRCH PILOT LOS  R=NO MSL  D=TRACKING  FU=HOLD FIRE  FR=TGT PILOT  FD=SRCH 9K113 LOS  FL=CM MENU
12:15:44     !! L does not offer "CLOSE" (shows "nil") -- not pressing
12:15:44   on page 'other': C=FIRE  U=SRCH PILOT LOS  R=NO MSL  D=TRACKING  FU=HOLD FIRE  FR=TGT PILOT  FD=SRCH 9K113 LOS  FL=CM MENU
12:15:44     !! L does not offer "CLOSE" (shows "nil") -- not pressing
12:15:44   on page 'other': C=FIRE  U=SRCH PILOT LOS  R=NO MSL  D=TRACKING  FU=HOLD FIRE  FR=TGT PILOT  FD=SRCH 9K113 LOS  FL=CM MENU
12:15:44     !! L does not offer "CLOSE" (shows "nil") -- not pressing
12:15:44   on page 'other': C=FIRE  U=SRCH PILOT LOS  R=NO MSL  D=TRACKING  FU=HOLD FIRE  FR=TGT PILOT  FD=SRCH 9K113 LOS  FL=CM MENU
12:15:44     !! L does not offer "CLOSE" (shows "nil") -- not pressing
12:15:44   on page 'other': C=FIRE  U=SRCH PILOT LOS  R=NO MSL  D=TRACKING  FU=HOLD FIRE  FR=TGT PILOT  FD=SRCH 9K113 LOS  FL=CM MENU
12:15:44     !! L does not offer "CLOSE" (shows "nil") -- not pressing
12:15:44   on page 'other': C=FIRE  U=SRCH PILOT LOS  R=NO MSL  D=TRACKING  FU=HOLD FIRE  FR=TGT PILOT  FD=SRCH 9K113 LOS  FL=CM MENU
12:15:44     !! L does not offer "CLOSE" (shows "nil") -- not pressing
12:15:44   on page 'other': C=FIRE  U=SRCH PILOT LOS  R=NO MSL  D=TRACKING  FU=HOLD FIRE  FR=TGT PILOT  FD=SRCH 9K113 LOS  FL=CM MENU
12:15:44     !! L does not offer "CLOSE" (shows "nil") -- not pressing
12:15:44   on page 'other': C=FIRE  U=SRCH PILOT LOS  R=NO MSL  D=TRACKING  FU=HOLD FIRE  FR=TGT PILOT  FD=SRCH 9K113 LOS  FL=CM MENU
12:15:44     !! L does not offer "CLOSE" (shows "nil") -- not pressing
12:15:44   on page 'other': C=FIRE  U=SRCH PILOT LOS  R=NO MSL  D=TRACKING  FU=HOLD FIRE  FR=TGT PILOT  FD=SRCH 9K113 LOS  FL=CM MENU
12:15:44     !! L does not offer "CLOSE" (shows "nil") -- not pressing
12:15:44   on page 'other': C=FIRE  U=SRCH PILOT LOS  R=NO MSL  D=TRACKING  FU=HOLD FIRE  FR=TGT PILOT  FD=SRCH 9K113 LOS  FL=CM MENU
12:15:44     !! L does not offer "CLOSE" (shows "nil") -- not pressing
12:15:44   on page 'other': C=FIRE  U=SRCH PILOT LOS  R=NO MSL  D=TRACKING  FU=HOLD FIRE  FR=TGT PILOT  FD=SRCH 9K113 LOS  FL=CM MENU
12:15:44     !! L does not offer "CLOSE" (shows "nil") -- not pressing
12:15:44   on page 'other': C=FIRE  U=SRCH PILOT LOS  R=NO MSL  D=TRACKING  FU=HOLD FIRE  FR=TGT PILOT  FD=SRCH 9K113 LOS  FL=CM MENU
12:15:44     !! L does not offer "CLOSE" (shows "nil") -- not pressing
12:15:44   on page 'other': C=FIRE  U=SRCH PILOT LOS  R=NO MSL  D=TRACKING  FU=HOLD FIRE  FR=TGT PILOT  FD=SRCH 9K113 LOS  FL=CM MENU
12:15:44     !! L does not offer "CLOSE" (shows "nil") -- not pressing
12:15:44   on page 'other': C=FIRE  U=SRCH PILOT LOS  R=NO MSL  D=TRACKING  FU=HOLD FIRE  FR=TGT PILOT  FD=SRCH 9K113 LOS  FL=CM MENU
12:15:44     !! L does not offer "CLOSE" (shows "nil") -- not pressing
12:15:44   on page 'other': C=FIRE  U=SRCH PILOT LOS  R=NO MSL  D=TRACKING  FU=HOLD FIRE  FR=TGT PILOT  FD=SRCH 9K113 LOS  FL=CM MENU
12:15:44     !! L does not offer "CLOSE" (shows "nil") -- not pressing
12:15:44   on page 'other': C=FIRE  U=SRCH PILOT LOS  R=NO MSL  D=TRACKING  FU=HOLD FIRE  FR=TGT PILOT  FD=SRCH 9K113 LOS  FL=CM MENU
12:15:44     !! L does not offer "CLOSE" (shows "nil") -- not pressing
12:15:44   on page 'other': C=FIRE  U=SRCH PILOT LOS  R=NO MSL  D=TRACKING  FU=HOLD FIRE  FR=TGT PILOT  FD=SRCH 9K113 LOS  FL=CM MENU
12:15:44     !! L does not offer "CLOSE" (shows "nil") -- not pressing
12:15:44   on page 'other': C=FIRE  U=SRCH PILOT LOS  R=NO MSL  D=TRACKING  FU=HOLD FIRE  FR=TGT PILOT  FD=SRCH 9K113 LOS  FL=CM MENU
12:15:44     !! L does not offer "CLOSE" (shows "nil") -- not pressing
12:15:44   on page 'other': C=FIRE  U=SRCH PILOT LOS  R=NO MSL  D=TRACKING  FU=HOLD FIRE  FR=TGT PILOT  FD=SRCH 9K113 LOS  FL=CM MENU
12:15:44     !! L does not offer "CLOSE" (shows "nil") -- not pressing
12:15:44   on page 'other': C=FIRE  U=SRCH PILOT LOS  R=NO MSL  D=TRACKING  FU=HOLD FIRE  FR=TGT PILOT  FD=SRCH 9K113 LOS  FL=CM MENU
12:15:44     !! L does not offer "CLOSE" (shows "nil") -- not pressing
12:15:44   on page 'other': C=FIRE  U=SRCH PILOT LOS  R=NO MSL  D=TRACKING  FU=HOLD FIRE  FR=TGT PILOT  FD=SRCH 9K113 LOS  FL=CM MENU
12:15:44     !! L does not offer "CLOSE" (shows "nil") -- not pressing
12:15:44   on page 'other': C=FIRE  U=SRCH PILOT LOS  R=NO MSL  D=TRACKING  FU=HOLD FIRE  FR=TGT PILOT  FD=SRCH 9K113 LOS  FL=CM MENU
12:15:44     !! L does not offer "CLOSE" (shows "nil") -- not pressing
12:15:44   on page 'other': C=FIRE  U=SRCH PILOT LOS  R=NO MSL  D=TRACKING  FU=HOLD FIRE  FR=TGT PILOT  FD=SRCH 9K113 LOS  FL=CM MENU
12:15:44     !! L does not offer "CLOSE" (shows "nil") -- not pressing
12:15:44   on page 'other': C=FIRE  U=SRCH PILOT LOS  R=NO MSL  D=TRACKING  FU=HOLD FIRE  FR=TGT PILOT  FD=SRCH 9K113 LOS  FL=CM MENU
12:15:44     !! L does not offer "CLOSE" (shows "nil") -- not pressing
12:15:44   on page 'other': C=FIRE  U=SRCH PILOT LOS  R=NO MSL  D=TRACKING  FU=HOLD FIRE  FR=TGT PILOT  FD=SRCH 9K113 LOS  FL=CM MENU
12:15:44     !! L does not offer "CLOSE" (shows "nil") -- not pressing
12:15:44   on page 'other': C=FIRE  U=SRCH PILOT LOS  R=NO MSL  D=TRACKING  FU=HOLD FIRE  FR=TGT PILOT  FD=SRCH 9K113 LOS  FL=CM MENU
12:15:44     !! L does not offer "CLOSE" (shows "nil") -- not pressing
12:15:44   on page 'other': C=FIRE  U=SRCH PILOT LOS  R=NO MSL  D=TRACKING  FU=HOLD FIRE  FR=TGT PILOT  FD=SRCH 9K113 LOS  FL=CM MENU
12:15:44     !! L does not offer "CLOSE" (shows "nil") -- not pressing
12:15:44   on page 'other': C=FIRE  U=SRCH PILOT LOS  R=NO MSL  D=TRACKING  FU=HOLD FIRE  FR=TGT PILOT  FD=SRCH 9K113 LOS  FL=CM MENU
12:15:44     !! L does not offer "CLOSE" (shows "nil") -- not pressing
12:15:44   on page 'other': C=FIRE  U=SRCH PILOT LOS  R=NO MSL  D=TRACKING  FU=HOLD FIRE  FR=TGT PILOT  FD=SRCH 9K113 LOS  FL=CM MENU
12:15:44     !! L does not offer "CLOSE" (shows "nil") -- not pressing
12:15:44   on page 'other': C=FIRE  U=SRCH PILOT LOS  R=NO MSL  D=TRACKING  FU=HOLD FIRE  FR=TGT PILOT  FD=SRCH 9K113 LOS  FL=CM MENU
12:15:44     !! L does not offer "CLOSE" (shows "nil") -- not pressing
12:15:44   on page 'other': C=FIRE  U=SRCH PILOT LOS  R=NO MSL  D=TRACKING  FU=HOLD FIRE  FR=TGT PILOT  FD=SRCH 9K113 LOS  FL=CM MENU
12:15:44     !! L does not offer "CLOSE" (shows "nil") -- not pressing
12:15:44   on page 'other': C=FIRE  U=SRCH PILOT LOS  R=NO MSL  D=TRACKING  FU=HOLD FIRE  FR=TGT PILOT  FD=SRCH 9K113 LOS  FL=CM MENU
12:15:44     !! L does not offer "CLOSE" (shows "nil") -- not pressing
12:15:44   on page 'other': C=FIRE  U=SRCH PILOT LOS  R=NO MSL  D=TRACKING  FU=HOLD FIRE  FR=TGT PILOT  FD=SRCH 9K113 LOS  FL=CM MENU
12:15:44     !! L does not offer "CLOSE" (shows "nil") -- not pressing
12:15:44   on page 'other': C=FIRE  U=SRCH PILOT LOS  R=NO MSL  D=TRACKING  FU=HOLD FIRE  FR=TGT PILOT  FD=SRCH 9K113 LOS  FL=CM MENU
12:15:44     !! L does not offer "CLOSE" (shows "nil") -- not pressing
12:15:44   on page 'other': C=FIRE  U=SRCH PILOT LOS  R=NO MSL  D=TRACKING  FU=HOLD FIRE  FR=TGT PILOT  FD=SRCH 9K113 LOS  FL=CM MENU
12:15:44     !! L does not offer "CLOSE" (shows "nil") -- not pressing
12:15:44   on page 'other': C=FIRE  U=SRCH PILOT LOS  R=NO MSL  D=TRACKING  FU=HOLD FIRE  FR=TGT PILOT  FD=SRCH 9K113 LOS  FL=CM MENU
12:15:44     !! L does not offer "CLOSE" (shows "nil") -- not pressing
12:15:44   on page 'other': C=FIRE  U=SRCH PILOT LOS  R=NO MSL  D=TRACKING  FU=HOLD FIRE  FR=TGT PILOT  FD=SRCH 9K113 LOS  FL=CM MENU
12:15:44     !! L does not offer "CLOSE" (shows "nil") -- not pressing
12:15:44   on page 'other': C=FIRE  U=SRCH PILOT LOS  R=NO MSL  D=TRACKING  FU=HOLD FIRE  FR=TGT PILOT  FD=SRCH 9K113 LOS  FL=CM MENU
12:15:44     !! L does not offer "CLOSE" (shows "nil") -- not pressing
12:15:44   on page 'other': C=FIRE  U=SRCH PILOT LOS  R=NO MSL  D=TRACKING  FU=HOLD FIRE  FR=TGT PILOT  FD=SRCH 9K113 LOS  FL=CM MENU
12:15:44     !! L does not offer "CLOSE" (shows "nil") -- not pressing
12:15:44   on page 'other': C=FIRE  U=SRCH PILOT LOS  R=NO MSL  D=TRACKING  FU=HOLD FIRE  FR=TGT PILOT  FD=SRCH 9K113 LOS  FL=CM MENU
12:15:44     !! L does not offer "CLOSE" (shows "nil") -- not pressing
12:15:44   on page 'other': C=FIRE  U=SRCH PILOT LOS  R=NO MSL  D=TRACKING  FU=HOLD FIRE  FR=TGT PILOT  FD=SRCH 9K113 LOS  FL=CM MENU
12:15:44     !! L does not offer "CLOSE" (shows "nil") -- not pressing
12:15:44   on page 'other': C=FIRE  U=SRCH PILOT LOS  R=NO MSL  D=TRACKING  FU=HOLD FIRE  FR=TGT PILOT  FD=SRCH 9K113 LOS  FL=CM MENU
12:15:44     !! L does not offer "CLOSE" (shows "nil") -- not pressing
12:15:44   on page 'other': C=FIRE  U=SRCH PILOT LOS  R=NO MSL  D=TRACKING  FU=HOLD FIRE  FR=TGT PILOT  FD=SRCH 9K113 LOS  FL=CM MENU
12:15:44     !! L does not offer "CLOSE" (shows "nil") -- not pressing
12:15:44   on page 'other': C=FIRE  U=SRCH PILOT LOS  R=NO MSL  D=TRACKING  FU=HOLD FIRE  FR=TGT PILOT  FD=SRCH 9K113 LOS  FL=CM MENU
12:15:44     !! L does not offer "CLOSE" (shows "nil") -- not pressing
12:15:44   on page 'other': C=FIRE  U=SRCH PILOT LOS  R=NO MSL  D=TRACKING  FU=HOLD FIRE  FR=TGT PILOT  FD=SRCH 9K113 LOS  FL=CM MENU
12:15:44     !! L does not offer "CLOSE" (shows "nil") -- not pressing
12:15:44   on page 'other': C=FIRE  U=SRCH PILOT LOS  R=NO MSL  D=TRACKING  FU=HOLD FIRE  FR=TGT PILOT  FD=SRCH 9K113 LOS  FL=CM MENU
12:15:44     !! L does not offer "CLOSE" (shows "nil") -- not pressing
12:15:44   on page 'other': C=FIRE  U=SRCH PILOT LOS  R=NO MSL  D=TRACKING  FU=HOLD FIRE  FR=TGT PILOT  FD=SRCH 9K113 LOS  FL=CM MENU
12:15:44     !! L does not offer "CLOSE" (shows "nil") -- not pressing
12:15:44   on page 'other': C=FIRE  U=SRCH PILOT LOS  R=NO MSL  D=TRACKING  FU=HOLD FIRE  FR=TGT PILOT  FD=SRCH 9K113 LOS  FL=CM MENU
12:15:44     !! L does not offer "CLOSE" (shows "nil") -- not pressing
12:15:44   on page 'other': C=FIRE  U=SRCH PILOT LOS  R=NO MSL  D=TRACKING  FU=HOLD FIRE  FR=TGT PILOT  FD=SRCH 9K113 LOS  FL=CM MENU
12:15:44     !! L does not offer "CLOSE" (shows "nil") -- not pressing
12:15:44   on page 'other': C=FIRE  U=SRCH PILOT LOS  R=NO MSL  D=TRACKING  FU=HOLD FIRE  FR=TGT PILOT  FD=SRCH 9K113 LOS  FL=CM MENU
12:15:44     !! L does not offer "CLOSE" (shows "nil") -- not pressing
12:15:44   on page 'other': C=FIRE  U=SRCH PILOT LOS  R=NO MSL  D=TRACKING  FU=HOLD FIRE  FR=TGT PILOT  FD=SRCH 9K113 LOS  FL=CM MENU
12:15:44     !! L does not offer "CLOSE" (shows "nil") -- not pressing
12:15:44   on page 'other': C=FIRE  U=SRCH PILOT LOS  R=NO MSL  D=TRACKING  FU=HOLD FIRE  FR=TGT PILOT  FD=SRCH 9K113 LOS  FL=CM MENU
12:15:44     !! L does not offer "CLOSE" (shows "nil") -- not pressing
12:15:44   on page 'other': C=FIRE  U=SRCH PILOT LOS  R=NO MSL  D=TRACKING  FU=HOLD FIRE  FR=TGT PILOT  FD=SRCH 9K113 LOS  FL=CM MENU
12:15:44     !! L does not offer "CLOSE" (shows "nil") -- not pressing
12:15:44   on page 'other': C=FIRE  U=SRCH PILOT LOS  R=NO MSL  D=TRACKING  FU=HOLD FIRE  FR=TGT PILOT  FD=SRCH 9K113 LOS  FL=CM MENU
12:15:44     !! L does not offer "CLOSE" (shows "nil") -- not pressing
12:15:44   on page 'other': C=FIRE  U=SRCH PILOT LOS  R=NO MSL  D=TRACKING  FU=HOLD FIRE  FR=TGT PILOT  FD=SRCH 9K113 LOS  FL=CM MENU
12:15:44     !! L does not offer "CLOSE" (shows "nil") -- not pressing
12:15:44   on page 'other': C=FIRE  U=SRCH PILOT LOS  R=NO MSL  D=TRACKING  FU=HOLD FIRE  FR=TGT PILOT  FD=SRCH 9K113 LOS  FL=CM MENU
12:15:44     !! L does not offer "CLOSE" (shows "nil") -- not pressing
12:15:44   on page 'other': C=FIRE  U=SRCH PILOT LOS  R=NO MSL  D=TRACKING  FU=HOLD FIRE  FR=TGT PILOT  FD=SRCH 9K113 LOS  FL=CM MENU
12:15:44     !! L does not offer "CLOSE" (shows "nil") -- not pressing
12:15:44   on page 'other': C=FIRE  U=SRCH PILOT LOS  R=NO MSL  D=TRACKING  FU=HOLD FIRE  FR=TGT PILOT  FD=SRCH 9K113 LOS  FL=CM MENU
12:15:44     !! L does not offer "CLOSE" (shows "nil") -- not pressing
12:15:44   on page 'other': C=FIRE  U=SRCH PILOT LOS  R=NO MSL  D=TRACKING  FU=HOLD FIRE  FR=TGT PILOT  FD=SRCH 9K113 LOS  FL=CM MENU
12:15:44     !! L does not offer "CLOSE" (shows "nil") -- not pressing
12:15:44   on page 'other': C=FIRE  U=SRCH PILOT LOS  R=NO MSL  D=TRACKING  FU=HOLD FIRE  FR=TGT PILOT  FD=SRCH 9K113 LOS  FL=CM MENU
12:15:44     !! L does not offer "CLOSE" (shows "nil") -- not pressing
12:15:44   on page 'other': C=FIRE  U=SRCH PILOT LOS  R=NO MSL  D=TRACKING  FU=HOLD FIRE  FR=TGT PILOT  FD=SRCH 9K113 LOS  FL=CM MENU
12:15:44     !! L does not offer "CLOSE" (shows "nil") -- not pressing
12:15:44   on page 'other': C=FIRE  U=SRCH PILOT LOS  R=NO MSL  D=TRACKING  FU=HOLD FIRE  FR=TGT PILOT  FD=SRCH 9K113 LOS  FL=CM MENU
12:15:44     !! L does not offer "CLOSE" (shows "nil") -- not pressing
12:15:44   on page 'other': C=FIRE  U=SRCH PILOT LOS  R=NO MSL  D=TRACKING  FU=HOLD FIRE  FR=TGT PILOT  FD=SRCH 9K113 LOS  FL=CM MENU
12:15:44     !! L does not offer "CLOSE" (shows "nil") -- not pressing
12:15:44   on page 'other': C=FIRE  U=SRCH PILOT LOS  R=NO MSL  D=TRACKING  FU=HOLD FIRE  FR=TGT PILOT  FD=SRCH 9K113 LOS  FL=CM MENU
12:15:44     !! L does not offer "CLOSE" (shows "nil") -- not pressing
12:15:45   on page 'other': C=FIRE  U=SRCH PILOT LOS  R=NO MSL  D=TRACKING  FU=HOLD FIRE  FR=TGT PILOT  FD=SRCH 9K113 LOS  FL=CM MENU
12:15:45     !! L does not offer "CLOSE" (shows "nil") -- not pressing
12:15:45   on page 'other': C=FIRE  U=SRCH PILOT LOS  R=NO MSL  D=TRACKING  FU=HOLD FIRE  FR=TGT PILOT  FD=SRCH 9K113 LOS  FL=CM MENU
12:15:45     !! L does not offer "CLOSE" (shows "nil") -- not pressing
12:15:45   on page 'other': C=FIRE  U=SRCH PILOT LOS  R=NO MSL  D=TRACKING  FU=HOLD FIRE  FR=TGT PILOT  FD=SRCH 9K113 LOS  FL=CM MENU
12:15:45     !! L does not offer "CLOSE" (shows "nil") -- not pressing
12:15:45   on page 'other': C=FIRE  U=SRCH PILOT LOS  R=NO MSL  D=TRACKING  FU=HOLD FIRE  FR=TGT PILOT  FD=SRCH 9K113 LOS  FL=CM MENU
12:15:45     !! L does not offer "CLOSE" (shows "nil") -- not pressing
12:15:45   on page 'other': C=FIRE  U=SRCH PILOT LOS  R=NO MSL  D=TRACKING  FU=HOLD FIRE  FR=TGT PILOT  FD=SRCH 9K113 LOS  FL=CM MENU
12:15:45     !! L does not offer "CLOSE" (shows "nil") -- not pressing
12:15:45   on page 'other': C=FIRE  U=SRCH PILOT LOS  R=NO MSL  D=TRACKING  FU=HOLD FIRE  FR=TGT PILOT  FD=SRCH 9K113 LOS  FL=CM MENU
12:15:45     !! L does not offer "CLOSE" (shows "nil") -- not pressing
12:15:45   on page 'other': C=FIRE  U=SRCH PILOT LOS  R=NO MSL  D=TRACKING  FU=HOLD FIRE  FR=TGT PILOT  FD=SRCH 9K113 LOS  FL=CM MENU
12:15:45     !! L does not offer "CLOSE" (shows "nil") -- not pressing
12:15:45   on page 'other': C=FIRE  U=SRCH PILOT LOS  R=NO MSL  D=TRACKING  FU=HOLD FIRE  FR=TGT PILOT  FD=SRCH 9K113 LOS  FL=CM MENU
12:15:45     !! L does not offer "CLOSE" (shows "nil") -- not pressing
12:15:45   on page 'other': C=FIRE  U=SRCH PILOT LOS  R=NO MSL  D=TRACKING  FU=HOLD FIRE  FR=TGT PILOT  FD=SRCH 9K113 LOS  FL=CM MENU
12:15:45     !! L does not offer "CLOSE" (shows "nil") -- not pressing
12:15:45   on page 'other': C=FIRE  U=SRCH PILOT LOS  R=NO MSL  D=TRACKING  FU=HOLD FIRE  FR=TGT PILOT  FD=SRCH 9K113 LOS  FL=CM MENU
12:15:45     !! L does not offer "CLOSE" (shows "nil") -- not pressing
12:15:45   on page 'other': C=FIRE  U=SRCH PILOT LOS  R=NO MSL  D=TRACKING  FU=HOLD FIRE  FR=TGT PILOT  FD=SRCH 9K113 LOS  FL=CM MENU
12:15:45     !! L does not offer "CLOSE" (shows "nil") -- not pressing
12:15:45   on page 'other': C=FIRE  U=SRCH PILOT LOS  R=NO MSL  D=TRACKING  FU=HOLD FIRE  FR=TGT PILOT  FD=SRCH 9K113 LOS  FL=CM MENU
12:15:45     !! L does not offer "CLOSE" (shows "nil") -- not pressing
12:15:45   on page 'other': C=FIRE  U=SRCH PILOT LOS  R=NO MSL  D=TRACKING  FU=HOLD FIRE  FR=TGT PILOT  FD=SRCH 9K113 LOS  FL=CM MENU
12:15:45     !! L does not offer "CLOSE" (shows "nil") -- not pressing
12:15:45   on page 'other': C=FIRE  U=SRCH PILOT LOS  R=NO MSL  D=TRACKING  FU=HOLD FIRE  FR=TGT PILOT  FD=SRCH 9K113 LOS  FL=CM MENU
12:15:45     !! L does not offer "CLOSE" (shows "nil") -- not pressing
12:15:45   on page 'other': C=FIRE  U=SRCH PILOT LOS  R=NO MSL  D=TRACKING  FU=HOLD FIRE  FR=TGT PILOT  FD=SRCH 9K113 LOS  FL=CM MENU
12:15:45     !! L does not offer "CLOSE" (shows "nil") -- not pressing
12:15:45   on page 'other': C=FIRE  U=SRCH PILOT LOS  R=NO MSL  D=TRACKING  FU=HOLD FIRE  FR=TGT PILOT  FD=SRCH 9K113 LOS  FL=CM MENU
12:15:45     !! L does not offer "CLOSE" (shows "nil") -- not pressing
12:15:45   on page 'other': C=FIRE  U=SRCH PILOT LOS  R=NO MSL  D=TRACKING  FU=HOLD FIRE  FR=TGT PILOT  FD=SRCH 9K113 LOS  FL=CM MENU
12:15:45     !! L does not offer "CLOSE" (shows "nil") -- not pressing
12:15:45   on page 'other': C=FIRE  U=SRCH PILOT LOS  R=NO MSL  D=TRACKING  FU=HOLD FIRE  FR=TGT PILOT  FD=SRCH 9K113 LOS  FL=CM MENU
12:15:45     !! L does not offer "CLOSE" (shows "nil") -- not pressing
12:15:45   on page 'other': C=FIRE  U=SRCH PILOT LOS  R=NO MSL  D=TRACKING  FU=HOLD FIRE  FR=TGT PILOT  FD=SRCH 9K113 LOS  FL=CM MENU
12:15:45     !! L does not offer "CLOSE" (shows "nil") -- not pressing
12:15:45   on page 'other': C=FIRE  U=SRCH PILOT LOS  R=NO MSL  D=TRACKING  FU=HOLD FIRE  FR=TGT PILOT  FD=SRCH 9K113 LOS  FL=CM MENU
12:15:45     !! L does not offer "CLOSE" (shows "nil") -- not pressing
12:15:45   on page 'other': C=FIRE  U=SRCH PILOT LOS  R=NO MSL  D=TRACKING  FU=HOLD FIRE  FR=TGT PILOT  FD=SRCH 9K113 LOS  FL=CM MENU
12:15:45     !! L does not offer "CLOSE" (shows "nil") -- not pressing
12:15:45   on page 'other': C=FIRE  U=SRCH PILOT LOS  R=NO MSL  D=TRACKING  FU=HOLD FIRE  FR=TGT PILOT  FD=SRCH 9K113 LOS  FL=CM MENU
12:15:45     !! L does not offer "CLOSE" (shows "nil") -- not pressing
12:15:45   on page 'other': C=FIRE  U=SRCH PILOT LOS  R=NO MSL  D=TRACKING  FU=HOLD FIRE  FR=TGT PILOT  FD=SRCH 9K113 LOS  FL=CM MENU
12:15:45     !! L does not offer "CLOSE" (shows "nil") -- not pressing
12:15:45   on page 'other': C=FIRE  U=SRCH PILOT LOS  R=NO MSL  D=TRACKING  FU=HOLD FIRE  FR=TGT PILOT  FD=SRCH 9K113 LOS  FL=CM MENU
12:15:45     !! L does not offer "CLOSE" (shows "nil") -- not pressing
12:15:45   on page 'other': C=FIRE  U=SRCH PILOT LOS  R=NO MSL  D=TRACKING  FU=HOLD FIRE  FR=TGT PILOT  FD=SRCH 9K113 LOS  FL=CM MENU
12:15:45     !! L does not offer "CLOSE" (shows "nil") -- not pressing
12:15:45   on page 'other': C=FIRE  U=SRCH PILOT LOS  R=NO MSL  D=TRACKING  FU=HOLD FIRE  FR=TGT PILOT  FD=SRCH 9K113 LOS  FL=CM MENU
12:15:45     !! L does not offer "CLOSE" (shows "nil") -- not pressing
12:15:45   on page 'other': C=FIRE  U=SRCH PILOT LOS  R=NO MSL  D=TRACKING  FU=HOLD FIRE  FR=TGT PILOT  FD=SRCH 9K113 LOS  FL=CM MENU
12:15:45     !! L does not offer "CLOSE" (shows "nil") -- not pressing
12:15:45   on page 'other': C=FIRE  U=SRCH PILOT LOS  R=NO MSL  D=TRACKING  FU=HOLD FIRE  FR=TGT PILOT  FD=SRCH 9K113 LOS  FL=CM MENU
12:15:45     !! L does not offer "CLOSE" (shows "nil") -- not pressing
12:15:45   on page 'other': C=FIRE  U=SRCH PILOT LOS  R=NO MSL  D=TRACKING  FU=HOLD FIRE  FR=TGT PILOT  FD=SRCH 9K113 LOS  FL=CM MENU
12:15:45     !! L does not offer "CLOSE" (shows "nil") -- not pressing
12:15:45   on page 'other': C=FIRE  U=SRCH PILOT LOS  R=NO MSL  D=TRACKING  FU=HOLD FIRE  FR=TGT PILOT  FD=SRCH 9K113 LOS  FL=CM MENU
12:15:45     !! L does not offer "CLOSE" (shows "nil") -- not pressing
12:15:45   on page 'other': C=FIRE  U=SRCH PILOT LOS  R=NO MSL  D=TRACKING  FU=HOLD FIRE  FR=TGT PILOT  FD=SRCH 9K113 LOS  FL=CM MENU
12:15:45     !! L does not offer "CLOSE" (shows "nil") -- not pressing
12:15:45   on page 'other': C=FIRE  U=SRCH PILOT LOS  R=NO MSL  D=TRACKING  FU=HOLD FIRE  FR=TGT PILOT  FD=SRCH 9K113 LOS  FL=CM MENU
12:15:45     !! L does not offer "CLOSE" (shows "nil") -- not pressing
12:15:45   on page 'other': C=FIRE  U=SRCH PILOT LOS  R=NO MSL  D=TRACKING  FU=HOLD FIRE  FR=TGT PILOT  FD=SRCH 9K113 LOS  FL=CM MENU
12:15:45     !! L does not offer "CLOSE" (shows "nil") -- not pressing
12:15:45   on page 'other': C=FIRE  U=SRCH PILOT LOS  R=NO MSL  D=TRACKING  FU=HOLD FIRE  FR=TGT PILOT  FD=SRCH 9K113 LOS  FL=CM MENU
12:15:45     !! L does not offer "CLOSE" (shows "nil") -- not pressing
12:15:45   on page 'other': C=FIRE  U=SRCH PILOT LOS  R=NO MSL  D=TRACKING  FU=HOLD FIRE  FR=TGT PILOT  FD=SRCH 9K113 LOS  FL=CM MENU
12:15:45     !! L does not offer "CLOSE" (shows "nil") -- not pressing
12:15:45   on page 'other': C=FIRE  U=SRCH PILOT LOS  R=NO MSL  D=TRACKING  FU=HOLD FIRE  FR=TGT PILOT  FD=SRCH 9K113 LOS  FL=CM MENU
12:15:45     !! L does not offer "CLOSE" (shows "nil") -- not pressing
12:15:45   on page 'other': C=FIRE  U=SRCH PILOT LOS  R=NO MSL  D=TRACKING  FU=HOLD FIRE  FR=TGT PILOT  FD=SRCH 9K113 LOS  FL=CM MENU
12:15:45     !! L does not offer "CLOSE" (shows "nil") -- not pressing
12:15:45   on page 'other': C=FIRE  U=SRCH PILOT LOS  R=NO MSL  D=TRACKING  FU=HOLD FIRE  FR=TGT PILOT  FD=SRCH 9K113 LOS  FL=CM MENU
12:15:45     !! L does not offer "CLOSE" (shows "nil") -- not pressing
12:15:45   on page 'other': C=FIRE  U=SRCH PILOT LOS  R=NO MSL  D=TRACKING  FU=HOLD FIRE  FR=TGT PILOT  FD=SRCH 9K113 LOS  FL=CM MENU
12:15:45     !! L does not offer "CLOSE" (shows "nil") -- not pressing
12:15:45   on page 'other': C=FIRE  U=SRCH PILOT LOS  R=NO MSL  D=TRACKING  FU=HOLD FIRE  FR=TGT PILOT  FD=SRCH 9K113 LOS  FL=CM MENU
12:15:45     !! L does not offer "CLOSE" (shows "nil") -- not pressing
12:15:45   on page 'other': C=FIRE  U=SRCH PILOT LOS  R=NO MSL  D=TRACKING  FU=HOLD FIRE  FR=TGT PILOT  FD=SRCH 9K113 LOS  FL=CM MENU
12:15:45     !! L does not offer "CLOSE" (shows "nil") -- not pressing
12:15:45   on page 'other': C=FIRE  U=SRCH PILOT LOS  R=NO MSL  D=TRACKING  FU=HOLD FIRE  FR=TGT PILOT  FD=SRCH 9K113 LOS  FL=CM MENU
12:15:45     !! L does not offer "CLOSE" (shows "nil") -- not pressing
12:15:45   on page 'other': C=FIRE  U=SRCH PILOT LOS  R=NO MSL  D=TRACKING  FU=HOLD FIRE  FR=TGT PILOT  FD=SRCH 9K113 LOS  FL=CM MENU
12:15:45     !! L does not offer "CLOSE" (shows "nil") -- not pressing
12:15:45   on page 'other': C=FIRE  U=SRCH PILOT LOS  R=NO MSL  D=TRACKING  FU=HOLD FIRE  FR=TGT PILOT  FD=SRCH 9K113 LOS  FL=CM MENU
12:15:45     !! L does not offer "CLOSE" (shows "nil") -- not pressing
12:15:45   on page 'other': C=FIRE  U=SRCH PILOT LOS  R=NO MSL  D=TRACKING  FU=HOLD FIRE  FR=TGT PILOT  FD=SRCH 9K113 LOS  FL=CM MENU
12:15:45     !! L does not offer "CLOSE" (shows "nil") -- not pressing
12:15:45   on page 'other': C=FIRE  U=SRCH PILOT LOS  R=NO MSL  D=TRACKING  FU=HOLD FIRE  FR=TGT PILOT  FD=SRCH 9K113 LOS  FL=CM MENU
12:15:45     !! L does not offer "CLOSE" (shows "nil") -- not pressing
12:15:45   on page 'other': C=FIRE  U=SRCH PILOT LOS  R=NO MSL  D=TRACKING  FU=HOLD FIRE  FR=TGT PILOT  FD=SRCH 9K113 LOS  FL=CM MENU
12:15:45     !! L does not offer "CLOSE" (shows "nil") -- not pressing
12:15:45   on page 'other': C=FIRE  U=SRCH PILOT LOS  R=NO MSL  D=TRACKING  FU=HOLD FIRE  FR=TGT PILOT  FD=SRCH 9K113 LOS  FL=CM MENU
12:15:45     !! L does not offer "CLOSE" (shows "nil") -- not pressing
12:15:45   on page 'other': C=FIRE  U=SRCH PILOT LOS  R=NO MSL  D=TRACKING  FU=HOLD FIRE  FR=TGT PILOT  FD=SRCH 9K113 LOS  FL=CM MENU
12:15:45     !! L does not offer "CLOSE" (shows "nil") -- not pressing
12:15:45   on page 'other': C=FIRE  U=SRCH PILOT LOS  R=NO MSL  D=TRACKING  FU=HOLD FIRE  FR=TGT PILOT  FD=SRCH 9K113 LOS  FL=CM MENU
12:15:45     !! L does not offer "CLOSE" (shows "nil") -- not pressing
12:15:45   on page 'other': C=FIRE  U=SRCH PILOT LOS  R=NO MSL  D=TRACKING  FU=HOLD FIRE  FR=TGT PILOT  FD=SRCH 9K113 LOS  FL=CM MENU
12:15:45     !! L does not offer "CLOSE" (shows "nil") -- not pressing
12:15:45   on page 'other': C=FIRE  U=SRCH PILOT LOS  R=NO MSL  D=TRACKING  FU=HOLD FIRE  FR=TGT PILOT  FD=SRCH 9K113 LOS  FL=CM MENU
12:15:45     !! L does not offer "CLOSE" (shows "nil") -- not pressing
12:15:45   on page 'other': C=FIRE  U=SRCH PILOT LOS  R=NO MSL  D=TRACKING  FU=HOLD FIRE  FR=TGT PILOT  FD=SRCH 9K113 LOS  FL=CM MENU
12:15:45     !! L does not offer "CLOSE" (shows "nil") -- not pressing
12:15:45   on page 'other': C=FIRE  U=SRCH PILOT LOS  R=NO MSL  D=TRACKING  FU=HOLD FIRE  FR=TGT PILOT  FD=SRCH 9K113 LOS  FL=CM MENU
12:15:45     !! L does not offer "CLOSE" (shows "nil") -- not pressing
12:15:45   on page 'other': C=FIRE  U=SRCH PILOT LOS  R=NO MSL  D=TRACKING  FU=HOLD FIRE  FR=TGT PILOT  FD=SRCH 9K113 LOS  FL=CM MENU
12:15:45     !! L does not offer "CLOSE" (shows "nil") -- not pressing
12:15:45   on page 'other': C=FIRE  U=SRCH PILOT LOS  R=NO MSL  D=TRACKING  FU=HOLD FIRE  FR=TGT PILOT  FD=SRCH 9K113 LOS  FL=CM MENU
12:15:45     !! L does not offer "CLOSE" (shows "nil") -- not pressing
12:15:45   on page 'other': C=FIRE  U=SRCH PILOT LOS  R=NO MSL  D=TRACKING  FU=HOLD FIRE  FR=TGT PILOT  FD=SRCH 9K113 LOS  FL=CM MENU
12:15:45     !! L does not offer "CLOSE" (shows "nil") -- not pressing
12:15:45   on page 'other': C=FIRE  U=SRCH PILOT LOS  R=NO MSL  D=TRACKING  FU=HOLD FIRE  FR=TGT PILOT  FD=SRCH 9K113 LOS  FL=CM MENU
12:15:45     !! L does not offer "CLOSE" (shows "nil") -- not pressing
12:15:45   on page 'other': C=FIRE  U=SRCH PILOT LOS  R=NO MSL  D=TRACKING  FU=HOLD FIRE  FR=TGT PILOT  FD=SRCH 9K113 LOS  FL=CM MENU
12:15:45     !! L does not offer "CLOSE" (shows "nil") -- not pressing
12:15:45   on page 'other': C=FIRE  U=SRCH PILOT LOS  R=NO MSL  D=TRACKING  FU=HOLD FIRE  FR=TGT PILOT  FD=SRCH 9K113 LOS  FL=CM MENU
12:15:45     !! L does not offer "CLOSE" (shows "nil") -- not pressing
12:15:45   on page 'other': C=FIRE  U=SRCH PILOT LOS  R=NO MSL  D=TRACKING  FU=HOLD FIRE  FR=TGT PILOT  FD=SRCH 9K113 LOS  FL=CM MENU
12:15:45     !! L does not offer "CLOSE" (shows "nil") -- not pressing
12:15:45   on page 'other': C=FIRE  U=SRCH PILOT LOS  R=NO MSL  D=TRACKING  FU=HOLD FIRE  FR=TGT PILOT  FD=SRCH 9K113 LOS  FL=CM MENU
12:15:45     !! L does not offer "CLOSE" (shows "nil") -- not pressing
12:15:45   on page 'other': C=FIRE  U=SRCH PILOT LOS  R=NO MSL  D=TRACKING  FU=HOLD FIRE  FR=TGT PILOT  FD=SRCH 9K113 LOS  FL=CM MENU
12:15:45     !! L does not offer "CLOSE" (shows "nil") -- not pressing
12:15:45   on page 'other': C=FIRE  U=SRCH PILOT LOS  R=NO MSL  D=TRACKING  FU=HOLD FIRE  FR=TGT PILOT  FD=SRCH 9K113 LOS  FL=CM MENU
12:15:45     !! L does not offer "CLOSE" (shows "nil") -- not pressing
12:15:45   on page 'other': C=FIRE  U=SRCH PILOT LOS  R=NO MSL  D=TRACKING  FU=HOLD FIRE  FR=TGT PILOT  FD=SRCH 9K113 LOS  FL=CM MENU
12:15:45     !! L does not offer "CLOSE" (shows "nil") -- not pressing
12:15:45   on page 'other': C=FIRE  U=SRCH PILOT LOS  R=NO MSL  D=TRACKING  FU=HOLD FIRE  FR=TGT PILOT  FD=SRCH 9K113 LOS  FL=CM MENU
12:15:45     !! L does not offer "CLOSE" (shows "nil") -- not pressing
12:15:45   on page 'other': C=FIRE  U=SRCH PILOT LOS  R=NO MSL  D=TRACKING  FU=HOLD FIRE  FR=TGT PILOT  FD=SRCH 9K113 LOS  FL=CM MENU
12:15:45     !! L does not offer "CLOSE" (shows "nil") -- not pressing
12:15:45   on page 'other': C=FIRE  U=SRCH PILOT LOS  R=NO MSL  D=TRACKING  FU=HOLD FIRE  FR=TGT PILOT  FD=SRCH 9K113 LOS  FL=CM MENU
12:15:45     !! L does not offer "CLOSE" (shows "nil") -- not pressing
12:15:45   on page 'other': C=FIRE  U=SRCH PILOT LOS  R=NO MSL  D=TRACKING  FU=HOLD FIRE  FR=TGT PILOT  FD=SRCH 9K113 LOS  FL=CM MENU
12:15:45     !! L does not offer "CLOSE" (shows "nil") -- not pressing
12:15:45   on page 'other': C=FIRE  U=SRCH PILOT LOS  R=NO MSL  D=TRACKING  FU=HOLD FIRE  FR=TGT PILOT  FD=SRCH 9K113 LOS  FL=CM MENU
12:15:45     !! L does not offer "CLOSE" (shows "nil") -- not pressing
12:15:45   on page 'other': C=FIRE  U=SRCH PILOT LOS  R=NO MSL  D=TRACKING  FU=HOLD FIRE  FR=TGT PILOT  FD=SRCH 9K113 LOS  FL=CM MENU
12:15:45     !! L does not offer "CLOSE" (shows "nil") -- not pressing
12:15:45   on page 'other': C=FIRE  U=SRCH PILOT LOS  R=NO MSL  D=TRACKING  FU=HOLD FIRE  FR=TGT PILOT  FD=SRCH 9K113 LOS  FL=CM MENU
12:15:45     !! L does not offer "CLOSE" (shows "nil") -- not pressing
12:15:45   on page 'other': C=FIRE  U=SRCH PILOT LOS  R=NO MSL  D=TRACKING  FU=HOLD FIRE  FR=TGT PILOT  FD=SRCH 9K113 LOS  FL=CM MENU
12:15:45     !! L does not offer "CLOSE" (shows "nil") -- not pressing
12:15:45   on page 'other': C=FIRE  U=SRCH PILOT LOS  R=NO MSL  D=TRACKING  FU=HOLD FIRE  FR=TGT PILOT  FD=SRCH 9K113 LOS  FL=CM MENU
12:15:45     !! L does not offer "CLOSE" (shows "nil") -- not pressing
12:15:45   on page 'other': C=FIRE  U=SRCH PILOT LOS  R=NO MSL  D=TRACKING  FU=HOLD FIRE  FR=TGT PILOT  FD=SRCH 9K113 LOS  FL=CM MENU
12:15:45     !! L does not offer "CLOSE" (shows "nil") -- not pressing
12:15:45   on page 'other': C=FIRE  U=SRCH PILOT LOS  R=NO MSL  D=TRACKING  FU=HOLD FIRE  FR=TGT PILOT  FD=SRCH 9K113 LOS  FL=CM MENU
12:15:45     !! L does not offer "CLOSE" (shows "nil") -- not pressing
12:15:45   on page 'other': C=FIRE  U=SRCH PILOT LOS  R=NO MSL  D=TRACKING  FU=HOLD FIRE  FR=TGT PILOT  FD=SRCH 9K113 LOS  FL=CM MENU
12:15:45     !! L does not offer "CLOSE" (shows "nil") -- not pressing
12:15:45   on page 'other': C=FIRE  U=SRCH PILOT LOS  R=NO MSL  D=TRACKING  FU=HOLD FIRE  FR=TGT PILOT  FD=SRCH 9K113 LOS  FL=CM MENU
12:15:45     !! L does not offer "CLOSE" (shows "nil") -- not pressing
12:15:45   on page 'other': C=FIRE  U=SRCH PILOT LOS  R=NO MSL  D=TRACKING  FU=HOLD FIRE  FR=TGT PILOT  FD=SRCH 9K113 LOS  FL=CM MENU
12:15:45     !! L does not offer "CLOSE" (shows "nil") -- not pressing
12:15:46   on page 'other': C=FIRE  U=SRCH PILOT LOS  R=NO MSL  D=TRACKING  FU=HOLD FIRE  FR=TGT PILOT  FD=SRCH 9K113 LOS  FL=CM MENU
12:15:46     !! L does not offer "CLOSE" (shows "nil") -- not pressing
12:15:46   on page 'other': C=FIRE  U=SRCH PILOT LOS  R=NO MSL  D=TRACKING  FU=HOLD FIRE  FR=TGT PILOT  FD=SRCH 9K113 LOS  FL=CM MENU
12:15:46     !! L does not offer "CLOSE" (shows "nil") -- not pressing
12:15:46   on page 'other': C=FIRE  U=SRCH PILOT LOS  R=NO MSL  D=TRACKING  FU=HOLD FIRE  FR=TGT PILOT  FD=SRCH 9K113 LOS  FL=CM MENU
12:15:46     !! L does not offer "CLOSE" (shows "nil") -- not pressing
12:15:46   on page 'other': C=FIRE  U=SRCH PILOT LOS  R=NO MSL  D=TRACKING  FU=HOLD FIRE  FR=TGT PILOT  FD=SRCH 9K113 LOS  FL=CM MENU
12:15:46     !! L does not offer "CLOSE" (shows "nil") -- not pressing
12:15:46   on page 'other': C=FIRE  U=SRCH PILOT LOS  R=NO MSL  D=TRACKING  FU=HOLD FIRE  FR=TGT PILOT  FD=SRCH 9K113 LOS  FL=CM MENU
12:15:46     !! L does not offer "CLOSE" (shows "nil") -- not pressing
12:15:46   on page 'other': C=FIRE  U=SRCH PILOT LOS  R=NO MSL  D=TRACKING  FU=HOLD FIRE  FR=TGT PILOT  FD=SRCH 9K113 LOS  FL=CM MENU
12:15:46     !! L does not offer "CLOSE" (shows "nil") -- not pressing
12:15:46   on page 'other': C=FIRE  U=SRCH PILOT LOS  R=NO MSL  D=TRACKING  FU=HOLD FIRE  FR=TGT PILOT  FD=SRCH 9K113 LOS  FL=CM MENU
12:15:46     !! L does not offer "CLOSE" (shows "nil") -- not pressing
12:15:46   on page 'other': C=FIRE  U=SRCH PILOT LOS  R=NO MSL  D=TRACKING  FU=HOLD FIRE  FR=TGT PILOT  FD=SRCH 9K113 LOS  FL=CM MENU
12:15:46     !! L does not offer "CLOSE" (shows "nil") -- not pressing
12:15:46   on page 'other': C=FIRE  U=SRCH PILOT LOS  R=NO MSL  D=TRACKING  FU=HOLD FIRE  FR=TGT PILOT  FD=SRCH 9K113 LOS  FL=CM MENU
12:15:46     !! L does not offer "CLOSE" (shows "nil") -- not pressing
12:15:46   on page 'other': C=FIRE  U=SRCH PILOT LOS  R=NO MSL  D=TRACKING  FU=HOLD FIRE  FR=TGT PILOT  FD=SRCH 9K113 LOS  FL=CM MENU
12:15:46     !! L does not offer "CLOSE" (shows "nil") -- not pressing
12:15:46   on page 'other': C=FIRE  U=SRCH PILOT LOS  R=NO MSL  D=TRACKING  FU=HOLD FIRE  FR=TGT PILOT  FD=SRCH 9K113 LOS  FL=CM MENU
12:15:46     !! L does not offer "CLOSE" (shows "nil") -- not pressing
12:15:46   on page 'other': C=FIRE  U=SRCH PILOT LOS  R=NO MSL  D=TRACKING  FU=HOLD FIRE  FR=TGT PILOT  FD=SRCH 9K113 LOS  FL=CM MENU
12:15:46     !! L does not offer "CLOSE" (shows "nil") -- not pressing
12:15:46   on page 'other': C=FIRE  U=SRCH PILOT LOS  R=NO MSL  D=TRACKING  FU=HOLD FIRE  FR=TGT PILOT  FD=SRCH 9K113 LOS  FL=CM MENU
12:15:46     !! L does not offer "CLOSE" (shows "nil") -- not pressing
12:15:46   on page 'other': C=FIRE  U=SRCH PILOT LOS  R=NO MSL  D=TRACKING  FU=HOLD FIRE  FR=TGT PILOT  FD=SRCH 9K113 LOS  FL=CM MENU
12:15:46     !! L does not offer "CLOSE" (shows "nil") -- not pressing
12:15:46   on page 'other': C=FIRE  U=SRCH PILOT LOS  R=NO MSL  D=TRACKING  FU=HOLD FIRE  FR=TGT PILOT  FD=SRCH 9K113 LOS  FL=CM MENU
12:15:46     !! L does not offer "CLOSE" (shows "nil") -- not pressing
12:15:46   on page 'other': C=FIRE  U=SRCH PILOT LOS  R=NO MSL  D=TRACKING  FU=HOLD FIRE  FR=TGT PILOT  FD=SRCH 9K113 LOS  FL=CM MENU
12:15:46     !! L does not offer "CLOSE" (shows "nil") -- not pressing
12:15:46   on page 'other': C=FIRE  U=SRCH PILOT LOS  R=NO MSL  D=TRACKING  FU=HOLD FIRE  FR=TGT PILOT  FD=SRCH 9K113 LOS  FL=CM MENU
12:15:46     !! L does not offer "CLOSE" (shows "nil") -- not pressing
12:15:46   on page 'other': C=FIRE  U=SRCH PILOT LOS  R=NO MSL  D=TRACKING  FU=HOLD FIRE  FR=TGT PILOT  FD=SRCH 9K113 LOS  FL=CM MENU
12:15:46     !! L does not offer "CLOSE" (shows "nil") -- not pressing
12:15:46   on page 'other': C=FIRE  U=SRCH PILOT LOS  R=NO MSL  D=TRACKING  FU=HOLD FIRE  FR=TGT PILOT  FD=SRCH 9K113 LOS  FL=CM MENU
12:15:46     !! L does not offer "CLOSE" (shows "nil") -- not pressing
12:15:46   on page 'other': C=FIRE  U=SRCH PILOT LOS  R=NO MSL  D=TRACKING  FU=HOLD FIRE  FR=TGT PILOT  FD=SRCH 9K113 LOS  FL=CM MENU
12:15:46     !! L does not offer "CLOSE" (shows "nil") -- not pressing
12:15:46   on page 'other': C=FIRE  U=SRCH PILOT LOS  R=NO MSL  D=TRACKING  FU=HOLD FIRE  FR=TGT PILOT  FD=SRCH 9K113 LOS  FL=CM MENU
12:15:46     !! L does not offer "CLOSE" (shows "nil") -- not pressing
12:15:46   on page 'other': C=FIRE  U=SRCH PILOT LOS  R=NO MSL  D=TRACKING  FU=HOLD FIRE  FR=TGT PILOT  FD=SRCH 9K113 LOS  FL=CM MENU
12:15:46     !! L does not offer "CLOSE" (shows "nil") -- not pressing
12:15:46   on page 'other': C=FIRE  U=SRCH PILOT LOS  R=NO MSL  D=TRACKING  FU=HOLD FIRE  FR=TGT PILOT  FD=SRCH 9K113 LOS  FL=CM MENU
12:15:46     !! L does not offer "CLOSE" (shows "nil") -- not pressing
12:15:46   on page 'other': C=FIRE  U=SRCH PILOT LOS  R=NO MSL  D=TRACKING  FU=HOLD FIRE  FR=TGT PILOT  FD=SRCH 9K113 LOS  FL=CM MENU
12:15:46     !! L does not offer "CLOSE" (shows "nil") -- not pressing
12:15:46   on page 'other': C=FIRE  U=SRCH PILOT LOS  R=NO MSL  D=TRACKING  FU=HOLD FIRE  FR=TGT PILOT  FD=SRCH 9K113 LOS  FL=CM MENU
12:15:46     !! L does not offer "CLOSE" (shows "nil") -- not pressing
12:15:46   on page 'other': C=FIRE  U=SRCH PILOT LOS  R=NO MSL  D=TRACKING  FU=HOLD FIRE  FR=TGT PILOT  FD=SRCH 9K113 LOS  FL=CM MENU
12:15:46     !! L does not offer "CLOSE" (shows "nil") -- not pressing
12:15:46   on page 'other': C=FIRE  U=SRCH PILOT LOS  R=NO MSL  D=TRACKING  FU=HOLD FIRE  FR=TGT PILOT  FD=SRCH 9K113 LOS  FL=CM MENU
12:15:46     !! L does not offer "CLOSE" (shows "nil") -- not pressing
12:15:46   on page 'other': C=FIRE  U=SRCH PILOT LOS  R=NO MSL  D=TRACKING  FU=HOLD FIRE  FR=TGT PILOT  FD=SRCH 9K113 LOS  FL=CM MENU
12:15:46     !! L does not offer "CLOSE" (shows "nil") -- not pressing
12:15:46   on page 'other': C=FIRE  U=SRCH PILOT LOS  R=NO MSL  D=TRACKING  FU=HOLD FIRE  FR=TGT PILOT  FD=SRCH 9K113 LOS  FL=CM MENU
12:15:46     !! L does not offer "CLOSE" (shows "nil") -- not pressing
12:15:46   on page 'other': C=FIRE  U=SRCH PILOT LOS  R=NO MSL  D=TRACKING  FU=HOLD FIRE  FR=TGT PILOT  FD=SRCH 9K113 LOS  FL=CM MENU
12:15:46     !! L does not offer "CLOSE" (shows "nil") -- not pressing
12:15:46   on page 'other': C=FIRE  U=SRCH PILOT LOS  R=NO MSL  D=TRACKING  FU=HOLD FIRE  FR=TGT PILOT  FD=SRCH 9K113 LOS  FL=CM MENU
12:15:46     !! L does not offer "CLOSE" (shows "nil") -- not pressing
12:15:46   on page 'other': C=FIRE  U=SRCH PILOT LOS  R=NO MSL  D=TRACKING  FU=HOLD FIRE  FR=TGT PILOT  FD=SRCH 9K113 LOS  FL=CM MENU
12:15:46     !! L does not offer "CLOSE" (shows "nil") -- not pressing
12:15:46   on page 'other': C=FIRE  U=SRCH PILOT LOS  R=NO MSL  D=TRACKING  FU=HOLD FIRE  FR=TGT PILOT  FD=SRCH 9K113 LOS  FL=CM MENU
12:15:46     !! L does not offer "CLOSE" (shows "nil") -- not pressing
12:15:46   on page 'other': C=FIRE  U=SRCH PILOT LOS  R=NO MSL  D=TRACKING  FU=HOLD FIRE  FR=TGT PILOT  FD=SRCH 9K113 LOS  FL=CM MENU
12:15:46     !! L does not offer "CLOSE" (shows "nil") -- not pressing
12:15:46   on page 'other': C=FIRE  U=SRCH PILOT LOS  R=NO MSL  D=TRACKING  FU=HOLD FIRE  FR=TGT PILOT  FD=SRCH 9K113 LOS  FL=CM MENU
12:15:46     !! L does not offer "CLOSE" (shows "nil") -- not pressing
12:15:46   on page 'other': C=FIRE  U=SRCH PILOT LOS  R=NO MSL  D=TRACKING  FU=HOLD FIRE  FR=TGT PILOT  FD=SRCH 9K113 LOS  FL=CM MENU
12:15:46     !! L does not offer "CLOSE" (shows "nil") -- not pressing
12:15:46   on page 'other': C=FIRE  U=SRCH PILOT LOS  R=NO MSL  D=TRACKING  FU=HOLD FIRE  FR=TGT PILOT  FD=SRCH 9K113 LOS  FL=CM MENU
12:15:46     !! L does not offer "CLOSE" (shows "nil") -- not pressing
12:15:46   on page 'other': C=FIRE  U=SRCH PILOT LOS  R=NO MSL  D=TRACKING  FU=HOLD FIRE  FR=TGT PILOT  FD=SRCH 9K113 LOS  FL=CM MENU
12:15:46     !! L does not offer "CLOSE" (shows "nil") -- not pressing
12:15:46   on page 'other': C=FIRE  U=SRCH PILOT LOS  R=NO MSL  D=TRACKING  FU=HOLD FIRE  FR=TGT PILOT  FD=SRCH 9K113 LOS  FL=CM MENU
12:15:46     !! L does not offer "CLOSE" (shows "nil") -- not pressing
12:15:46   on page 'other': C=FIRE  U=SRCH PILOT LOS  R=NO MSL  D=TRACKING  FU=HOLD FIRE  FR=TGT PILOT  FD=SRCH 9K113 LOS  FL=CM MENU
12:15:46     !! L does not offer "CLOSE" (shows "nil") -- not pressing
12:15:46   on page 'other': C=FIRE  U=SRCH PILOT LOS  R=NO MSL  D=TRACKING  FU=HOLD FIRE  FR=TGT PILOT  FD=SRCH 9K113 LOS  FL=CM MENU
12:15:46     !! L does not offer "CLOSE" (shows "nil") -- not pressing
12:15:46   on page 'other': C=FIRE  U=SRCH PILOT LOS  R=NO MSL  D=TRACKING  FU=HOLD FIRE  FR=TGT PILOT  FD=SRCH 9K113 LOS  FL=CM MENU
12:15:46     !! L does not offer "CLOSE" (shows "nil") -- not pressing
12:15:46   on page 'other': C=FIRE  U=SRCH PILOT LOS  R=NO MSL  D=TRACKING  FU=HOLD FIRE  FR=TGT PILOT  FD=SRCH 9K113 LOS  FL=CM MENU
12:15:46     !! L does not offer "CLOSE" (shows "nil") -- not pressing
12:15:46   on page 'other': C=FIRE  U=SRCH PILOT LOS  R=NO MSL  D=TRACKING  FU=HOLD FIRE  FR=TGT PILOT  FD=SRCH 9K113 LOS  FL=CM MENU
12:15:46     !! L does not offer "CLOSE" (shows "nil") -- not pressing
12:15:46   on page 'other': C=FIRE  U=SRCH PILOT LOS  R=NO MSL  D=TRACKING  FU=HOLD FIRE  FR=TGT PILOT  FD=SRCH 9K113 LOS  FL=CM MENU
12:15:46     !! L does not offer "CLOSE" (shows "nil") -- not pressing
12:15:46   on page 'other': C=FIRE  U=SRCH PILOT LOS  R=NO MSL  D=TRACKING  FU=HOLD FIRE  FR=TGT PILOT  FD=SRCH 9K113 LOS  FL=CM MENU
12:15:46     !! L does not offer "CLOSE" (shows "nil") -- not pressing
12:15:46   on page 'other': C=FIRE  U=SRCH PILOT LOS  R=NO MSL  D=TRACKING  FU=HOLD FIRE  FR=TGT PILOT  FD=SRCH 9K113 LOS  FL=CM MENU
12:15:46     !! L does not offer "CLOSE" (shows "nil") -- not pressing
12:15:46   on page 'other': C=FIRE  U=SRCH PILOT LOS  R=NO MSL  D=TRACKING  FU=HOLD FIRE  FR=TGT PILOT  FD=SRCH 9K113 LOS  FL=CM MENU
12:15:46     !! L does not offer "CLOSE" (shows "nil") -- not pressing
12:15:46   on page 'other': C=FIRE  U=SRCH PILOT LOS  R=NO MSL  D=TRACKING  FU=HOLD FIRE  FR=TGT PILOT  FD=SRCH 9K113 LOS  FL=CM MENU
12:15:46     !! L does not offer "CLOSE" (shows "nil") -- not pressing
12:15:46   on page 'other': C=FIRE  U=SRCH PILOT LOS  R=NO MSL  D=TRACKING  FU=HOLD FIRE  FR=TGT PILOT  FD=SRCH 9K113 LOS  FL=CM MENU
12:15:46     !! L does not offer "CLOSE" (shows "nil") -- not pressing
12:15:46   on page 'other': C=FIRE  U=SRCH PILOT LOS  R=NO MSL  D=TRACKING  FU=HOLD FIRE  FR=TGT PILOT  FD=SRCH 9K113 LOS  FL=CM MENU
12:15:46     !! L does not offer "CLOSE" (shows "nil") -- not pressing
12:15:46   on page 'other': C=FIRE  U=SRCH PILOT LOS  R=NO MSL  D=TRACKING  FU=HOLD FIRE  FR=TGT PILOT  FD=SRCH 9K113 LOS  FL=CM MENU
12:15:46     !! L does not offer "CLOSE" (shows "nil") -- not pressing
12:15:46   on page 'other': C=FIRE  U=SRCH PILOT LOS  R=NO MSL  D=TRACKING  FU=HOLD FIRE  FR=TGT PILOT  FD=SRCH 9K113 LOS  FL=CM MENU
12:15:46     !! L does not offer "CLOSE" (shows "nil") -- not pressing
12:15:46   on page 'other': C=FIRE  U=SRCH PILOT LOS  R=NO MSL  D=TRACKING  FU=HOLD FIRE  FR=TGT PILOT  FD=SRCH 9K113 LOS  FL=CM MENU
12:15:46     !! L does not offer "CLOSE" (shows "nil") -- not pressing
12:15:46   on page 'other': C=FIRE  U=SRCH PILOT LOS  R=NO MSL  D=TRACKING  FU=HOLD FIRE  FR=TGT PILOT  FD=SRCH 9K113 LOS  FL=CM MENU
12:15:46     !! L does not offer "CLOSE" (shows "nil") -- not pressing
12:15:46   on page 'other': C=FIRE  U=SRCH PILOT LOS  R=NO MSL  D=TRACKING  FU=HOLD FIRE  FR=TGT PILOT  FD=SRCH 9K113 LOS  FL=CM MENU
12:15:46     !! L does not offer "CLOSE" (shows "nil") -- not pressing
12:15:46   on page 'other': C=FIRE  U=SRCH PILOT LOS  R=NO MSL  D=TRACKING  FU=HOLD FIRE  FR=TGT PILOT  FD=SRCH 9K113 LOS  FL=CM MENU
12:15:46     !! L does not offer "CLOSE" (shows "nil") -- not pressing
12:15:46   on page 'other': C=FIRE  U=SRCH PILOT LOS  R=NO MSL  D=TRACKING  FU=HOLD FIRE  FR=TGT PILOT  FD=SRCH 9K113 LOS  FL=CM MENU
12:15:46     !! L does not offer "CLOSE" (shows "nil") -- not pressing
12:15:46   on page 'other': C=FIRE  U=SRCH PILOT LOS  R=NO MSL  D=TRACKING  FU=HOLD FIRE  FR=TGT PILOT  FD=SRCH 9K113 LOS  FL=CM MENU
12:15:46     !! L does not offer "CLOSE" (shows "nil") -- not pressing
12:15:46   on page 'other': C=FIRE  U=SRCH PILOT LOS  R=NO MSL  D=TRACKING  FU=HOLD FIRE  FR=TGT PILOT  FD=SRCH 9K113 LOS  FL=CM MENU
12:15:46     !! L does not offer "CLOSE" (shows "nil") -- not pressing
12:15:46   on page 'other': C=FIRE  U=SRCH PILOT LOS  R=NO MSL  D=TRACKING  FU=HOLD FIRE  FR=TGT PILOT  FD=SRCH 9K113 LOS  FL=CM MENU
12:15:46     !! L does not offer "CLOSE" (shows "nil") -- not pressing
12:15:46   on page 'other': C=FIRE  U=SRCH PILOT LOS  R=NO MSL  D=TRACKING  FU=HOLD FIRE  FR=TGT PILOT  FD=SRCH 9K113 LOS  FL=CM MENU
12:15:46     !! L does not offer "CLOSE" (shows "nil") -- not pressing
12:15:46   on page 'other': C=FIRE  U=SRCH PILOT LOS  R=NO MSL  D=TRACKING  FU=HOLD FIRE  FR=TGT PILOT  FD=SRCH 9K113 LOS  FL=CM MENU
12:15:46     !! L does not offer "CLOSE" (shows "nil") -- not pressing
12:15:46   on page 'other': C=FIRE  U=SRCH PILOT LOS  R=NO MSL  D=TRACKING  FU=HOLD FIRE  FR=TGT PILOT  FD=SRCH 9K113 LOS  FL=CM MENU
12:15:46     !! L does not offer "CLOSE" (shows "nil") -- not pressing
12:15:46   on page 'other': C=FIRE  U=SRCH PILOT LOS  R=NO MSL  D=TRACKING  FU=HOLD FIRE  FR=TGT PILOT  FD=SRCH 9K113 LOS  FL=CM MENU
12:15:46     !! L does not offer "CLOSE" (shows "nil") -- not pressing
12:15:46   on page 'other': C=FIRE  U=SRCH PILOT LOS  R=NO MSL  D=TRACKING  FU=HOLD FIRE  FR=TGT PILOT  FD=SRCH 9K113 LOS  FL=CM MENU
12:15:46     !! L does not offer "CLOSE" (shows "nil") -- not pressing
12:15:46   on page 'other': C=FIRE  U=SRCH PILOT LOS  R=NO MSL  D=TRACKING  FU=HOLD FIRE  FR=TGT PILOT  FD=SRCH 9K113 LOS  FL=CM MENU
12:15:46     !! L does not offer "CLOSE" (shows "nil") -- not pressing
12:15:46   on page 'other': C=FIRE  U=SRCH PILOT LOS  R=NO MSL  D=TRACKING  FU=HOLD FIRE  FR=TGT PILOT  FD=SRCH 9K113 LOS  FL=CM MENU
12:15:46     !! L does not offer "CLOSE" (shows "nil") -- not pressing
12:15:46   on page 'other': C=FIRE  U=SRCH PILOT LOS  R=NO MSL  D=TRACKING  FU=HOLD FIRE  FR=TGT PILOT  FD=SRCH 9K113 LOS  FL=CM MENU
12:15:46     !! L does not offer "CLOSE" (shows "nil") -- not pressing
12:15:46   on page 'other': C=FIRE  U=SRCH PILOT LOS  R=NO MSL  D=TRACKING  FU=HOLD FIRE  FR=TGT PILOT  FD=SRCH 9K113 LOS  FL=CM MENU
12:15:46     !! L does not offer "CLOSE" (shows "nil") -- not pressing
12:15:46   on page 'other': C=FIRE  U=SRCH PILOT LOS  R=NO MSL  D=TRACKING  FU=HOLD FIRE  FR=TGT PILOT  FD=SRCH 9K113 LOS  FL=CM MENU
12:15:46     !! L does not offer "CLOSE" (shows "nil") -- not pressing
12:15:46   on page 'other': C=FIRE  U=SRCH PILOT LOS  R=NO MSL  D=TRACKING  FU=HOLD FIRE  FR=TGT PILOT  FD=SRCH 9K113 LOS  FL=CM MENU
12:15:46     !! L does not offer "CLOSE" (shows "nil") -- not pressing
12:15:46   on page 'other': C=FIRE  U=SRCH PILOT LOS  R=NO MSL  D=TRACKING  FU=HOLD FIRE  FR=TGT PILOT  FD=SRCH 9K113 LOS  FL=CM MENU
12:15:46     !! L does not offer "CLOSE" (shows "nil") -- not pressing
12:15:46   on page 'other': C=FIRE  U=SRCH PILOT LOS  R=NO MSL  D=TRACKING  FU=HOLD FIRE  FR=TGT PILOT  FD=SRCH 9K113 LOS  FL=CM MENU
12:15:46     !! L does not offer "CLOSE" (shows "nil") -- not pressing
12:15:46   on page 'other': C=FIRE  U=SRCH PILOT LOS  R=NO MSL  D=TRACKING  FU=HOLD FIRE  FR=TGT PILOT  FD=SRCH 9K113 LOS  FL=CM MENU
12:15:46     !! L does not offer "CLOSE" (shows "nil") -- not pressing
12:15:46   on page 'other': C=FIRE  U=SRCH PILOT LOS  R=NO MSL  D=TRACKING  FU=HOLD FIRE  FR=TGT PILOT  FD=SRCH 9K113 LOS  FL=CM MENU
12:15:46     !! L does not offer "CLOSE" (shows "nil") -- not pressing
12:15:46   on page 'other': C=FIRE  U=SRCH PILOT LOS  R=NO MSL  D=TRACKING  FU=HOLD FIRE  FR=TGT PILOT  FD=SRCH 9K113 LOS  FL=CM MENU
12:15:46     !! L does not offer "CLOSE" (shows "nil") -- not pressing
12:15:46   on page 'other': C=FIRE  U=SRCH PILOT LOS  R=NO MSL  D=TRACKING  FU=HOLD FIRE  FR=TGT PILOT  FD=SRCH 9K113 LOS  FL=CM MENU
12:15:46     !! L does not offer "CLOSE" (shows "nil") -- not pressing
12:15:46   on page 'other': C=FIRE  U=SRCH PILOT LOS  R=NO MSL  D=TRACKING  FU=HOLD FIRE  FR=TGT PILOT  FD=SRCH 9K113 LOS  FL=CM MENU
12:15:46     !! L does not offer "CLOSE" (shows "nil") -- not pressing
12:15:47   on page 'other': C=FIRE  U=SRCH PILOT LOS  R=NO MSL  D=TRACKING  FU=HOLD FIRE  FR=TGT PILOT  FD=SRCH 9K113 LOS  FL=CM MENU
12:15:47     !! L does not offer "CLOSE" (shows "nil") -- not pressing
12:15:47   on page 'other': C=FIRE  U=SRCH PILOT LOS  R=NO MSL  D=TRACKING  FU=HOLD FIRE  FR=TGT PILOT  FD=SRCH 9K113 LOS  FL=CM MENU
12:15:47     !! L does not offer "CLOSE" (shows "nil") -- not pressing
12:15:47   on page 'other': C=FIRE  U=SRCH PILOT LOS  R=NO MSL  D=TRACKING  FU=HOLD FIRE  FR=TGT PILOT  FD=SRCH 9K113 LOS  FL=CM MENU
12:15:47     !! L does not offer "CLOSE" (shows "nil") -- not pressing
12:15:47   on page 'other': C=FIRE  U=SRCH PILOT LOS  R=NO MSL  D=TRACKING  FU=HOLD FIRE  FR=TGT PILOT  FD=SRCH 9K113 LOS  FL=CM MENU
12:15:47     !! L does not offer "CLOSE" (shows "nil") -- not pressing
12:15:47   on page 'other': C=FIRE  U=SRCH PILOT LOS  R=NO MSL  D=TRACKING  FU=HOLD FIRE  FR=TGT PILOT  FD=SRCH 9K113 LOS  FL=CM MENU
12:15:47     !! L does not offer "CLOSE" (shows "nil") -- not pressing
12:15:47   on page 'other': C=FIRE  U=SRCH PILOT LOS  R=NO MSL  D=TRACKING  FU=HOLD FIRE  FR=TGT PILOT  FD=SRCH 9K113 LOS  FL=CM MENU
12:15:47     !! L does not offer "CLOSE" (shows "nil") -- not pressing
12:15:47   on page 'other': C=FIRE  U=SRCH PILOT LOS  R=NO MSL  D=TRACKING  FU=HOLD FIRE  FR=TGT PILOT  FD=SRCH 9K113 LOS  FL=CM MENU
12:15:47     !! L does not offer "CLOSE" (shows "nil") -- not pressing
12:15:47   on page 'other': C=FIRE  U=SRCH PILOT LOS  R=NO MSL  D=TRACKING  FU=HOLD FIRE  FR=TGT PILOT  FD=SRCH 9K113 LOS  FL=CM MENU
12:15:47     !! L does not offer "CLOSE" (shows "nil") -- not pressing
12:15:47   on page 'other': C=FIRE  U=SRCH PILOT LOS  R=NO MSL  D=TRACKING  FU=HOLD FIRE  FR=TGT PILOT  FD=SRCH 9K113 LOS  FL=CM MENU
12:15:47     !! L does not offer "CLOSE" (shows "nil") -- not pressing
12:15:47   on page 'other': C=FIRE  U=SRCH PILOT LOS  R=NO MSL  D=TRACKING  FU=HOLD FIRE  FR=TGT PILOT  FD=SRCH 9K113 LOS  FL=CM MENU
12:15:47     !! L does not offer "CLOSE" (shows "nil") -- not pressing
12:15:47   on page 'other': C=FIRE  U=SRCH PILOT LOS  R=NO MSL  D=TRACKING  FU=HOLD FIRE  FR=TGT PILOT  FD=SRCH 9K113 LOS  FL=CM MENU
12:15:47     !! L does not offer "CLOSE" (shows "nil") -- not pressing
12:15:47   on page 'other': C=FIRE  U=SRCH PILOT LOS  R=NO MSL  D=TRACKING  FU=HOLD FIRE  FR=TGT PILOT  FD=SRCH 9K113 LOS  FL=CM MENU
12:15:47     !! L does not offer "CLOSE" (shows "nil") -- not pressing
12:15:47   on page 'other': C=FIRE  U=SRCH PILOT LOS  R=NO MSL  D=TRACKING  FU=HOLD FIRE  FR=TGT PILOT  FD=SRCH 9K113 LOS  FL=CM MENU
12:15:47     !! L does not offer "CLOSE" (shows "nil") -- not pressing
12:15:47   on page 'other': C=FIRE  U=SRCH PILOT LOS  R=NO MSL  D=TRACKING  FU=HOLD FIRE  FR=TGT PILOT  FD=SRCH 9K113 LOS  FL=CM MENU
12:15:47     !! L does not offer "CLOSE" (shows "nil") -- not pressing
12:15:47   on page 'other': C=FIRE  U=SRCH PILOT LOS  R=NO MSL  D=TRACKING  FU=HOLD FIRE  FR=TGT PILOT  FD=SRCH 9K113 LOS  FL=CM MENU
12:15:47     !! L does not offer "CLOSE" (shows "nil") -- not pressing
12:15:47   on page 'other': C=FIRE  U=SRCH PILOT LOS  R=NO MSL  D=TRACKING  FU=HOLD FIRE  FR=TGT PILOT  FD=SRCH 9K113 LOS  FL=CM MENU
12:15:47     !! L does not offer "CLOSE" (shows "nil") -- not pressing
12:15:47   on page 'other': C=FIRE  U=SRCH PILOT LOS  R=NO MSL  D=TRACKING  FU=HOLD FIRE  FR=TGT PILOT  FD=SRCH 9K113 LOS  FL=CM MENU
12:15:47     !! L does not offer "CLOSE" (shows "nil") -- not pressing
12:15:47   on page 'other': C=FIRE  U=SRCH PILOT LOS  R=NO MSL  D=TRACKING  FU=HOLD FIRE  FR=TGT PILOT  FD=SRCH 9K113 LOS  FL=CM MENU
12:15:47     !! L does not offer "CLOSE" (shows "nil") -- not pressing
12:15:47   on page 'other': C=FIRE  U=SRCH PILOT LOS  R=NO MSL  D=TRACKING  FU=HOLD FIRE  FR=TGT PILOT  FD=SRCH 9K113 LOS  FL=CM MENU
12:15:47     !! L does not offer "CLOSE" (shows "nil") -- not pressing
12:15:47   on page 'other': C=FIRE  U=SRCH PILOT LOS  R=NO MSL  D=TRACKING  FU=HOLD FIRE  FR=TGT PILOT  FD=SRCH 9K113 LOS  FL=CM MENU
12:15:47     !! L does not offer "CLOSE" (shows "nil") -- not pressing
12:15:47   on page 'other': C=FIRE  U=SRCH PILOT LOS  R=NO MSL  D=TRACKING  FU=HOLD FIRE  FR=TGT PILOT  FD=SRCH 9K113 LOS  FL=CM MENU
12:15:47     !! L does not offer "CLOSE" (shows "nil") -- not pressing
12:15:47   on page 'other': C=FIRE  U=SRCH PILOT LOS  R=NO MSL  D=TRACKING  FU=HOLD FIRE  FR=TGT PILOT  FD=SRCH 9K113 LOS  FL=CM MENU
12:15:47     !! L does not offer "CLOSE" (shows "nil") -- not pressing
12:15:47   on page 'other': C=FIRE  U=SRCH PILOT LOS  R=NO MSL  D=TRACKING  FU=HOLD FIRE  FR=TGT PILOT  FD=SRCH 9K113 LOS  FL=CM MENU
12:15:47     !! L does not offer "CLOSE" (shows "nil") -- not pressing
12:15:47   on page 'other': C=FIRE  U=SRCH PILOT LOS  R=NO MSL  D=TRACKING  FU=HOLD FIRE  FR=TGT PILOT  FD=SRCH 9K113 LOS  FL=CM MENU
12:15:47     !! L does not offer "CLOSE" (shows "nil") -- not pressing
12:15:47   on page 'other': C=FIRE  U=SRCH PILOT LOS  R=NO MSL  D=TRACKING  FU=HOLD FIRE  FR=TGT PILOT  FD=SRCH 9K113 LOS  FL=CM MENU
12:15:47     !! L does not offer "CLOSE" (shows "nil") -- not pressing
12:15:47   on page 'other': C=FIRE  U=SRCH PILOT LOS  R=NO MSL  D=TRACKING  FU=HOLD FIRE  FR=TGT PILOT  FD=SRCH 9K113 LOS  FL=CM MENU
12:15:47     !! L does not offer "CLOSE" (shows "nil") -- not pressing
12:15:47   on page 'other': C=FIRE  U=SRCH PILOT LOS  R=NO MSL  D=TRACKING  FU=HOLD FIRE  FR=TGT PILOT  FD=SRCH 9K113 LOS  FL=CM MENU
12:15:47     !! L does not offer "CLOSE" (shows "nil") -- not pressing
12:15:47   on page 'other': C=FIRE  U=SRCH PILOT LOS  R=NO MSL  D=TRACKING  FU=HOLD FIRE  FR=TGT PILOT  FD=SRCH 9K113 LOS  FL=CM MENU
12:15:47     !! L does not offer "CLOSE" (shows "nil") -- not pressing
12:15:47   on page 'other': C=FIRE  U=SRCH PILOT LOS  R=NO MSL  D=TRACKING  FU=HOLD FIRE  FR=TGT PILOT  FD=SRCH 9K113 LOS  FL=CM MENU
12:15:47     !! L does not offer "CLOSE" (shows "nil") -- not pressing
12:15:47   on page 'other': C=FIRE  U=SRCH PILOT LOS  R=NO MSL  D=TRACKING  FU=HOLD FIRE  FR=TGT PILOT  FD=SRCH 9K113 LOS  FL=CM MENU
12:15:47     !! L does not offer "CLOSE" (shows "nil") -- not pressing
12:15:47   on page 'other': C=FIRE  U=SRCH PILOT LOS  R=NO MSL  D=TRACKING  FU=HOLD FIRE  FR=TGT PILOT  FD=SRCH 9K113 LOS  FL=CM MENU
12:15:47     !! L does not offer "CLOSE" (shows "nil") -- not pressing
12:15:47   on page 'other': C=FIRE  U=SRCH PILOT LOS  R=NO MSL  D=TRACKING  FU=HOLD FIRE  FR=TGT PILOT  FD=SRCH 9K113 LOS  FL=CM MENU
12:15:47     !! L does not offer "CLOSE" (shows "nil") -- not pressing
12:15:47   on page 'other': C=FIRE  U=SRCH PILOT LOS  R=NO MSL  D=TRACKING  FU=HOLD FIRE  FR=TGT PILOT  FD=SRCH 9K113 LOS  FL=CM MENU
12:15:47     !! L does not offer "CLOSE" (shows "nil") -- not pressing
12:15:47   on page 'other': C=FIRE  U=SRCH PILOT LOS  R=NO MSL  D=TRACKING  FU=HOLD FIRE  FR=TGT PILOT  FD=SRCH 9K113 LOS  FL=CM MENU
12:15:47     !! L does not offer "CLOSE" (shows "nil") -- not pressing
12:15:47   on page 'other': C=FIRE  U=SRCH PILOT LOS  R=NO MSL  D=TRACKING  FU=HOLD FIRE  FR=TGT PILOT  FD=SRCH 9K113 LOS  FL=CM MENU
12:15:47     !! L does not offer "CLOSE" (shows "nil") -- not pressing
12:15:47   on page 'other': C=FIRE  U=SRCH PILOT LOS  R=NO MSL  D=TRACKING  FU=HOLD FIRE  FR=TGT PILOT  FD=SRCH 9K113 LOS  FL=CM MENU
12:15:47     !! L does not offer "CLOSE" (shows "nil") -- not pressing
12:15:47   on page 'other': C=FIRE  U=SRCH PILOT LOS  R=NO MSL  D=TRACKING  FU=HOLD FIRE  FR=TGT PILOT  FD=SRCH 9K113 LOS  FL=CM MENU
12:15:47     !! L does not offer "CLOSE" (shows "nil") -- not pressing
12:15:47   on page 'other': C=FIRE  U=SRCH PILOT LOS  R=NO MSL  D=TRACKING  FU=HOLD FIRE  FR=TGT PILOT  FD=SRCH 9K113 LOS  FL=CM MENU
12:15:47     !! L does not offer "CLOSE" (shows "nil") -- not pressing
12:15:47   on page 'other': C=FIRE  U=SRCH PILOT LOS  R=NO MSL  D=TRACKING  FU=HOLD FIRE  FR=TGT PILOT  FD=SRCH 9K113 LOS  FL=CM MENU
12:15:47     !! L does not offer "CLOSE" (shows "nil") -- not pressing
12:15:47   on page 'other': C=FIRE  U=SRCH PILOT LOS  R=NO MSL  D=TRACKING  FU=HOLD FIRE  FR=TGT PILOT  FD=SRCH 9K113 LOS  FL=CM MENU
12:15:47     !! L does not offer "CLOSE" (shows "nil") -- not pressing
12:15:47   on page 'other': C=FIRE  U=SRCH PILOT LOS  R=NO MSL  D=TRACKING  FU=HOLD FIRE  FR=TGT PILOT  FD=SRCH 9K113 LOS  FL=CM MENU
12:15:47     !! L does not offer "CLOSE" (shows "nil") -- not pressing
12:15:47   on page 'other': C=FIRE  U=SRCH PILOT LOS  R=NO MSL  D=TRACKING  FU=HOLD FIRE  FR=TGT PILOT  FD=SRCH 9K113 LOS  FL=CM MENU
12:15:47     !! L does not offer "CLOSE" (shows "nil") -- not pressing
12:15:47   on page 'other': C=FIRE  U=SRCH PILOT LOS  R=NO MSL  D=TRACKING  FU=HOLD FIRE  FR=TGT PILOT  FD=SRCH 9K113 LOS  FL=CM MENU
12:15:47     !! L does not offer "CLOSE" (shows "nil") -- not pressing
12:15:47   on page 'other': C=FIRE  U=SRCH PILOT LOS  R=NO MSL  D=TRACKING  FU=HOLD FIRE  FR=TGT PILOT  FD=SRCH 9K113 LOS  FL=CM MENU
12:15:47     !! L does not offer "CLOSE" (shows "nil") -- not pressing
12:15:47   on page 'other': C=FIRE  U=SRCH PILOT LOS  R=NO MSL  D=TRACKING  FU=HOLD FIRE  FR=TGT PILOT  FD=SRCH 9K113 LOS  FL=CM MENU
12:15:47     !! L does not offer "CLOSE" (shows "nil") -- not pressing
12:15:47   on page 'other': C=FIRE  U=SRCH PILOT LOS  R=NO MSL  D=TRACKING  FU=HOLD FIRE  FR=TGT PILOT  FD=SRCH 9K113 LOS  FL=CM MENU
12:15:47     !! L does not offer "CLOSE" (shows "nil") -- not pressing
12:15:47   on page 'other': C=FIRE  U=SRCH PILOT LOS  R=NO MSL  D=TRACKING  FU=HOLD FIRE  FR=TGT PILOT  FD=SRCH 9K113 LOS  FL=CM MENU
12:15:47     !! L does not offer "CLOSE" (shows "nil") -- not pressing
12:15:47   on page 'other': C=FIRE  U=SRCH PILOT LOS  R=NO MSL  D=TRACKING  FU=HOLD FIRE  FR=TGT PILOT  FD=SRCH 9K113 LOS  FL=CM MENU
12:15:47     !! L does not offer "CLOSE" (shows "nil") -- not pressing
12:15:47   on page 'other': C=FIRE  U=SRCH PILOT LOS  R=NO MSL  D=TRACKING  FU=HOLD FIRE  FR=TGT PILOT  FD=SRCH 9K113 LOS  FL=CM MENU
12:15:47     !! L does not offer "CLOSE" (shows "nil") -- not pressing
12:15:47   on page 'other': C=FIRE  U=SRCH PILOT LOS  R=NO MSL  D=TRACKING  FU=HOLD FIRE  FR=TGT PILOT  FD=SRCH 9K113 LOS  FL=CM MENU
12:15:47     !! L does not offer "CLOSE" (shows "nil") -- not pressing
12:15:47   on page 'other': C=FIRE  U=SRCH PILOT LOS  R=NO MSL  D=TRACKING  FU=HOLD FIRE  FR=TGT PILOT  FD=SRCH 9K113 LOS  FL=CM MENU
12:15:47     !! L does not offer "CLOSE" (shows "nil") -- not pressing
12:15:47   on page 'other': C=FIRE  U=SRCH PILOT LOS  R=NO MSL  D=TRACKING  FU=HOLD FIRE  FR=TGT PILOT  FD=SRCH 9K113 LOS  FL=CM MENU
12:15:47     !! L does not offer "CLOSE" (shows "nil") -- not pressing
12:15:47   on page 'other': C=FIRE  U=SRCH PILOT LOS  R=NO MSL  D=TRACKING  FU=HOLD FIRE  FR=TGT PILOT  FD=SRCH 9K113 LOS  FL=CM MENU
12:15:47     !! L does not offer "CLOSE" (shows "nil") -- not pressing
12:15:47   on page 'other': C=FIRE  U=SRCH PILOT LOS  R=NO MSL  D=TRACKING  FU=HOLD FIRE  FR=TGT PILOT  FD=SRCH 9K113 LOS  FL=CM MENU
12:15:47     !! L does not offer "CLOSE" (shows "nil") -- not pressing
12:15:47   on page 'other': C=FIRE  U=SRCH PILOT LOS  R=NO MSL  D=TRACKING  FU=HOLD FIRE  FR=TGT PILOT  FD=SRCH 9K113 LOS  FL=CM MENU
12:15:47     !! L does not offer "CLOSE" (shows "nil") -- not pressing
12:15:47   on page 'other': C=FIRE  U=SRCH PILOT LOS  R=NO MSL  D=TRACKING  FU=HOLD FIRE  FR=TGT PILOT  FD=SRCH 9K113 LOS  FL=CM MENU
12:15:47     !! L does not offer "CLOSE" (shows "nil") -- not pressing
12:15:47   on page 'other': C=FIRE  U=SRCH PILOT LOS  R=NO MSL  D=TRACKING  FU=HOLD FIRE  FR=TGT PILOT  FD=SRCH 9K113 LOS  FL=CM MENU
12:15:47     !! L does not offer "CLOSE" (shows "nil") -- not pressing
12:15:47   on page 'other': C=FIRE  U=SRCH PILOT LOS  R=NO MSL  D=TRACKING  FU=HOLD FIRE  FR=TGT PILOT  FD=SRCH 9K113 LOS  FL=CM MENU
12:15:47     !! L does not offer "CLOSE" (shows "nil") -- not pressing
12:15:47   on page 'other': C=FIRE  U=SRCH PILOT LOS  R=NO MSL  D=TRACKING  FU=HOLD FIRE  FR=TGT PILOT  FD=SRCH 9K113 LOS  FL=CM MENU
12:15:47     !! L does not offer "CLOSE" (shows "nil") -- not pressing
12:15:47   on page 'other': C=FIRE  U=SRCH PILOT LOS  R=NO MSL  D=TRACKING  FU=HOLD FIRE  FR=TGT PILOT  FD=SRCH 9K113 LOS  FL=CM MENU
12:15:47     !! L does not offer "CLOSE" (shows "nil") -- not pressing
12:15:47   on page 'other': C=FIRE  U=SRCH PILOT LOS  R=NO MSL  D=TRACKING  FU=HOLD FIRE  FR=TGT PILOT  FD=SRCH 9K113 LOS  FL=CM MENU
12:15:47     !! L does not offer "CLOSE" (shows "nil") -- not pressing
12:15:47   on page 'other': C=FIRE  U=SRCH PILOT LOS  R=NO MSL  D=TRACKING  FU=HOLD FIRE  FR=TGT PILOT  FD=SRCH 9K113 LOS  FL=CM MENU
12:15:47     !! L does not offer "CLOSE" (shows "nil") -- not pressing
12:15:47   on page 'other': C=FIRE  U=SRCH PILOT LOS  R=NO MSL  D=TRACKING  FU=HOLD FIRE  FR=TGT PILOT  FD=SRCH 9K113 LOS  FL=CM MENU
12:15:47     !! L does not offer "CLOSE" (shows "nil") -- not pressing
12:15:47   on page 'other': C=FIRE  U=SRCH PILOT LOS  R=NO MSL  D=TRACKING  FU=HOLD FIRE  FR=TGT PILOT  FD=SRCH 9K113 LOS  FL=CM MENU
12:15:47     !! L does not offer "CLOSE" (shows "nil") -- not pressing
12:15:47   on page 'other': C=FIRE  U=SRCH PILOT LOS  R=NO MSL  D=TRACKING  FU=HOLD FIRE  FR=TGT PILOT  FD=SRCH 9K113 LOS  FL=CM MENU
12:15:47     !! L does not offer "CLOSE" (shows "nil") -- not pressing
12:15:47   on page 'other': C=FIRE  U=SRCH PILOT LOS  R=NO MSL  D=TRACKING  FU=HOLD FIRE  FR=TGT PILOT  FD=SRCH 9K113 LOS  FL=CM MENU
12:15:47     !! L does not offer "CLOSE" (shows "nil") -- not pressing
12:15:47   on page 'other': C=FIRE  U=SRCH PILOT LOS  R=NO MSL  D=TRACKING  FU=HOLD FIRE  FR=TGT PILOT  FD=SRCH 9K113 LOS  FL=CM MENU
12:15:47     !! L does not offer "CLOSE" (shows "nil") -- not pressing
12:15:47   on page 'other': C=FIRE  U=SRCH PILOT LOS  R=NO MSL  D=TRACKING  FU=HOLD FIRE  FR=TGT PILOT  FD=SRCH 9K113 LOS  FL=CM MENU
12:15:47     !! L does not offer "CLOSE" (shows "nil") -- not pressing
12:15:47   on page 'other': C=FIRE  U=SRCH PILOT LOS  R=NO MSL  D=TRACKING  FU=HOLD FIRE  FR=TGT PILOT  FD=SRCH 9K113 LOS  FL=CM MENU
12:15:47     !! L does not offer "CLOSE" (shows "nil") -- not pressing
12:15:47   on page 'other': C=FIRE  U=SRCH PILOT LOS  R=NO MSL  D=TRACKING  FU=HOLD FIRE  FR=TGT PILOT  FD=SRCH 9K113 LOS  FL=CM MENU
12:15:47     !! L does not offer "CLOSE" (shows "nil") -- not pressing
12:15:47   on page 'other': C=FIRE  U=SRCH PILOT LOS  R=NO MSL  D=TRACKING  FU=HOLD FIRE  FR=TGT PILOT  FD=SRCH 9K113 LOS  FL=CM MENU
12:15:47     !! L does not offer "CLOSE" (shows "nil") -- not pressing
12:15:47   on page 'other': C=FIRE  U=SRCH PILOT LOS  R=NO MSL  D=TRACKING  FU=HOLD FIRE  FR=TGT PILOT  FD=SRCH 9K113 LOS  FL=CM MENU
12:15:47     !! L does not offer "CLOSE" (shows "nil") -- not pressing
12:15:47   on page 'other': C=FIRE  U=SRCH PILOT LOS  R=NO MSL  D=TRACKING  FU=HOLD FIRE  FR=TGT PILOT  FD=SRCH 9K113 LOS  FL=CM MENU
12:15:47     !! L does not offer "CLOSE" (shows "nil") -- not pressing
12:15:47   on page 'other': C=FIRE  U=SRCH PILOT LOS  R=NO MSL  D=TRACKING  FU=HOLD FIRE  FR=TGT PILOT  FD=SRCH 9K113 LOS  FL=CM MENU
12:15:47     !! L does not offer "CLOSE" (shows "nil") -- not pressing
12:15:47   on page 'other': C=FIRE  U=SRCH PILOT LOS  R=NO MSL  D=TRACKING  FU=HOLD FIRE  FR=TGT PILOT  FD=SRCH 9K113 LOS  FL=CM MENU
12:15:47     !! L does not offer "CLOSE" (shows "nil") -- not pressing
12:15:47   on page 'other': C=FIRE  U=SRCH PILOT LOS  R=NO MSL  D=TRACKING  FU=HOLD FIRE  FR=TGT PILOT  FD=SRCH 9K113 LOS  FL=CM MENU
12:15:47     !! L does not offer "CLOSE" (shows "nil") -- not pressing
12:15:47   on page 'other': C=FIRE  U=SRCH PILOT LOS  R=NO MSL  D=TRACKING  FU=HOLD FIRE  FR=TGT PILOT  FD=SRCH 9K113 LOS  FL=CM MENU
12:15:47     !! L does not offer "CLOSE" (shows "nil") -- not pressing
12:15:47   on page 'other': C=FIRE  U=SRCH PILOT LOS  R=NO MSL  D=TRACKING  FU=HOLD FIRE  FR=TGT PILOT  FD=SRCH 9K113 LOS  FL=CM MENU
12:15:47     !! L does not offer "CLOSE" (shows "nil") -- not pressing
12:15:47   on page 'other': C=FIRE  U=SRCH PILOT LOS  R=NO MSL  D=TRACKING  FU=HOLD FIRE  FR=TGT PILOT  FD=SRCH 9K113 LOS  FL=CM MENU
12:15:47     !! L does not offer "CLOSE" (shows "nil") -- not pressing
12:15:48   on page 'other': C=FIRE  U=SRCH PILOT LOS  R=NO MSL  D=TRACKING  FU=HOLD FIRE  FR=TGT PILOT  FD=SRCH 9K113 LOS  FL=CM MENU
12:15:48     !! L does not offer "CLOSE" (shows "nil") -- not pressing
12:15:48   on page 'other': C=FIRE  U=SRCH PILOT LOS  R=NO MSL  D=TRACKING  FU=HOLD FIRE  FR=TGT PILOT  FD=SRCH 9K113 LOS  FL=CM MENU
12:15:48     !! L does not offer "CLOSE" (shows "nil") -- not pressing
12:15:48   on page 'other': C=FIRE  U=SRCH PILOT LOS  R=NO MSL  D=TRACKING  FU=HOLD FIRE  FR=TGT PILOT  FD=SRCH 9K113 LOS  FL=CM MENU
12:15:48     !! L does not offer "CLOSE" (shows "nil") -- not pressing
12:15:48   on page 'other': C=FIRE  U=SRCH PILOT LOS  R=NO MSL  D=TRACKING  FU=HOLD FIRE  FR=TGT PILOT  FD=SRCH 9K113 LOS  FL=CM MENU
12:15:48     !! L does not offer "CLOSE" (shows "nil") -- not pressing
12:15:48   on page 'other': C=FIRE  U=SRCH PILOT LOS  R=NO MSL  D=TRACKING  FU=HOLD FIRE  FR=TGT PILOT  FD=SRCH 9K113 LOS  FL=CM MENU
12:15:48     !! L does not offer "CLOSE" (shows "nil") -- not pressing
12:15:48   on page 'other': C=FIRE  U=SRCH PILOT LOS  R=NO MSL  D=TRACKING  FU=HOLD FIRE  FR=TGT PILOT  FD=SRCH 9K113 LOS  FL=CM MENU
12:15:48     !! L does not offer "CLOSE" (shows "nil") -- not pressing
12:15:48   on page 'other': C=FIRE  U=SRCH PILOT LOS  R=NO MSL  D=TRACKING  FU=HOLD FIRE  FR=TGT PILOT  FD=SRCH 9K113 LOS  FL=CM MENU
12:15:48     !! L does not offer "CLOSE" (shows "nil") -- not pressing
12:15:48   on page 'other': C=FIRE  U=SRCH PILOT LOS  R=NO MSL  D=TRACKING  FU=HOLD FIRE  FR=TGT PILOT  FD=SRCH 9K113 LOS  FL=CM MENU
12:15:48     !! L does not offer "CLOSE" (shows "nil") -- not pressing
12:15:48   on page 'other': C=FIRE  U=SRCH PILOT LOS  R=NO MSL  D=TRACKING  FU=HOLD FIRE  FR=TGT PILOT  FD=SRCH 9K113 LOS  FL=CM MENU
12:15:48     !! L does not offer "CLOSE" (shows "nil") -- not pressing
12:15:48   on page 'other': C=FIRE  U=SRCH PILOT LOS  R=NO MSL  D=TRACKING  FU=HOLD FIRE  FR=TGT PILOT  FD=SRCH 9K113 LOS  FL=CM MENU
12:15:48     !! L does not offer "CLOSE" (shows "nil") -- not pressing
12:15:48   on page 'other': C=FIRE  U=SRCH PILOT LOS  R=NO MSL  D=TRACKING  FU=HOLD FIRE  FR=TGT PILOT  FD=SRCH 9K113 LOS  FL=CM MENU
12:15:48     !! L does not offer "CLOSE" (shows "nil") -- not pressing
12:15:48   on page 'other': C=FIRE  U=SRCH PILOT LOS  R=NO MSL  D=TRACKING  FU=HOLD FIRE  FR=TGT PILOT  FD=SRCH 9K113 LOS  FL=CM MENU
12:15:48     !! L does not offer "CLOSE" (shows "nil") -- not pressing
12:15:48   on page 'other': C=FIRE  U=SRCH PILOT LOS  R=NO MSL  D=TRACKING  FU=HOLD FIRE  FR=TGT PILOT  FD=SRCH 9K113 LOS  FL=CM MENU
12:15:48     !! L does not offer "CLOSE" (shows "nil") -- not pressing
12:15:48   on page 'other': C=FIRE  U=SRCH PILOT LOS  R=NO MSL  D=TRACKING  FU=HOLD FIRE  FR=TGT PILOT  FD=SRCH 9K113 LOS  FL=CM MENU
12:15:48     !! L does not offer "CLOSE" (shows "nil") -- not pressing
12:15:48   on page 'other': C=FIRE  U=SRCH PILOT LOS  R=NO MSL  D=TRACKING  FU=HOLD FIRE  FR=TGT PILOT  FD=SRCH 9K113 LOS  FL=CM MENU
12:15:48     !! L does not offer "CLOSE" (shows "nil") -- not pressing
12:15:48   on page 'other': C=FIRE  U=SRCH PILOT LOS  R=NO MSL  D=TRACKING  FU=HOLD FIRE  FR=TGT PILOT  FD=SRCH 9K113 LOS  FL=CM MENU
12:15:48     !! L does not offer "CLOSE" (shows "nil") -- not pressing
12:15:48   on page 'other': C=FIRE  U=SRCH PILOT LOS  R=NO MSL  D=TRACKING  FU=HOLD FIRE  FR=TGT PILOT  FD=SRCH 9K113 LOS  FL=CM MENU
12:15:48     !! L does not offer "CLOSE" (shows "nil") -- not pressing
12:15:48   on page 'other': C=FIRE  U=SRCH PILOT LOS  R=NO MSL  D=TRACKING  FU=HOLD FIRE  FR=TGT PILOT  FD=SRCH 9K113 LOS  FL=CM MENU
12:15:48     !! L does not offer "CLOSE" (shows "nil") -- not pressing
12:15:48   on page 'other': C=FIRE  U=SRCH PILOT LOS  R=NO MSL  D=TRACKING  FU=HOLD FIRE  FR=TGT PILOT  FD=SRCH 9K113 LOS  FL=CM MENU
12:15:48     !! L does not offer "CLOSE" (shows "nil") -- not pressing
12:15:48   on page 'other': C=FIRE  U=SRCH PILOT LOS  R=NO MSL  D=TRACKING  FU=HOLD FIRE  FR=TGT PILOT  FD=SRCH 9K113 LOS  FL=CM MENU
12:15:48     !! L does not offer "CLOSE" (shows "nil") -- not pressing
12:15:48   on page 'other': C=FIRE  U=SRCH PILOT LOS  R=NO MSL  D=TRACKING  FU=HOLD FIRE  FR=TGT PILOT  FD=SRCH 9K113 LOS  FL=CM MENU
12:15:48     !! L does not offer "CLOSE" (shows "nil") -- not pressing
12:15:48   on page 'other': C=FIRE  U=SRCH PILOT LOS  R=NO MSL  D=TRACKING  FU=HOLD FIRE  FR=TGT PILOT  FD=SRCH 9K113 LOS  FL=CM MENU
12:15:48     !! L does not offer "CLOSE" (shows "nil") -- not pressing
12:15:48   on page 'other': C=FIRE  U=SRCH PILOT LOS  R=NO MSL  D=TRACKING  FU=HOLD FIRE  FR=TGT PILOT  FD=SRCH 9K113 LOS  FL=CM MENU
12:15:48     !! L does not offer "CLOSE" (shows "nil") -- not pressing
12:15:48   on page 'other': C=FIRE  U=SRCH PILOT LOS  R=NO MSL  D=TRACKING  FU=HOLD FIRE  FR=TGT PILOT  FD=SRCH 9K113 LOS  FL=CM MENU
12:15:48     !! L does not offer "CLOSE" (shows "nil") -- not pressing
12:15:48   on page 'other': C=FIRE  U=SRCH PILOT LOS  R=NO MSL  D=TRACKING  FU=HOLD FIRE  FR=TGT PILOT  FD=SRCH 9K113 LOS  FL=CM MENU
12:15:48     !! L does not offer "CLOSE" (shows "nil") -- not pressing
12:15:48   on page 'other': C=FIRE  U=SRCH PILOT LOS  R=NO MSL  D=TRACKING  FU=HOLD FIRE  FR=TGT PILOT  FD=SRCH 9K113 LOS  FL=CM MENU
12:15:48     !! L does not offer "CLOSE" (shows "nil") -- not pressing
12:15:48   on page 'other': C=FIRE  U=SRCH PILOT LOS  R=NO MSL  D=TRACKING  FU=HOLD FIRE  FR=TGT PILOT  FD=SRCH 9K113 LOS  FL=CM MENU
12:15:48     !! L does not offer "CLOSE" (shows "nil") -- not pressing
12:15:48   on page 'other': C=FIRE  U=SRCH PILOT LOS  R=NO MSL  D=TRACKING  FU=HOLD FIRE  FR=TGT PILOT  FD=SRCH 9K113 LOS  FL=CM MENU
12:15:48     !! L does not offer "CLOSE" (shows "nil") -- not pressing
12:15:48   on page 'other': C=FIRE  U=SRCH PILOT LOS  R=NO MSL  D=TRACKING  FU=HOLD FIRE  FR=TGT PILOT  FD=SRCH 9K113 LOS  FL=CM MENU
12:15:48     !! L does not offer "CLOSE" (shows "nil") -- not pressing
12:15:48   on page 'other': C=FIRE  U=SRCH PILOT LOS  R=NO MSL  D=TRACKING  FU=HOLD FIRE  FR=TGT PILOT  FD=SRCH 9K113 LOS  FL=CM MENU
12:15:48     !! L does not offer "CLOSE" (shows "nil") -- not pressing
12:15:48   on page 'other': C=FIRE  U=SRCH PILOT LOS  R=NO MSL  D=TRACKING  FU=HOLD FIRE  FR=TGT PILOT  FD=SRCH 9K113 LOS  FL=CM MENU
12:15:48     !! L does not offer "CLOSE" (shows "nil") -- not pressing
12:15:48   on page 'other': C=FIRE  U=SRCH PILOT LOS  R=NO MSL  D=TRACKING  FU=HOLD FIRE  FR=TGT PILOT  FD=SRCH 9K113 LOS  FL=CM MENU
12:15:48     !! L does not offer "CLOSE" (shows "nil") -- not pressing
12:15:48   on page 'other': C=FIRE  U=SRCH PILOT LOS  R=NO MSL  D=TRACKING  FU=HOLD FIRE  FR=TGT PILOT  FD=SRCH 9K113 LOS  FL=CM MENU
12:15:48     !! L does not offer "CLOSE" (shows "nil") -- not pressing
12:15:48   on page 'other': C=FIRE  U=SRCH PILOT LOS  R=NO MSL  D=TRACKING  FU=HOLD FIRE  FR=TGT PILOT  FD=SRCH 9K113 LOS  FL=CM MENU
12:15:48     !! L does not offer "CLOSE" (shows "nil") -- not pressing
12:15:48   on page 'other': C=FIRE  U=SRCH PILOT LOS  R=NO MSL  D=TRACKING  FU=HOLD FIRE  FR=TGT PILOT  FD=SRCH 9K113 LOS  FL=CM MENU
12:15:48     !! L does not offer "CLOSE" (shows "nil") -- not pressing
12:15:48   on page 'other': C=FIRE  U=SRCH PILOT LOS  R=NO MSL  D=TRACKING  FU=HOLD FIRE  FR=TGT PILOT  FD=SRCH 9K113 LOS  FL=CM MENU
12:15:48     !! L does not offer "CLOSE" (shows "nil") -- not pressing
12:15:48   on page 'other': C=FIRE  U=SRCH PILOT LOS  R=NO MSL  D=TRACKING  FU=HOLD FIRE  FR=TGT PILOT  FD=SRCH 9K113 LOS  FL=CM MENU
12:15:48     !! L does not offer "CLOSE" (shows "nil") -- not pressing
12:15:48   on page 'other': C=FIRE  U=SRCH PILOT LOS  R=NO MSL  D=TRACKING  FU=HOLD FIRE  FR=TGT PILOT  FD=SRCH 9K113 LOS  FL=CM MENU
12:15:48     !! L does not offer "CLOSE" (shows "nil") -- not pressing
12:15:48   on page 'other': C=FIRE  U=SRCH PILOT LOS  R=NO MSL  D=TRACKING  FU=HOLD FIRE  FR=TGT PILOT  FD=SRCH 9K113 LOS  FL=CM MENU
12:15:48     !! L does not offer "CLOSE" (shows "nil") -- not pressing
12:15:48   on page 'other': C=FIRE  U=SRCH PILOT LOS  R=NO MSL  D=TRACKING  FU=HOLD FIRE  FR=TGT PILOT  FD=SRCH 9K113 LOS  FL=CM MENU
12:15:48     !! L does not offer "CLOSE" (shows "nil") -- not pressing
12:15:48   on page 'other': C=FIRE  U=SRCH PILOT LOS  R=NO MSL  D=TRACKING  FU=HOLD FIRE  FR=TGT PILOT  FD=SRCH 9K113 LOS  FL=CM MENU
12:15:48     !! L does not offer "CLOSE" (shows "nil") -- not pressing
12:15:48   on page 'other': C=FIRE  U=SRCH PILOT LOS  R=NO MSL  D=TRACKING  FU=HOLD FIRE  FR=TGT PILOT  FD=SRCH 9K113 LOS  FL=CM MENU
12:15:48     !! L does not offer "CLOSE" (shows "nil") -- not pressing
12:15:48   on page 'other': C=FIRE  U=SRCH PILOT LOS  R=NO MSL  D=TRACKING  FU=HOLD FIRE  FR=TGT PILOT  FD=SRCH 9K113 LOS  FL=CM MENU
12:15:48     !! L does not offer "CLOSE" (shows "nil") -- not pressing
12:15:48   on page 'other': C=FIRE  U=SRCH PILOT LOS  R=NO MSL  D=TRACKING  FU=HOLD FIRE  FR=TGT PILOT  FD=SRCH 9K113 LOS  FL=CM MENU
12:15:48     !! L does not offer "CLOSE" (shows "nil") -- not pressing
12:15:48   on page 'other': C=FIRE  U=SRCH PILOT LOS  R=NO MSL  D=TRACKING  FU=HOLD FIRE  FR=TGT PILOT  FD=SRCH 9K113 LOS  FL=CM MENU
12:15:48     !! L does not offer "CLOSE" (shows "nil") -- not pressing
12:15:48   on page 'other': C=FIRE  U=SRCH PILOT LOS  R=NO MSL  D=TRACKING  FU=HOLD FIRE  FR=TGT PILOT  FD=SRCH 9K113 LOS  FL=CM MENU
12:15:48     !! L does not offer "CLOSE" (shows "nil") -- not pressing
12:15:48   on page 'other': C=FIRE  U=SRCH PILOT LOS  R=NO MSL  D=TRACKING  FU=HOLD FIRE  FR=TGT PILOT  FD=SRCH 9K113 LOS  FL=CM MENU
12:15:48     !! L does not offer "CLOSE" (shows "nil") -- not pressing
12:15:48   on page 'other': C=FIRE  U=SRCH PILOT LOS  R=NO MSL  D=TRACKING  FU=HOLD FIRE  FR=TGT PILOT  FD=SRCH 9K113 LOS  FL=CM MENU
12:15:48     !! L does not offer "CLOSE" (shows "nil") -- not pressing
12:15:48   on page 'other': C=FIRE  U=SRCH PILOT LOS  R=NO MSL  D=TRACKING  FU=HOLD FIRE  FR=TGT PILOT  FD=SRCH 9K113 LOS  FL=CM MENU
12:15:48     !! L does not offer "CLOSE" (shows "nil") -- not pressing
12:15:48   on page 'other': C=FIRE  U=SRCH PILOT LOS  R=NO MSL  D=TRACKING  FU=HOLD FIRE  FR=TGT PILOT  FD=SRCH 9K113 LOS  FL=CM MENU
12:15:48     !! L does not offer "CLOSE" (shows "nil") -- not pressing
12:15:48   on page 'other': C=FIRE  U=SRCH PILOT LOS  R=NO MSL  D=TRACKING  FU=HOLD FIRE  FR=TGT PILOT  FD=SRCH 9K113 LOS  FL=CM MENU
12:15:48     !! L does not offer "CLOSE" (shows "nil") -- not pressing
12:15:48   on page 'other': C=FIRE  U=SRCH PILOT LOS  R=NO MSL  D=TRACKING  FU=HOLD FIRE  FR=TGT PILOT  FD=SRCH 9K113 LOS  FL=CM MENU
12:15:48     !! L does not offer "CLOSE" (shows "nil") -- not pressing
12:15:48   on page 'other': C=FIRE  U=SRCH PILOT LOS  R=NO MSL  D=TRACKING  FU=HOLD FIRE  FR=TGT PILOT  FD=SRCH 9K113 LOS  FL=CM MENU
12:15:48     !! L does not offer "CLOSE" (shows "nil") -- not pressing
12:15:48   on page 'other': C=FIRE  U=SRCH PILOT LOS  R=NO MSL  D=TRACKING  FU=HOLD FIRE  FR=TGT PILOT  FD=SRCH 9K113 LOS  FL=CM MENU
12:15:48     !! L does not offer "CLOSE" (shows "nil") -- not pressing
12:15:48   on page 'other': C=FIRE  U=SRCH PILOT LOS  R=NO MSL  D=TRACKING  FU=HOLD FIRE  FR=TGT PILOT  FD=SRCH 9K113 LOS  FL=CM MENU
12:15:48     !! L does not offer "CLOSE" (shows "nil") -- not pressing
12:15:48   on page 'other': C=FIRE  U=SRCH PILOT LOS  R=NO MSL  D=TRACKING  FU=HOLD FIRE  FR=TGT PILOT  FD=SRCH 9K113 LOS  FL=CM MENU
12:15:48     !! L does not offer "CLOSE" (shows "nil") -- not pressing
12:15:48   on page 'other': C=FIRE  U=SRCH PILOT LOS  R=NO MSL  D=TRACKING  FU=HOLD FIRE  FR=TGT PILOT  FD=SRCH 9K113 LOS  FL=CM MENU
12:15:48     !! L does not offer "CLOSE" (shows "nil") -- not pressing
12:15:48   on page 'other': C=FIRE  U=SRCH PILOT LOS  R=NO MSL  D=TRACKING  FU=HOLD FIRE  FR=TGT PILOT  FD=SRCH 9K113 LOS  FL=CM MENU
12:15:48     !! L does not offer "CLOSE" (shows "nil") -- not pressing
12:15:48   on page 'other': C=FIRE  U=SRCH PILOT LOS  R=NO MSL  D=TRACKING  FU=HOLD FIRE  FR=TGT PILOT  FD=SRCH 9K113 LOS  FL=CM MENU
12:15:48     !! L does not offer "CLOSE" (shows "nil") -- not pressing
12:15:48   on page 'other': C=FIRE  U=SRCH PILOT LOS  R=NO MSL  D=TRACKING  FU=HOLD FIRE  FR=TGT PILOT  FD=SRCH 9K113 LOS  FL=CM MENU
12:15:48     !! L does not offer "CLOSE" (shows "nil") -- not pressing
12:15:48   on page 'other': C=FIRE  U=SRCH PILOT LOS  R=NO MSL  D=TRACKING  FU=HOLD FIRE  FR=TGT PILOT  FD=SRCH 9K113 LOS  FL=CM MENU
12:15:48     !! L does not offer "CLOSE" (shows "nil") -- not pressing
12:15:48   on page 'other': C=FIRE  U=SRCH PILOT LOS  R=NO MSL  D=TRACKING  FU=HOLD FIRE  FR=TGT PILOT  FD=SRCH 9K113 LOS  FL=CM MENU
12:15:48     !! L does not offer "CLOSE" (shows "nil") -- not pressing
12:15:48   on page 'other': C=FIRE  U=SRCH PILOT LOS  R=NO MSL  D=TRACKING  FU=HOLD FIRE  FR=TGT PILOT  FD=SRCH 9K113 LOS  FL=CM MENU
12:15:48     !! L does not offer "CLOSE" (shows "nil") -- not pressing
12:15:48   on page 'other': C=FIRE  U=SRCH PILOT LOS  R=NO MSL  D=TRACKING  FU=HOLD FIRE  FR=TGT PILOT  FD=SRCH 9K113 LOS  FL=CM MENU
12:15:48     !! L does not offer "CLOSE" (shows "nil") -- not pressing
12:15:48   on page 'other': C=FIRE  U=SRCH PILOT LOS  R=NO MSL  D=TRACKING  FU=HOLD FIRE  FR=TGT PILOT  FD=SRCH 9K113 LOS  FL=CM MENU
12:15:48     !! L does not offer "CLOSE" (shows "nil") -- not pressing
12:15:48   on page 'other': C=FIRE  U=SRCH PILOT LOS  R=NO MSL  D=TRACKING  FU=HOLD FIRE  FR=TGT PILOT  FD=SRCH 9K113 LOS  FL=CM MENU
12:15:48     !! L does not offer "CLOSE" (shows "nil") -- not pressing
12:15:48   on page 'other': C=FIRE  U=SRCH PILOT LOS  R=NO MSL  D=TRACKING  FU=HOLD FIRE  FR=TGT PILOT  FD=SRCH 9K113 LOS  FL=CM MENU
12:15:48     !! L does not offer "CLOSE" (shows "nil") -- not pressing
12:15:48   on page 'other': C=FIRE  U=SRCH PILOT LOS  R=NO MSL  D=TRACKING  FU=HOLD FIRE  FR=TGT PILOT  FD=SRCH 9K113 LOS  FL=CM MENU
12:15:48     !! L does not offer "CLOSE" (shows "nil") -- not pressing
12:15:48   on page 'other': C=FIRE  U=SRCH PILOT LOS  R=NO MSL  D=TRACKING  FU=HOLD FIRE  FR=TGT PILOT  FD=SRCH 9K113 LOS  FL=CM MENU
12:15:48     !! L does not offer "CLOSE" (shows "nil") -- not pressing
12:15:48   on page 'other': C=FIRE  U=SRCH PILOT LOS  R=NO MSL  D=TRACKING  FU=HOLD FIRE  FR=TGT PILOT  FD=SRCH 9K113 LOS  FL=CM MENU
12:15:48     !! L does not offer "CLOSE" (shows "nil") -- not pressing
12:15:48   on page 'other': C=FIRE  U=SRCH PILOT LOS  R=NO MSL  D=TRACKING  FU=HOLD FIRE  FR=TGT PILOT  FD=SRCH 9K113 LOS  FL=CM MENU
12:15:48     !! L does not offer "CLOSE" (shows "nil") -- not pressing
12:15:48   on page 'other': C=FIRE  U=SRCH PILOT LOS  R=NO MSL  D=TRACKING  FU=HOLD FIRE  FR=TGT PILOT  FD=SRCH 9K113 LOS  FL=CM MENU
12:15:48     !! L does not offer "CLOSE" (shows "nil") -- not pressing
12:15:48   on page 'other': C=FIRE  U=SRCH PILOT LOS  R=NO MSL  D=TRACKING  FU=HOLD FIRE  FR=TGT PILOT  FD=SRCH 9K113 LOS  FL=CM MENU
12:15:48     !! L does not offer "CLOSE" (shows "nil") -- not pressing
12:15:48   on page 'other': C=FIRE  U=SRCH PILOT LOS  R=NO MSL  D=TRACKING  FU=HOLD FIRE  FR=TGT PILOT  FD=SRCH 9K113 LOS  FL=CM MENU
12:15:48     !! L does not offer "CLOSE" (shows "nil") -- not pressing
12:15:48   on page 'other': C=FIRE  U=SRCH PILOT LOS  R=NO MSL  D=TRACKING  FU=HOLD FIRE  FR=TGT PILOT  FD=SRCH 9K113 LOS  FL=CM MENU
12:15:48     !! L does not offer "CLOSE" (shows "nil") -- not pressing
12:15:48   on page 'other': C=FIRE  U=SRCH PILOT LOS  R=NO MSL  D=TRACKING  FU=HOLD FIRE  FR=TGT PILOT  FD=SRCH 9K113 LOS  FL=CM MENU
12:15:48     !! L does not offer "CLOSE" (shows "nil") -- not pressing
12:15:48   on page 'other': C=FIRE  U=SRCH PILOT LOS  R=NO MSL  D=TRACKING  FU=HOLD FIRE  FR=TGT PILOT  FD=SRCH 9K113 LOS  FL=CM MENU
12:15:48     !! L does not offer "CLOSE" (shows "nil") -- not pressing
12:15:48   on page 'other': C=FIRE  U=SRCH PILOT LOS  R=NO MSL  D=TRACKING  FU=HOLD FIRE  FR=TGT PILOT  FD=SRCH 9K113 LOS  FL=CM MENU
12:15:48     !! L does not offer "CLOSE" (shows "nil") -- not pressing
12:15:49   on page 'other': C=FIRE  U=SRCH PILOT LOS  R=NO MSL  D=TRACKING  FU=HOLD FIRE  FR=TGT PILOT  FD=SRCH 9K113 LOS  FL=CM MENU
12:15:49     !! L does not offer "CLOSE" (shows "nil") -- not pressing
12:15:49   on page 'other': C=FIRE  U=SRCH PILOT LOS  R=NO MSL  D=TRACKING  FU=HOLD FIRE  FR=TGT PILOT  FD=SRCH 9K113 LOS  FL=CM MENU
12:15:49     !! L does not offer "CLOSE" (shows "nil") -- not pressing
12:15:49   on page 'other': C=FIRE  U=SRCH PILOT LOS  R=NO MSL  D=TRACKING  FU=HOLD FIRE  FR=TGT PILOT  FD=SRCH 9K113 LOS  FL=CM MENU
12:15:49     !! L does not offer "CLOSE" (shows "nil") -- not pressing
12:15:49   on page 'other': C=FIRE  U=SRCH PILOT LOS  R=NO MSL  D=TRACKING  FU=HOLD FIRE  FR=TGT PILOT  FD=SRCH 9K113 LOS  FL=CM MENU
12:15:49     !! L does not offer "CLOSE" (shows "nil") -- not pressing
12:15:49   on page 'other': C=FIRE  U=SRCH PILOT LOS  R=NO MSL  D=TRACKING  FU=HOLD FIRE  FR=TGT PILOT  FD=SRCH 9K113 LOS  FL=CM MENU
12:15:49     !! L does not offer "CLOSE" (shows "nil") -- not pressing
12:15:49   on page 'other': C=FIRE  U=SRCH PILOT LOS  R=NO MSL  D=TRACKING  FU=HOLD FIRE  FR=TGT PILOT  FD=SRCH 9K113 LOS  FL=CM MENU
12:15:49     !! L does not offer "CLOSE" (shows "nil") -- not pressing
12:15:49   on page 'other': C=FIRE  U=SRCH PILOT LOS  R=NO MSL  D=TRACKING  FU=HOLD FIRE  FR=TGT PILOT  FD=SRCH 9K113 LOS  FL=CM MENU
12:15:49     !! L does not offer "CLOSE" (shows "nil") -- not pressing
12:15:49   on page 'other': C=FIRE  U=SRCH PILOT LOS  R=NO MSL  D=TRACKING  FU=HOLD FIRE  FR=TGT PILOT  FD=SRCH 9K113 LOS  FL=CM MENU
12:15:49     !! L does not offer "CLOSE" (shows "nil") -- not pressing
12:15:49   on page 'other': C=FIRE  U=SRCH PILOT LOS  R=NO MSL  D=TRACKING  FU=HOLD FIRE  FR=TGT PILOT  FD=SRCH 9K113 LOS  FL=CM MENU
12:15:49     !! L does not offer "CLOSE" (shows "nil") -- not pressing
12:15:49   on page 'other': C=FIRE  U=SRCH PILOT LOS  R=NO MSL  D=TRACKING  FU=HOLD FIRE  FR=TGT PILOT  FD=SRCH 9K113 LOS  FL=CM MENU
12:15:49     !! L does not offer "CLOSE" (shows "nil") -- not pressing
12:15:49   on page 'other': C=FIRE  U=SRCH PILOT LOS  R=NO MSL  D=TRACKING  FU=HOLD FIRE  FR=TGT PILOT  FD=SRCH 9K113 LOS  FL=CM MENU
12:15:49     !! L does not offer "CLOSE" (shows "nil") -- not pressing
12:15:49   on page 'other': C=FIRE  U=SRCH PILOT LOS  R=NO MSL  D=TRACKING  FU=HOLD FIRE  FR=TGT PILOT  FD=SRCH 9K113 LOS  FL=CM MENU
12:15:49     !! L does not offer "CLOSE" (shows "nil") -- not pressing
12:15:49   on page 'other': C=FIRE  U=SRCH PILOT LOS  R=NO MSL  D=TRACKING  FU=HOLD FIRE  FR=TGT PILOT  FD=SRCH 9K113 LOS  FL=CM MENU
12:15:49     !! L does not offer "CLOSE" (shows "nil") -- not pressing
12:15:49   on page 'other': C=FIRE  U=SRCH PILOT LOS  R=NO MSL  D=TRACKING  FU=HOLD FIRE  FR=TGT PILOT  FD=SRCH 9K113 LOS  FL=CM MENU
12:15:49     !! L does not offer "CLOSE" (shows "nil") -- not pressing
12:15:49   on page 'other': C=FIRE  U=SRCH PILOT LOS  R=NO MSL  D=TRACKING  FU=HOLD FIRE  FR=TGT PILOT  FD=SRCH 9K113 LOS  FL=CM MENU
12:15:49     !! L does not offer "CLOSE" (shows "nil") -- not pressing
12:15:49   on page 'other': C=FIRE  U=SRCH PILOT LOS  R=NO MSL  D=TRACKING  FU=HOLD FIRE  FR=TGT PILOT  FD=SRCH 9K113 LOS  FL=CM MENU
12:15:49     !! L does not offer "CLOSE" (shows "nil") -- not pressing
12:15:49   on page 'other': C=FIRE  U=SRCH PILOT LOS  R=NO MSL  D=TRACKING  FU=HOLD FIRE  FR=TGT PILOT  FD=SRCH 9K113 LOS  FL=CM MENU
12:15:49     !! L does not offer "CLOSE" (shows "nil") -- not pressing
12:15:49   on page 'other': C=FIRE  U=SRCH PILOT LOS  R=NO MSL  D=TRACKING  FU=HOLD FIRE  FR=TGT PILOT  FD=SRCH 9K113 LOS  FL=CM MENU
12:15:49     !! L does not offer "CLOSE" (shows "nil") -- not pressing
12:15:49   on page 'other': C=FIRE  U=SRCH PILOT LOS  R=NO MSL  D=TRACKING  FU=HOLD FIRE  FR=TGT PILOT  FD=SRCH 9K113 LOS  FL=CM MENU
12:15:49     !! L does not offer "CLOSE" (shows "nil") -- not pressing
12:15:49   on page 'other': C=FIRE  U=SRCH PILOT LOS  R=NO MSL  D=TRACKING  FU=HOLD FIRE  FR=TGT PILOT  FD=SRCH 9K113 LOS  FL=CM MENU
12:15:49     !! L does not offer "CLOSE" (shows "nil") -- not pressing
12:15:49   on page 'other': C=FIRE  U=SRCH PILOT LOS  R=NO MSL  D=TRACKING  FU=HOLD FIRE  FR=TGT PILOT  FD=SRCH 9K113 LOS  FL=CM MENU
12:15:49     !! L does not offer "CLOSE" (shows "nil") -- not pressing
12:15:49   on page 'other': C=FIRE  U=SRCH PILOT LOS  R=NO MSL  D=TRACKING  FU=HOLD FIRE  FR=TGT PILOT  FD=SRCH 9K113 LOS  FL=CM MENU
12:15:49     !! L does not offer "CLOSE" (shows "nil") -- not pressing
12:15:49   on page 'other': C=FIRE  U=SRCH PILOT LOS  R=NO MSL  D=TRACKING  FU=HOLD FIRE  FR=TGT PILOT  FD=SRCH 9K113 LOS  FL=CM MENU
12:15:49     !! L does not offer "CLOSE" (shows "nil") -- not pressing
12:15:49   on page 'other': C=FIRE  U=SRCH PILOT LOS  R=NO MSL  D=TRACKING  FU=HOLD FIRE  FR=TGT PILOT  FD=SRCH 9K113 LOS  FL=CM MENU
12:15:49     !! L does not offer "CLOSE" (shows "nil") -- not pressing
12:15:49   on page 'other': C=FIRE  U=SRCH PILOT LOS  R=NO MSL  D=TRACKING  FU=HOLD FIRE  FR=TGT PILOT  FD=SRCH 9K113 LOS  FL=CM MENU
12:15:49     !! L does not offer "CLOSE" (shows "nil") -- not pressing
12:15:49   on page 'other': C=FIRE  U=SRCH PILOT LOS  R=NO MSL  D=TRACKING  FU=HOLD FIRE  FR=TGT PILOT  FD=SRCH 9K113 LOS  FL=CM MENU
12:15:49     !! L does not offer "CLOSE" (shows "nil") -- not pressing
12:15:49   on page 'other': C=FIRE  U=SRCH PILOT LOS  R=NO MSL  D=TRACKING  FU=HOLD FIRE  FR=TGT PILOT  FD=SRCH 9K113 LOS  FL=CM MENU
12:15:49     !! L does not offer "CLOSE" (shows "nil") -- not pressing
12:15:49   on page 'other': C=FIRE  U=SRCH PILOT LOS  R=NO MSL  D=TRACKING  FU=HOLD FIRE  FR=TGT PILOT  FD=SRCH 9K113 LOS  FL=CM MENU
12:15:49     !! L does not offer "CLOSE" (shows "nil") -- not pressing
12:15:49   on page 'other': C=FIRE  U=SRCH PILOT LOS  R=NO MSL  D=TRACKING  FU=HOLD FIRE  FR=TGT PILOT  FD=SRCH 9K113 LOS  FL=CM MENU
12:15:49     !! L does not offer "CLOSE" (shows "nil") -- not pressing
12:15:49   on page 'other': C=FIRE  U=SRCH PILOT LOS  R=NO MSL  D=TRACKING  FU=HOLD FIRE  FR=TGT PILOT  FD=SRCH 9K113 LOS  FL=CM MENU
12:15:49     !! L does not offer "CLOSE" (shows "nil") -- not pressing
12:15:49   on page 'other': C=FIRE  U=SRCH PILOT LOS  R=NO MSL  D=TRACKING  FU=HOLD FIRE  FR=TGT PILOT  FD=SRCH 9K113 LOS  FL=CM MENU
12:15:49     !! L does not offer "CLOSE" (shows "nil") -- not pressing
12:15:49   on page 'other': C=FIRE  U=SRCH PILOT LOS  R=NO MSL  D=TRACKING  FU=HOLD FIRE  FR=TGT PILOT  FD=SRCH 9K113 LOS  FL=CM MENU
12:15:49     !! L does not offer "CLOSE" (shows "nil") -- not pressing
12:15:49   on page 'other': C=FIRE  U=SRCH PILOT LOS  R=NO MSL  D=TRACKING  FU=HOLD FIRE  FR=TGT PILOT  FD=SRCH 9K113 LOS  FL=CM MENU
12:15:49     !! L does not offer "CLOSE" (shows "nil") -- not pressing
12:15:49   on page 'other': C=FIRE  U=SRCH PILOT LOS  R=NO MSL  D=TRACKING  FU=HOLD FIRE  FR=TGT PILOT  FD=SRCH 9K113 LOS  FL=CM MENU
12:15:49     !! L does not offer "CLOSE" (shows "nil") -- not pressing
12:15:49   on page 'other': C=FIRE  U=SRCH PILOT LOS  R=NO MSL  D=TRACKING  FU=HOLD FIRE  FR=TGT PILOT  FD=SRCH 9K113 LOS  FL=CM MENU
12:15:49     !! L does not offer "CLOSE" (shows "nil") -- not pressing
12:15:49   on page 'other': C=FIRE  U=SRCH PILOT LOS  R=NO MSL  D=TRACKING  FU=HOLD FIRE  FR=TGT PILOT  FD=SRCH 9K113 LOS  FL=CM MENU
12:15:49     !! L does not offer "CLOSE" (shows "nil") -- not pressing
12:15:49   on page 'other': C=FIRE  U=SRCH PILOT LOS  R=NO MSL  D=TRACKING  FU=HOLD FIRE  FR=TGT PILOT  FD=SRCH 9K113 LOS  FL=CM MENU
12:15:49     !! L does not offer "CLOSE" (shows "nil") -- not pressing
12:15:49   on page 'other': C=FIRE  U=SRCH PILOT LOS  R=NO MSL  D=TRACKING  FU=HOLD FIRE  FR=TGT PILOT  FD=SRCH 9K113 LOS  FL=CM MENU
12:15:49     !! L does not offer "CLOSE" (shows "nil") -- not pressing
12:15:49   on page 'other': C=FIRE  U=SRCH PILOT LOS  R=NO MSL  D=TRACKING  FU=HOLD FIRE  FR=TGT PILOT  FD=SRCH 9K113 LOS  FL=CM MENU
12:15:49     !! L does not offer "CLOSE" (shows "nil") -- not pressing
12:15:49   on page 'other': C=FIRE  U=SRCH PILOT LOS  R=NO MSL  D=TRACKING  FU=HOLD FIRE  FR=TGT PILOT  FD=SRCH 9K113 LOS  FL=CM MENU
12:15:49     !! L does not offer "CLOSE" (shows "nil") -- not pressing
12:15:49   on page 'other': C=FIRE  U=SRCH PILOT LOS  R=NO MSL  D=TRACKING  FU=HOLD FIRE  FR=TGT PILOT  FD=SRCH 9K113 LOS  FL=CM MENU
12:15:49     !! L does not offer "CLOSE" (shows "nil") -- not pressing
12:15:49   on page 'other': C=FIRE  U=SRCH PILOT LOS  R=NO MSL  D=TRACKING  FU=HOLD FIRE  FR=TGT PILOT  FD=SRCH 9K113 LOS  FL=CM MENU
12:15:49     !! L does not offer "CLOSE" (shows "nil") -- not pressing
12:15:49   on page 'other': C=FIRE  U=SRCH PILOT LOS  R=NO MSL  D=TRACKING  FU=HOLD FIRE  FR=TGT PILOT  FD=SRCH 9K113 LOS  FL=CM MENU
12:15:49     !! L does not offer "CLOSE" (shows "nil") -- not pressing
12:15:49   on page 'other': C=FIRE  U=SRCH PILOT LOS  R=NO MSL  D=TRACKING  FU=HOLD FIRE  FR=TGT PILOT  FD=SRCH 9K113 LOS  FL=CM MENU
12:15:49     !! L does not offer "CLOSE" (shows "nil") -- not pressing
12:15:49   on page 'other': C=FIRE  U=SRCH PILOT LOS  R=NO MSL  D=TRACKING  FU=HOLD FIRE  FR=TGT PILOT  FD=SRCH 9K113 LOS  FL=CM MENU
12:15:49     !! L does not offer "CLOSE" (shows "nil") -- not pressing
12:15:49   on page 'other': C=FIRE  U=SRCH PILOT LOS  R=NO MSL  D=TRACKING  FU=HOLD FIRE  FR=TGT PILOT  FD=SRCH 9K113 LOS  FL=CM MENU
12:15:49     !! L does not offer "CLOSE" (shows "nil") -- not pressing
12:15:49   on page 'other': C=FIRE  U=SRCH PILOT LOS  R=NO MSL  D=TRACKING  FU=HOLD FIRE  FR=TGT PILOT  FD=SRCH 9K113 LOS  FL=CM MENU
12:15:49     !! L does not offer "CLOSE" (shows "nil") -- not pressing
12:15:49   on page 'other': C=FIRE  U=SRCH PILOT LOS  R=NO MSL  D=TRACKING  FU=HOLD FIRE  FR=TGT PILOT  FD=SRCH 9K113 LOS  FL=CM MENU
12:15:49     !! L does not offer "CLOSE" (shows "nil") -- not pressing
12:15:49   on page 'other': C=FIRE  U=SRCH PILOT LOS  R=NO MSL  D=TRACKING  FU=HOLD FIRE  FR=TGT PILOT  FD=SRCH 9K113 LOS  FL=CM MENU
12:15:49     !! L does not offer "CLOSE" (shows "nil") -- not pressing
12:15:49   on page 'other': C=FIRE  U=SRCH PILOT LOS  R=NO MSL  D=TRACKING  FU=HOLD FIRE  FR=TGT PILOT  FD=SRCH 9K113 LOS  FL=CM MENU
12:15:49     !! L does not offer "CLOSE" (shows "nil") -- not pressing
12:15:49   on page 'other': C=FIRE  U=SRCH PILOT LOS  R=NO MSL  D=TRACKING  FU=HOLD FIRE  FR=TGT PILOT  FD=SRCH 9K113 LOS  FL=CM MENU
12:15:49     !! L does not offer "CLOSE" (shows "nil") -- not pressing
12:15:49   on page 'other': C=FIRE  U=SRCH PILOT LOS  R=NO MSL  D=TRACKING  FU=HOLD FIRE  FR=TGT PILOT  FD=SRCH 9K113 LOS  FL=CM MENU
12:15:49     !! L does not offer "CLOSE" (shows "nil") -- not pressing
12:15:49   on page 'other': C=FIRE  U=SRCH PILOT LOS  R=NO MSL  D=TRACKING  FU=HOLD FIRE  FR=TGT PILOT  FD=SRCH 9K113 LOS  FL=CM MENU
12:15:49     !! L does not offer "CLOSE" (shows "nil") -- not pressing
12:15:49   on page 'other': C=FIRE  U=SRCH PILOT LOS  R=NO MSL  D=TRACKING  FU=HOLD FIRE  FR=TGT PILOT  FD=SRCH 9K113 LOS  FL=CM MENU
12:15:49     !! L does not offer "CLOSE" (shows "nil") -- not pressing
12:15:49   on page 'other': C=FIRE  U=SRCH PILOT LOS  R=NO MSL  D=TRACKING  FU=HOLD FIRE  FR=TGT PILOT  FD=SRCH 9K113 LOS  FL=CM MENU
12:15:49     !! L does not offer "CLOSE" (shows "nil") -- not pressing
12:15:49   on page 'other': C=FIRE  U=SRCH PILOT LOS  R=NO MSL  D=TRACKING  FU=HOLD FIRE  FR=TGT PILOT  FD=SRCH 9K113 LOS  FL=CM MENU
12:15:49     !! L does not offer "CLOSE" (shows "nil") -- not pressing
12:15:49   on page 'other': C=FIRE  U=SRCH PILOT LOS  R=NO MSL  D=TRACKING  FU=HOLD FIRE  FR=TGT PILOT  FD=SRCH 9K113 LOS  FL=CM MENU
12:15:49     !! L does not offer "CLOSE" (shows "nil") -- not pressing
12:15:49   on page 'other': C=FIRE  U=SRCH PILOT LOS  R=NO MSL  D=TRACKING  FU=HOLD FIRE  FR=TGT PILOT  FD=SRCH 9K113 LOS  FL=CM MENU
12:15:49     !! L does not offer "CLOSE" (shows "nil") -- not pressing
12:15:49   on page 'other': C=FIRE  U=SRCH PILOT LOS  R=NO MSL  D=TRACKING  FU=HOLD FIRE  FR=TGT PILOT  FD=SRCH 9K113 LOS  FL=CM MENU
12:15:49     !! L does not offer "CLOSE" (shows "nil") -- not pressing
12:15:49   on page 'other': C=FIRE  U=SRCH PILOT LOS  R=NO MSL  D=TRACKING  FU=HOLD FIRE  FR=TGT PILOT  FD=SRCH 9K113 LOS  FL=CM MENU
12:15:49     !! L does not offer "CLOSE" (shows "nil") -- not pressing
12:15:49   on page 'other': C=FIRE  U=SRCH PILOT LOS  R=NO MSL  D=TRACKING  FU=HOLD FIRE  FR=TGT PILOT  FD=SRCH 9K113 LOS  FL=CM MENU
12:15:49     !! L does not offer "CLOSE" (shows "nil") -- not pressing
12:15:49   on page 'other': C=FIRE  U=SRCH PILOT LOS  R=NO MSL  D=TRACKING  FU=HOLD FIRE  FR=TGT PILOT  FD=SRCH 9K113 LOS  FL=CM MENU
12:15:49     !! L does not offer "CLOSE" (shows "nil") -- not pressing
12:15:49   on page 'other': C=FIRE  U=SRCH PILOT LOS  R=NO MSL  D=TRACKING  FU=HOLD FIRE  FR=TGT PILOT  FD=SRCH 9K113 LOS  FL=CM MENU
12:15:49     !! L does not offer "CLOSE" (shows "nil") -- not pressing
12:15:49   on page 'other': C=FIRE  U=SRCH PILOT LOS  R=NO MSL  D=TRACKING  FU=HOLD FIRE  FR=TGT PILOT  FD=SRCH 9K113 LOS  FL=CM MENU
12:15:49     !! L does not offer "CLOSE" (shows "nil") -- not pressing
12:15:49   on page 'other': C=FIRE  U=SRCH PILOT LOS  R=NO MSL  D=TRACKING  FU=HOLD FIRE  FR=TGT PILOT  FD=SRCH 9K113 LOS  FL=CM MENU
12:15:49     !! L does not offer "CLOSE" (shows "nil") -- not pressing
12:15:49   on page 'other': C=FIRE  U=SRCH PILOT LOS  R=NO MSL  D=TRACKING  FU=HOLD FIRE  FR=TGT PILOT  FD=SRCH 9K113 LOS  FL=CM MENU
12:15:49     !! L does not offer "CLOSE" (shows "nil") -- not pressing
12:15:49   on page 'other': C=FIRE  U=SRCH PILOT LOS  R=NO MSL  D=TRACKING  FU=HOLD FIRE  FR=TGT PILOT  FD=SRCH 9K113 LOS  FL=CM MENU
12:15:49     !! L does not offer "CLOSE" (shows "nil") -- not pressing
12:15:49   on page 'other': C=FIRE  U=SRCH PILOT LOS  R=NO MSL  D=TRACKING  FU=HOLD FIRE  FR=TGT PILOT  FD=SRCH 9K113 LOS  FL=CM MENU
12:15:49     !! L does not offer "CLOSE" (shows "nil") -- not pressing
12:15:49   on page 'other': C=FIRE  U=SRCH PILOT LOS  R=NO MSL  D=TRACKING  FU=HOLD FIRE  FR=TGT PILOT  FD=SRCH 9K113 LOS  FL=CM MENU
12:15:49     !! L does not offer "CLOSE" (shows "nil") -- not pressing
12:15:49   on page 'other': C=FIRE  U=SRCH PILOT LOS  R=NO MSL  D=TRACKING  FU=HOLD FIRE  FR=TGT PILOT  FD=SRCH 9K113 LOS  FL=CM MENU
12:15:49     !! L does not offer "CLOSE" (shows "nil") -- not pressing
12:15:49   on page 'other': C=FIRE  U=SRCH PILOT LOS  R=NO MSL  D=TRACKING  FU=HOLD FIRE  FR=TGT PILOT  FD=SRCH 9K113 LOS  FL=CM MENU
12:15:49     !! L does not offer "CLOSE" (shows "nil") -- not pressing
12:15:49   on page 'other': C=FIRE  U=SRCH PILOT LOS  R=NO MSL  D=TRACKING  FU=HOLD FIRE  FR=TGT PILOT  FD=SRCH 9K113 LOS  FL=CM MENU
12:15:49     !! L does not offer "CLOSE" (shows "nil") -- not pressing
12:15:49   on page 'other': C=FIRE  U=SRCH PILOT LOS  R=NO MSL  D=TRACKING  FU=HOLD FIRE  FR=TGT PILOT  FD=SRCH 9K113 LOS  FL=CM MENU
12:15:49     !! L does not offer "CLOSE" (shows "nil") -- not pressing
12:15:49   on page 'other': C=FIRE  U=SRCH PILOT LOS  R=NO MSL  D=TRACKING  FU=HOLD FIRE  FR=TGT PILOT  FD=SRCH 9K113 LOS  FL=CM MENU
12:15:49     !! L does not offer "CLOSE" (shows "nil") -- not pressing
12:15:49   on page 'other': C=FIRE  U=SRCH PILOT LOS  R=NO MSL  D=TRACKING  FU=HOLD FIRE  FR=TGT PILOT  FD=SRCH 9K113 LOS  FL=CM MENU
12:15:49     !! L does not offer "CLOSE" (shows "nil") -- not pressing
12:15:49   on page 'other': C=FIRE  U=SRCH PILOT LOS  R=NO MSL  D=TRACKING  FU=HOLD FIRE  FR=TGT PILOT  FD=SRCH 9K113 LOS  FL=CM MENU
12:15:49     !! L does not offer "CLOSE" (shows "nil") -- not pressing
12:15:49   on page 'other': C=FIRE  U=SRCH PILOT LOS  R=NO MSL  D=TRACKING  FU=HOLD FIRE  FR=TGT PILOT  FD=SRCH 9K113 LOS  FL=CM MENU
12:15:49     !! L does not offer "CLOSE" (shows "nil") -- not pressing
12:15:49   on page 'other': C=FIRE  U=SRCH PILOT LOS  R=NO MSL  D=TRACKING  FU=HOLD FIRE  FR=TGT PILOT  FD=SRCH 9K113 LOS  FL=CM MENU
12:15:49     !! L does not offer "CLOSE" (shows "nil") -- not pressing
12:15:49   on page 'other': C=FIRE  U=SRCH PILOT LOS  R=NO MSL  D=TRACKING  FU=HOLD FIRE  FR=TGT PILOT  FD=SRCH 9K113 LOS  FL=CM MENU
12:15:49     !! L does not offer "CLOSE" (shows "nil") -- not pressing
12:15:50   on page 'other': C=FIRE  U=SRCH PILOT LOS  R=NO MSL  D=TRACKING  FU=HOLD FIRE  FR=TGT PILOT  FD=SRCH 9K113 LOS  FL=CM MENU
12:15:50     !! L does not offer "CLOSE" (shows "nil") -- not pressing
12:15:50   on page 'other': C=FIRE  U=SRCH PILOT LOS  R=NO MSL  D=TRACKING  FU=HOLD FIRE  FR=TGT PILOT  FD=SRCH 9K113 LOS  FL=CM MENU
12:15:50     !! L does not offer "CLOSE" (shows "nil") -- not pressing
12:15:50   on page 'other': C=FIRE  U=SRCH PILOT LOS  R=NO MSL  D=TRACKING  FU=HOLD FIRE  FR=TGT PILOT  FD=SRCH 9K113 LOS  FL=CM MENU
12:15:50     !! L does not offer "CLOSE" (shows "nil") -- not pressing
12:15:50   on page 'other': C=FIRE  U=SRCH PILOT LOS  R=NO MSL  D=TRACKING  FU=HOLD FIRE  FR=TGT PILOT  FD=SRCH 9K113 LOS  FL=CM MENU
12:15:50     !! L does not offer "CLOSE" (shows "nil") -- not pressing
12:15:50   on page 'other': C=FIRE  U=SRCH PILOT LOS  R=NO MSL  D=TRACKING  FU=HOLD FIRE  FR=TGT PILOT  FD=SRCH 9K113 LOS  FL=CM MENU
12:15:50     !! L does not offer "CLOSE" (shows "nil") -- not pressing
12:15:50   on page 'other': C=FIRE  U=SRCH PILOT LOS  R=NO MSL  D=TRACKING  FU=HOLD FIRE  FR=TGT PILOT  FD=SRCH 9K113 LOS  FL=CM MENU
12:15:50     !! L does not offer "CLOSE" (shows "nil") -- not pressing
12:15:50   on page 'other': C=FIRE  U=SRCH PILOT LOS  R=NO MSL  D=TRACKING  FU=HOLD FIRE  FR=TGT PILOT  FD=SRCH 9K113 LOS  FL=CM MENU
12:15:50     !! L does not offer "CLOSE" (shows "nil") -- not pressing
12:15:50   on page 'other': C=FIRE  U=SRCH PILOT LOS  R=NO MSL  D=TRACKING  FU=HOLD FIRE  FR=TGT PILOT  FD=SRCH 9K113 LOS  FL=CM MENU
12:15:50     !! L does not offer "CLOSE" (shows "nil") -- not pressing
12:15:50   on page 'other': C=FIRE  U=SRCH PILOT LOS  R=NO MSL  D=TRACKING  FU=HOLD FIRE  FR=TGT PILOT  FD=SRCH 9K113 LOS  FL=CM MENU
12:15:50     !! L does not offer "CLOSE" (shows "nil") -- not pressing
12:15:50   on page 'other': C=FIRE  U=SRCH PILOT LOS  R=NO MSL  D=TRACKING  FU=HOLD FIRE  FR=TGT PILOT  FD=SRCH 9K113 LOS  FL=CM MENU
12:15:50     !! L does not offer "CLOSE" (shows "nil") -- not pressing
12:15:50   on page 'other': C=FIRE  U=SRCH PILOT LOS  R=NO MSL  D=TRACKING  FU=HOLD FIRE  FR=TGT PILOT  FD=SRCH 9K113 LOS  FL=CM MENU
12:15:50     !! L does not offer "CLOSE" (shows "nil") -- not pressing
12:15:50   on page 'other': C=FIRE  U=SRCH PILOT LOS  R=NO MSL  D=TRACKING  FU=HOLD FIRE  FR=TGT PILOT  FD=SRCH 9K113 LOS  FL=CM MENU
12:15:50     !! L does not offer "CLOSE" (shows "nil") -- not pressing
12:15:50   on page 'other': C=FIRE  U=SRCH PILOT LOS  R=NO MSL  D=TRACKING  FU=HOLD FIRE  FR=TGT PILOT  FD=SRCH 9K113 LOS  FL=CM MENU
12:15:50     !! L does not offer "CLOSE" (shows "nil") -- not pressing
12:15:50   on page 'other': C=FIRE  U=SRCH PILOT LOS  R=NO MSL  D=TRACKING  FU=HOLD FIRE  FR=TGT PILOT  FD=SRCH 9K113 LOS  FL=CM MENU
12:15:50     !! L does not offer "CLOSE" (shows "nil") -- not pressing
12:15:50   on page 'other': C=FIRE  U=SRCH PILOT LOS  R=NO MSL  D=TRACKING  FU=HOLD FIRE  FR=TGT PILOT  FD=SRCH 9K113 LOS  FL=CM MENU
12:15:50     !! L does not offer "CLOSE" (shows "nil") -- not pressing
12:15:50   on page 'other': C=FIRE  U=SRCH PILOT LOS  R=NO MSL  D=TRACKING  FU=HOLD FIRE  FR=TGT PILOT  FD=SRCH 9K113 LOS  FL=CM MENU
12:15:50     !! L does not offer "CLOSE" (shows "nil") -- not pressing
12:15:50   on page 'other': C=FIRE  U=SRCH PILOT LOS  R=NO MSL  D=TRACKING  FU=HOLD FIRE  FR=TGT PILOT  FD=SRCH 9K113 LOS  FL=CM MENU
12:15:50     !! L does not offer "CLOSE" (shows "nil") -- not pressing
12:15:50   on page 'other': C=FIRE  U=SRCH PILOT LOS  R=NO MSL  D=TRACKING  FU=HOLD FIRE  FR=TGT PILOT  FD=SRCH 9K113 LOS  FL=CM MENU
12:15:50     !! L does not offer "CLOSE" (shows "nil") -- not pressing
12:15:50   on page 'other': C=FIRE  U=SRCH PILOT LOS  R=NO MSL  D=TRACKING  FU=HOLD FIRE  FR=TGT PILOT  FD=SRCH 9K113 LOS  FL=CM MENU
12:15:50     !! L does not offer "CLOSE" (shows "nil") -- not pressing
12:15:50   on page 'other': C=FIRE  U=SRCH PILOT LOS  R=NO MSL  D=TRACKING  FU=HOLD FIRE  FR=TGT PILOT  FD=SRCH 9K113 LOS  FL=CM MENU
12:15:50     !! L does not offer "CLOSE" (shows "nil") -- not pressing
12:15:50   on page 'other': C=FIRE  U=SRCH PILOT LOS  R=NO MSL  D=TRACKING  FU=HOLD FIRE  FR=TGT PILOT  FD=SRCH 9K113 LOS  FL=CM MENU
12:15:50     !! L does not offer "CLOSE" (shows "nil") -- not pressing
12:15:50   on page 'other': C=FIRE  U=SRCH PILOT LOS  R=NO MSL  D=TRACKING  FU=HOLD FIRE  FR=TGT PILOT  FD=SRCH 9K113 LOS  FL=CM MENU
12:15:50     !! L does not offer "CLOSE" (shows "nil") -- not pressing
12:15:50   on page 'other': C=FIRE  U=SRCH PILOT LOS  R=NO MSL  D=TRACKING  FU=HOLD FIRE  FR=TGT PILOT  FD=SRCH 9K113 LOS  FL=CM MENU
12:15:50     !! L does not offer "CLOSE" (shows "nil") -- not pressing
12:15:50   on page 'other': C=FIRE  U=SRCH PILOT LOS  R=NO MSL  D=TRACKING  FU=HOLD FIRE  FR=TGT PILOT  FD=SRCH 9K113 LOS  FL=CM MENU
12:15:50     !! L does not offer "CLOSE" (shows "nil") -- not pressing
12:15:50   on page 'other': C=FIRE  U=SRCH PILOT LOS  R=NO MSL  D=TRACKING  FU=HOLD FIRE  FR=TGT PILOT  FD=SRCH 9K113 LOS  FL=CM MENU
12:15:50     !! L does not offer "CLOSE" (shows "nil") -- not pressing
12:15:50   on page 'other': C=FIRE  U=SRCH PILOT LOS  R=NO MSL  D=TRACKING  FU=HOLD FIRE  FR=TGT PILOT  FD=SRCH 9K113 LOS  FL=CM MENU
12:15:50     !! L does not offer "CLOSE" (shows "nil") -- not pressing
12:15:50   on page 'other': C=FIRE  U=SRCH PILOT LOS  R=NO MSL  D=TRACKING  FU=HOLD FIRE  FR=TGT PILOT  FD=SRCH 9K113 LOS  FL=CM MENU
12:15:50     !! L does not offer "CLOSE" (shows "nil") -- not pressing
12:15:50   on page 'other': C=FIRE  U=SRCH PILOT LOS  R=NO MSL  D=TRACKING  FU=HOLD FIRE  FR=TGT PILOT  FD=SRCH 9K113 LOS  FL=CM MENU
12:15:50     !! L does not offer "CLOSE" (shows "nil") -- not pressing
12:15:50   on page 'other': C=FIRE  U=SRCH PILOT LOS  R=NO MSL  D=TRACKING  FU=HOLD FIRE  FR=TGT PILOT  FD=SRCH 9K113 LOS  FL=CM MENU
12:15:50     !! L does not offer "CLOSE" (shows "nil") -- not pressing
12:15:50   on page 'other': C=FIRE  U=SRCH PILOT LOS  R=NO MSL  D=TRACKING  FU=HOLD FIRE  FR=TGT PILOT  FD=SRCH 9K113 LOS  FL=CM MENU
12:15:50     !! L does not offer "CLOSE" (shows "nil") -- not pressing
12:15:50   on page 'other': C=FIRE  U=SRCH PILOT LOS  R=NO MSL  D=TRACKING  FU=HOLD FIRE  FR=TGT PILOT  FD=SRCH 9K113 LOS  FL=CM MENU
12:15:50     !! L does not offer "CLOSE" (shows "nil") -- not pressing
12:15:50   on page 'other': C=FIRE  U=SRCH PILOT LOS  R=NO MSL  D=TRACKING  FU=HOLD FIRE  FR=TGT PILOT  FD=SRCH 9K113 LOS  FL=CM MENU
12:15:50     !! L does not offer "CLOSE" (shows "nil") -- not pressing
12:15:50   on page 'other': C=FIRE  U=SRCH PILOT LOS  R=NO MSL  D=TRACKING  FU=HOLD FIRE  FR=TGT PILOT  FD=SRCH 9K113 LOS  FL=CM MENU
12:15:50     !! L does not offer "CLOSE" (shows "nil") -- not pressing
12:15:50   on page 'other': C=FIRE  U=SRCH PILOT LOS  R=NO MSL  D=TRACKING  FU=HOLD FIRE  FR=TGT PILOT  FD=SRCH 9K113 LOS  FL=CM MENU
12:15:50     !! L does not offer "CLOSE" (shows "nil") -- not pressing
12:15:50   on page 'other': C=FIRE  U=SRCH PILOT LOS  R=NO MSL  D=TRACKING  FU=HOLD FIRE  FR=TGT PILOT  FD=SRCH 9K113 LOS  FL=CM MENU
12:15:50     !! L does not offer "CLOSE" (shows "nil") -- not pressing
12:15:50   on page 'other': C=FIRE  U=SRCH PILOT LOS  R=NO MSL  D=TRACKING  FU=HOLD FIRE  FR=TGT PILOT  FD=SRCH 9K113 LOS  FL=CM MENU
12:15:50     !! L does not offer "CLOSE" (shows "nil") -- not pressing
12:15:50   on page 'other': C=FIRE  U=SRCH PILOT LOS  R=NO MSL  D=TRACKING  FU=HOLD FIRE  FR=TGT PILOT  FD=SRCH 9K113 LOS  FL=CM MENU
12:15:50     !! L does not offer "CLOSE" (shows "nil") -- not pressing
12:15:50   on page 'other': C=FIRE  U=SRCH PILOT LOS  R=NO MSL  D=TRACKING  FU=HOLD FIRE  FR=TGT PILOT  FD=SRCH 9K113 LOS  FL=CM MENU
12:15:50     !! L does not offer "CLOSE" (shows "nil") -- not pressing
12:15:50   on page 'other': C=FIRE  U=SRCH PILOT LOS  R=NO MSL  D=TRACKING  FU=HOLD FIRE  FR=TGT PILOT  FD=SRCH 9K113 LOS  FL=CM MENU
12:15:50     !! L does not offer "CLOSE" (shows "nil") -- not pressing
12:15:50   on page 'other': C=FIRE  U=SRCH PILOT LOS  R=NO MSL  D=TRACKING  FU=HOLD FIRE  FR=TGT PILOT  FD=SRCH 9K113 LOS  FL=CM MENU
12:15:50     !! L does not offer "CLOSE" (shows "nil") -- not pressing
12:15:50   on page 'other': C=FIRE  U=SRCH PILOT LOS  R=NO MSL  D=TRACKING  FU=HOLD FIRE  FR=TGT PILOT  FD=SRCH 9K113 LOS  FL=CM MENU
12:15:50     !! L does not offer "CLOSE" (shows "nil") -- not pressing
12:15:50   on page 'other': C=FIRE  U=SRCH PILOT LOS  R=NO MSL  D=TRACKING  FU=HOLD FIRE  FR=TGT PILOT  FD=SRCH 9K113 LOS  FL=CM MENU
12:15:50     !! L does not offer "CLOSE" (shows "nil") -- not pressing
12:15:50   on page 'other': C=FIRE  U=SRCH PILOT LOS  R=NO MSL  D=TRACKING  FU=HOLD FIRE  FR=TGT PILOT  FD=SRCH 9K113 LOS  FL=CM MENU
12:15:50     !! L does not offer "CLOSE" (shows "nil") -- not pressing
12:15:50   on page 'other': C=FIRE  U=SRCH PILOT LOS  R=NO MSL  D=TRACKING  FU=HOLD FIRE  FR=TGT PILOT  FD=SRCH 9K113 LOS  FL=CM MENU
12:15:50     !! L does not offer "CLOSE" (shows "nil") -- not pressing
12:15:50   on page 'other': C=FIRE  U=SRCH PILOT LOS  R=NO MSL  D=TRACKING  FU=HOLD FIRE  FR=TGT PILOT  FD=SRCH 9K113 LOS  FL=CM MENU
12:15:50     !! L does not offer "CLOSE" (shows "nil") -- not pressing
12:15:50   on page 'other': C=FIRE  U=SRCH PILOT LOS  R=NO MSL  D=TRACKING  FU=HOLD FIRE  FR=TGT PILOT  FD=SRCH 9K113 LOS  FL=CM MENU
12:15:50     !! L does not offer "CLOSE" (shows "nil") -- not pressing
12:15:50   on page 'other': C=FIRE  U=SRCH PILOT LOS  R=NO MSL  D=TRACKING  FU=HOLD FIRE  FR=TGT PILOT  FD=SRCH 9K113 LOS  FL=CM MENU
12:15:50     !! L does not offer "CLOSE" (shows "nil") -- not pressing
12:15:50   on page 'other': C=FIRE  U=SRCH PILOT LOS  R=NO MSL  D=TRACKING  FU=HOLD FIRE  FR=TGT PILOT  FD=SRCH 9K113 LOS  FL=CM MENU
12:15:50     !! L does not offer "CLOSE" (shows "nil") -- not pressing
12:15:50   on page 'other': C=FIRE  U=SRCH PILOT LOS  R=NO MSL  D=TRACKING  FU=HOLD FIRE  FR=TGT PILOT  FD=SRCH 9K113 LOS  FL=CM MENU
12:15:50     !! L does not offer "CLOSE" (shows "nil") -- not pressing
12:15:50   on page 'other': C=FIRE  U=SRCH PILOT LOS  R=NO MSL  D=TRACKING  FU=HOLD FIRE  FR=TGT PILOT  FD=SRCH 9K113 LOS  FL=CM MENU
12:15:50     !! L does not offer "CLOSE" (shows "nil") -- not pressing
12:15:50   on page 'other': C=FIRE  U=SRCH PILOT LOS  R=NO MSL  D=TRACKING  FU=HOLD FIRE  FR=TGT PILOT  FD=SRCH 9K113 LOS  FL=CM MENU
12:15:50     !! L does not offer "CLOSE" (shows "nil") -- not pressing
12:15:50   on page 'other': C=FIRE  U=SRCH PILOT LOS  R=NO MSL  D=TRACKING  FU=HOLD FIRE  FR=TGT PILOT  FD=SRCH 9K113 LOS  FL=CM MENU
12:15:50     !! L does not offer "CLOSE" (shows "nil") -- not pressing
12:15:50   on page 'other': C=FIRE  U=SRCH PILOT LOS  R=NO MSL  D=TRACKING  FU=HOLD FIRE  FR=TGT PILOT  FD=SRCH 9K113 LOS  FL=CM MENU
12:15:50     !! L does not offer "CLOSE" (shows "nil") -- not pressing
12:15:50   on page 'other': C=FIRE  U=SRCH PILOT LOS  R=NO MSL  D=TRACKING  FU=HOLD FIRE  FR=TGT PILOT  FD=SRCH 9K113 LOS  FL=CM MENU
12:15:50     !! L does not offer "CLOSE" (shows "nil") -- not pressing
12:15:50   on page 'other': C=FIRE  U=SRCH PILOT LOS  R=NO MSL  D=TRACKING  FU=HOLD FIRE  FR=TGT PILOT  FD=SRCH 9K113 LOS  FL=CM MENU
12:15:50     !! L does not offer "CLOSE" (shows "nil") -- not pressing
12:15:50   on page 'other': C=FIRE  U=SRCH PILOT LOS  R=NO MSL  D=TRACKING  FU=HOLD FIRE  FR=TGT PILOT  FD=SRCH 9K113 LOS  FL=CM MENU
12:15:50     !! L does not offer "CLOSE" (shows "nil") -- not pressing
12:15:50   on page 'other': C=FIRE  U=SRCH PILOT LOS  R=NO MSL  D=TRACKING  FU=HOLD FIRE  FR=TGT PILOT  FD=SRCH 9K113 LOS  FL=CM MENU
12:15:50     !! L does not offer "CLOSE" (shows "nil") -- not pressing
12:15:50   on page 'other': C=FIRE  U=SRCH PILOT LOS  R=NO MSL  D=TRACKING  FU=HOLD FIRE  FR=TGT PILOT  FD=SRCH 9K113 LOS  FL=CM MENU
12:15:50     !! L does not offer "CLOSE" (shows "nil") -- not pressing
12:15:50   on page 'other': C=FIRE  U=SRCH PILOT LOS  R=NO MSL  D=TRACKING  FU=HOLD FIRE  FR=TGT PILOT  FD=SRCH 9K113 LOS  FL=CM MENU
12:15:50     !! L does not offer "CLOSE" (shows "nil") -- not pressing
12:15:50   on page 'other': C=FIRE  U=SRCH PILOT LOS  R=NO MSL  D=TRACKING  FU=HOLD FIRE  FR=TGT PILOT  FD=SRCH 9K113 LOS  FL=CM MENU
12:15:50     !! L does not offer "CLOSE" (shows "nil") -- not pressing
12:15:50   on page 'other': C=FIRE  U=SRCH PILOT LOS  R=NO MSL  D=TRACKING  FU=HOLD FIRE  FR=TGT PILOT  FD=SRCH 9K113 LOS  FL=CM MENU
12:15:50     !! L does not offer "CLOSE" (shows "nil") -- not pressing
12:15:50   on page 'other': C=FIRE  U=SRCH PILOT LOS  R=NO MSL  D=TRACKING  FU=HOLD FIRE  FR=TGT PILOT  FD=SRCH 9K113 LOS  FL=CM MENU
12:15:50     !! L does not offer "CLOSE" (shows "nil") -- not pressing
12:15:50   on page 'other': C=FIRE  U=SRCH PILOT LOS  R=NO MSL  D=TRACKING  FU=HOLD FIRE  FR=TGT PILOT  FD=SRCH 9K113 LOS  FL=CM MENU
12:15:50     !! L does not offer "CLOSE" (shows "nil") -- not pressing
12:15:50   on page 'other': C=FIRE  U=SRCH PILOT LOS  R=NO MSL  D=TRACKING  FU=HOLD FIRE  FR=TGT PILOT  FD=SRCH 9K113 LOS  FL=CM MENU
12:15:50     !! L does not offer "CLOSE" (shows "nil") -- not pressing
12:15:50   on page 'other': C=FIRE  U=SRCH PILOT LOS  R=NO MSL  D=TRACKING  FU=HOLD FIRE  FR=TGT PILOT  FD=SRCH 9K113 LOS  FL=CM MENU
12:15:50     !! L does not offer "CLOSE" (shows "nil") -- not pressing
12:15:50   on page 'other': C=FIRE  U=SRCH PILOT LOS  R=NO MSL  D=TRACKING  FU=HOLD FIRE  FR=TGT PILOT  FD=SRCH 9K113 LOS  FL=CM MENU
12:15:50     !! L does not offer "CLOSE" (shows "nil") -- not pressing
12:15:50   on page 'other': C=FIRE  U=SRCH PILOT LOS  R=NO MSL  D=TRACKING  FU=HOLD FIRE  FR=TGT PILOT  FD=SRCH 9K113 LOS  FL=CM MENU
12:15:50     !! L does not offer "CLOSE" (shows "nil") -- not pressing
12:15:50   on page 'other': C=FIRE  U=SRCH PILOT LOS  R=NO MSL  D=TRACKING  FU=HOLD FIRE  FR=TGT PILOT  FD=SRCH 9K113 LOS  FL=CM MENU
12:15:50     !! L does not offer "CLOSE" (shows "nil") -- not pressing
12:15:50   on page 'other': C=FIRE  U=SRCH PILOT LOS  R=NO MSL  D=TRACKING  FU=HOLD FIRE  FR=TGT PILOT  FD=SRCH 9K113 LOS  FL=CM MENU
12:15:50     !! L does not offer "CLOSE" (shows "nil") -- not pressing
12:15:50   on page 'other': C=FIRE  U=SRCH PILOT LOS  R=NO MSL  D=TRACKING  FU=HOLD FIRE  FR=TGT PILOT  FD=SRCH 9K113 LOS  FL=CM MENU
12:15:50     !! L does not offer "CLOSE" (shows "nil") -- not pressing
12:15:50   on page 'other': C=FIRE  U=SRCH PILOT LOS  R=NO MSL  D=TRACKING  FU=HOLD FIRE  FR=TGT PILOT  FD=SRCH 9K113 LOS  FL=CM MENU
12:15:50     !! L does not offer "CLOSE" (shows "nil") -- not pressing
12:15:50   on page 'other': C=FIRE  U=SRCH PILOT LOS  R=NO MSL  D=TRACKING  FU=HOLD FIRE  FR=TGT PILOT  FD=SRCH 9K113 LOS  FL=CM MENU
12:15:50     !! L does not offer "CLOSE" (shows "nil") -- not pressing
12:15:50   on page 'other': C=FIRE  U=SRCH PILOT LOS  R=NO MSL  D=TRACKING  FU=HOLD FIRE  FR=TGT PILOT  FD=SRCH 9K113 LOS  FL=CM MENU
12:15:50     !! L does not offer "CLOSE" (shows "nil") -- not pressing
12:15:50   on page 'other': C=FIRE  U=SRCH PILOT LOS  R=NO MSL  D=TRACKING  FU=HOLD FIRE  FR=TGT PILOT  FD=SRCH 9K113 LOS  FL=CM MENU
12:15:50     !! L does not offer "CLOSE" (shows "nil") -- not pressing
12:15:50   on page 'other': C=FIRE  U=SRCH PILOT LOS  R=NO MSL  D=TRACKING  FU=HOLD FIRE  FR=TGT PILOT  FD=SRCH 9K113 LOS  FL=CM MENU
12:15:50     !! L does not offer "CLOSE" (shows "nil") -- not pressing
12:15:50   on page 'other': C=FIRE  U=SRCH PILOT LOS  R=NO MSL  D=TRACKING  FU=HOLD FIRE  FR=TGT PILOT  FD=SRCH 9K113 LOS  FL=CM MENU
12:15:50     !! L does not offer "CLOSE" (shows "nil") -- not pressing
12:15:50   on page 'other': C=FIRE  U=SRCH PILOT LOS  R=NO MSL  D=TRACKING  FU=HOLD FIRE  FR=TGT PILOT  FD=SRCH 9K113 LOS  FL=CM MENU
12:15:50     !! L does not offer "CLOSE" (shows "nil") -- not pressing
12:15:50   on page 'other': C=FIRE  U=SRCH PILOT LOS  R=NO MSL  D=TRACKING  FU=HOLD FIRE  FR=TGT PILOT  FD=SRCH 9K113 LOS  FL=CM MENU
12:15:50     !! L does not offer "CLOSE" (shows "nil") -- not pressing
12:15:51   on page 'other': C=FIRE  U=SRCH PILOT LOS  R=NO MSL  D=TRACKING  FU=HOLD FIRE  FR=TGT PILOT  FD=SRCH 9K113 LOS  FL=CM MENU
12:15:51     !! L does not offer "CLOSE" (shows "nil") -- not pressing
12:15:51   on page 'other': C=FIRE  U=SRCH PILOT LOS  R=NO MSL  D=TRACKING  FU=HOLD FIRE  FR=TGT PILOT  FD=SRCH 9K113 LOS  FL=CM MENU
12:15:51     !! L does not offer "CLOSE" (shows "nil") -- not pressing
12:15:51   on page 'other': C=FIRE  U=SRCH PILOT LOS  R=NO MSL  D=TRACKING  FU=HOLD FIRE  FR=TGT PILOT  FD=SRCH 9K113 LOS  FL=CM MENU
12:15:51     !! L does not offer "CLOSE" (shows "nil") -- not pressing
12:15:51   on page 'other': C=FIRE  U=SRCH PILOT LOS  R=NO MSL  D=TRACKING  FU=HOLD FIRE  FR=TGT PILOT  FD=SRCH 9K113 LOS  FL=CM MENU
12:15:51     !! L does not offer "CLOSE" (shows "nil") -- not pressing
12:15:51   on page 'other': C=FIRE  U=SRCH PILOT LOS  R=NO MSL  D=TRACKING  FU=HOLD FIRE  FR=TGT PILOT  FD=SRCH 9K113 LOS  FL=CM MENU
12:15:51     !! L does not offer "CLOSE" (shows "nil") -- not pressing
12:15:51   on page 'other': C=FIRE  U=SRCH PILOT LOS  R=NO MSL  D=TRACKING  FU=HOLD FIRE  FR=TGT PILOT  FD=SRCH 9K113 LOS  FL=CM MENU
12:15:51     !! L does not offer "CLOSE" (shows "nil") -- not pressing
12:15:51   on page 'other': C=FIRE  U=SRCH PILOT LOS  R=NO MSL  D=TRACKING  FU=HOLD FIRE  FR=TGT PILOT  FD=SRCH 9K113 LOS  FL=CM MENU
12:15:51     !! L does not offer "CLOSE" (shows "nil") -- not pressing
12:15:51   on page 'other': C=FIRE  U=SRCH PILOT LOS  R=NO MSL  D=TRACKING  FU=HOLD FIRE  FR=TGT PILOT  FD=SRCH 9K113 LOS  FL=CM MENU
12:15:51     !! L does not offer "CLOSE" (shows "nil") -- not pressing
12:15:51   on page 'other': C=FIRE  U=SRCH PILOT LOS  R=NO MSL  D=TRACKING  FU=HOLD FIRE  FR=TGT PILOT  FD=SRCH 9K113 LOS  FL=CM MENU
12:15:51     !! L does not offer "CLOSE" (shows "nil") -- not pressing
12:15:51   on page 'other': C=FIRE  U=SRCH PILOT LOS  R=NO MSL  D=TRACKING  FU=HOLD FIRE  FR=TGT PILOT  FD=SRCH 9K113 LOS  FL=CM MENU
12:15:51     !! L does not offer "CLOSE" (shows "nil") -- not pressing
12:15:51   on page 'other': C=FIRE  U=SRCH PILOT LOS  R=NO MSL  D=TRACKING  FU=HOLD FIRE  FR=TGT PILOT  FD=SRCH 9K113 LOS  FL=CM MENU
12:15:51     !! L does not offer "CLOSE" (shows "nil") -- not pressing
12:15:51   on page 'other': C=FIRE  U=SRCH PILOT LOS  R=NO MSL  D=TRACKING  FU=HOLD FIRE  FR=TGT PILOT  FD=SRCH 9K113 LOS  FL=CM MENU
12:15:51     !! L does not offer "CLOSE" (shows "nil") -- not pressing
12:15:51   on page 'other': C=FIRE  U=SRCH PILOT LOS  R=NO MSL  D=TRACKING  FU=HOLD FIRE  FR=TGT PILOT  FD=SRCH 9K113 LOS  FL=CM MENU
12:15:51     !! L does not offer "CLOSE" (shows "nil") -- not pressing
12:15:51   on page 'other': C=FIRE  U=SRCH PILOT LOS  R=NO MSL  D=TRACKING  FU=HOLD FIRE  FR=TGT PILOT  FD=SRCH 9K113 LOS  FL=CM MENU
12:15:51     !! L does not offer "CLOSE" (shows "nil") -- not pressing
12:15:51   on page 'other': C=FIRE  U=SRCH PILOT LOS  R=NO MSL  D=TRACKING  FU=HOLD FIRE  FR=TGT PILOT  FD=SRCH 9K113 LOS  FL=CM MENU
12:15:51     !! L does not offer "CLOSE" (shows "nil") -- not pressing
12:15:51   on page 'other': C=FIRE  U=SRCH PILOT LOS  R=NO MSL  D=TRACKING  FU=HOLD FIRE  FR=TGT PILOT  FD=SRCH 9K113 LOS  FL=CM MENU
12:15:51     !! L does not offer "CLOSE" (shows "nil") -- not pressing
12:15:51   on page 'other': C=FIRE  U=SRCH PILOT LOS  R=NO MSL  D=TRACKING  FU=HOLD FIRE  FR=TGT PILOT  FD=SRCH 9K113 LOS  FL=CM MENU
12:15:51     !! L does not offer "CLOSE" (shows "nil") -- not pressing
12:15:51   on page 'other': C=FIRE  U=SRCH PILOT LOS  R=NO MSL  D=TRACKING  FU=HOLD FIRE  FR=TGT PILOT  FD=SRCH 9K113 LOS  FL=CM MENU
12:15:51     !! L does not offer "CLOSE" (shows "nil") -- not pressing
12:15:51   on page 'other': C=FIRE  U=SRCH PILOT LOS  R=NO MSL  D=TRACKING  FU=HOLD FIRE  FR=TGT PILOT  FD=SRCH 9K113 LOS  FL=CM MENU
12:15:51     !! L does not offer "CLOSE" (shows "nil") -- not pressing
12:15:51   on page 'other': C=FIRE  U=SRCH PILOT LOS  R=NO MSL  D=TRACKING  FU=HOLD FIRE  FR=TGT PILOT  FD=SRCH 9K113 LOS  FL=CM MENU
12:15:51     !! L does not offer "CLOSE" (shows "nil") -- not pressing
12:15:51   on page 'other': C=FIRE  U=SRCH PILOT LOS  R=NO MSL  D=TRACKING  FU=HOLD FIRE  FR=TGT PILOT  FD=SRCH 9K113 LOS  FL=CM MENU
12:15:51     !! L does not offer "CLOSE" (shows "nil") -- not pressing
12:15:51   on page 'other': C=FIRE  U=SRCH PILOT LOS  R=NO MSL  D=TRACKING  FU=HOLD FIRE  FR=TGT PILOT  FD=SRCH 9K113 LOS  FL=CM MENU
12:15:51     !! L does not offer "CLOSE" (shows "nil") -- not pressing
12:15:51   on page 'other': C=FIRE  U=SRCH PILOT LOS  R=NO MSL  D=TRACKING  FU=HOLD FIRE  FR=TGT PILOT  FD=SRCH 9K113 LOS  FL=CM MENU
12:15:51     !! L does not offer "CLOSE" (shows "nil") -- not pressing
12:15:51   on page 'other': C=FIRE  U=SRCH PILOT LOS  R=NO MSL  D=TRACKING  FU=HOLD FIRE  FR=TGT PILOT  FD=SRCH 9K113 LOS  FL=CM MENU
12:15:51     !! L does not offer "CLOSE" (shows "nil") -- not pressing
12:15:51   on page 'other': C=FIRE  U=SRCH PILOT LOS  R=NO MSL  D=TRACKING  FU=HOLD FIRE  FR=TGT PILOT  FD=SRCH 9K113 LOS  FL=CM MENU
12:15:51     !! L does not offer "CLOSE" (shows "nil") -- not pressing
12:15:51   on page 'other': C=FIRE  U=SRCH PILOT LOS  R=NO MSL  D=TRACKING  FU=HOLD FIRE  FR=TGT PILOT  FD=SRCH 9K113 LOS  FL=CM MENU
12:15:51     !! L does not offer "CLOSE" (shows "nil") -- not pressing
12:15:51   on page 'other': C=FIRE  U=SRCH PILOT LOS  R=NO MSL  D=TRACKING  FU=HOLD FIRE  FR=TGT PILOT  FD=SRCH 9K113 LOS  FL=CM MENU
12:15:51     !! L does not offer "CLOSE" (shows "nil") -- not pressing
12:15:51   on page 'other': C=FIRE  U=SRCH PILOT LOS  R=NO MSL  D=TRACKING  FU=HOLD FIRE  FR=TGT PILOT  FD=SRCH 9K113 LOS  FL=CM MENU
12:15:51     !! L does not offer "CLOSE" (shows "nil") -- not pressing
12:15:51   on page 'other': C=FIRE  U=SRCH PILOT LOS  R=NO MSL  D=TRACKING  FU=HOLD FIRE  FR=TGT PILOT  FD=SRCH 9K113 LOS  FL=CM MENU
12:15:51     !! L does not offer "CLOSE" (shows "nil") -- not pressing
12:15:51   on page 'other': C=FIRE  U=SRCH PILOT LOS  R=NO MSL  D=TRACKING  FU=HOLD FIRE  FR=TGT PILOT  FD=SRCH 9K113 LOS  FL=CM MENU
12:15:51     !! L does not offer "CLOSE" (shows "nil") -- not pressing
12:15:51   on page 'other': C=FIRE  U=SRCH PILOT LOS  R=NO MSL  D=TRACKING  FU=HOLD FIRE  FR=TGT PILOT  FD=SRCH 9K113 LOS  FL=CM MENU
12:15:51     !! L does not offer "CLOSE" (shows "nil") -- not pressing
12:15:51   on page 'other': C=FIRE  U=SRCH PILOT LOS  R=NO MSL  D=TRACKING  FU=HOLD FIRE  FR=TGT PILOT  FD=SRCH 9K113 LOS  FL=CM MENU
12:15:51     !! L does not offer "CLOSE" (shows "nil") -- not pressing
12:15:51   on page 'other': C=FIRE  U=SRCH PILOT LOS  R=NO MSL  D=TRACKING  FU=HOLD FIRE  FR=TGT PILOT  FD=SRCH 9K113 LOS  FL=CM MENU
12:15:51     !! L does not offer "CLOSE" (shows "nil") -- not pressing
12:15:51   on page 'other': C=FIRE  U=SRCH PILOT LOS  R=NO MSL  D=TRACKING  FU=HOLD FIRE  FR=TGT PILOT  FD=SRCH 9K113 LOS  FL=CM MENU
12:15:51     !! L does not offer "CLOSE" (shows "nil") -- not pressing
12:15:51   on page 'other': C=FIRE  U=SRCH PILOT LOS  R=NO MSL  D=TRACKING  FU=HOLD FIRE  FR=TGT PILOT  FD=SRCH 9K113 LOS  FL=CM MENU
12:15:51     !! L does not offer "CLOSE" (shows "nil") -- not pressing
12:15:51   on page 'other': C=FIRE  U=SRCH PILOT LOS  R=NO MSL  D=TRACKING  FU=HOLD FIRE  FR=TGT PILOT  FD=SRCH 9K113 LOS  FL=CM MENU
12:15:51     !! L does not offer "CLOSE" (shows "nil") -- not pressing
12:15:51   on page 'other': C=FIRE  U=SRCH PILOT LOS  R=NO MSL  D=TRACKING  FU=HOLD FIRE  FR=TGT PILOT  FD=SRCH 9K113 LOS  FL=CM MENU
12:15:51     !! L does not offer "CLOSE" (shows "nil") -- not pressing
12:15:51   on page 'other': C=FIRE  U=SRCH PILOT LOS  R=NO MSL  D=TRACKING  FU=HOLD FIRE  FR=TGT PILOT  FD=SRCH 9K113 LOS  FL=CM MENU
12:15:51     !! L does not offer "CLOSE" (shows "nil") -- not pressing
12:15:51   on page 'other': C=FIRE  U=SRCH PILOT LOS  R=NO MSL  D=TRACKING  FU=HOLD FIRE  FR=TGT PILOT  FD=SRCH 9K113 LOS  FL=CM MENU
12:15:51     !! L does not offer "CLOSE" (shows "nil") -- not pressing
12:15:51   on page 'other': C=FIRE  U=SRCH PILOT LOS  R=NO MSL  D=TRACKING  FU=HOLD FIRE  FR=TGT PILOT  FD=SRCH 9K113 LOS  FL=CM MENU
12:15:51     !! L does not offer "CLOSE" (shows "nil") -- not pressing
12:15:51   on page 'other': C=FIRE  U=SRCH PILOT LOS  R=NO MSL  D=TRACKING  FU=HOLD FIRE  FR=TGT PILOT  FD=SRCH 9K113 LOS  FL=CM MENU
12:15:51     !! L does not offer "CLOSE" (shows "nil") -- not pressing
12:15:51   on page 'other': C=FIRE  U=SRCH PILOT LOS  R=NO MSL  D=TRACKING  FU=HOLD FIRE  FR=TGT PILOT  FD=SRCH 9K113 LOS  FL=CM MENU
12:15:51     !! L does not offer "CLOSE" (shows "nil") -- not pressing
12:15:51   on page 'other': C=FIRE  U=SRCH PILOT LOS  R=NO MSL  D=TRACKING  FU=HOLD FIRE  FR=TGT PILOT  FD=SRCH 9K113 LOS  FL=CM MENU
12:15:51     !! L does not offer "CLOSE" (shows "nil") -- not pressing
12:15:51   on page 'other': C=FIRE  U=SRCH PILOT LOS  R=NO MSL  D=TRACKING  FU=HOLD FIRE  FR=TGT PILOT  FD=SRCH 9K113 LOS  FL=CM MENU
12:15:51     !! L does not offer "CLOSE" (shows "nil") -- not pressing
12:15:51   on page 'other': C=FIRE  U=SRCH PILOT LOS  R=NO MSL  D=TRACKING  FU=HOLD FIRE  FR=TGT PILOT  FD=SRCH 9K113 LOS  FL=CM MENU
12:15:51     !! L does not offer "CLOSE" (shows "nil") -- not pressing
12:15:51   on page 'other': C=FIRE  U=SRCH PILOT LOS  R=NO MSL  D=TRACKING  FU=HOLD FIRE  FR=TGT PILOT  FD=SRCH 9K113 LOS  FL=CM MENU
12:15:51     !! L does not offer "CLOSE" (shows "nil") -- not pressing
12:15:51   on page 'other': C=FIRE  U=SRCH PILOT LOS  R=NO MSL  D=TRACKING  FU=HOLD FIRE  FR=TGT PILOT  FD=SRCH 9K113 LOS  FL=CM MENU
12:15:51     !! L does not offer "CLOSE" (shows "nil") -- not pressing
12:15:51   on page 'other': C=FIRE  U=SRCH PILOT LOS  R=NO MSL  D=TRACKING  FU=HOLD FIRE  FR=TGT PILOT  FD=SRCH 9K113 LOS  FL=CM MENU
12:15:51     !! L does not offer "CLOSE" (shows "nil") -- not pressing
12:15:51   on page 'other': C=FIRE  U=SRCH PILOT LOS  R=NO MSL  D=TRACKING  FU=HOLD FIRE  FR=TGT PILOT  FD=SRCH 9K113 LOS  FL=CM MENU
12:15:51     !! L does not offer "CLOSE" (shows "nil") -- not pressing
12:15:51   on page 'other': C=FIRE  U=SRCH PILOT LOS  R=NO MSL  D=TRACKING  FU=HOLD FIRE  FR=TGT PILOT  FD=SRCH 9K113 LOS  FL=CM MENU
12:15:51     !! L does not offer "CLOSE" (shows "nil") -- not pressing
12:15:51   on page 'other': C=FIRE  U=SRCH PILOT LOS  R=NO MSL  D=TRACKING  FU=HOLD FIRE  FR=TGT PILOT  FD=SRCH 9K113 LOS  FL=CM MENU
12:15:51     !! L does not offer "CLOSE" (shows "nil") -- not pressing
12:15:51   on page 'other': C=FIRE  U=SRCH PILOT LOS  R=NO MSL  D=TRACKING  FU=HOLD FIRE  FR=TGT PILOT  FD=SRCH 9K113 LOS  FL=CM MENU
12:15:51     !! L does not offer "CLOSE" (shows "nil") -- not pressing
12:15:51   on page 'other': C=FIRE  U=SRCH PILOT LOS  R=NO MSL  D=TRACKING  FU=HOLD FIRE  FR=TGT PILOT  FD=SRCH 9K113 LOS  FL=CM MENU
12:15:51     !! L does not offer "CLOSE" (shows "nil") -- not pressing
12:15:51   on page 'other': C=FIRE  U=SRCH PILOT LOS  R=NO MSL  D=TRACKING  FU=HOLD FIRE  FR=TGT PILOT  FD=SRCH 9K113 LOS  FL=CM MENU
12:15:51     !! L does not offer "CLOSE" (shows "nil") -- not pressing
12:15:51   on page 'other': C=FIRE  U=SRCH PILOT LOS  R=NO MSL  D=TRACKING  FU=HOLD FIRE  FR=TGT PILOT  FD=SRCH 9K113 LOS  FL=CM MENU
12:15:51     !! L does not offer "CLOSE" (shows "nil") -- not pressing
12:15:51   on page 'other': C=FIRE  U=SRCH PILOT LOS  R=NO MSL  D=TRACKING  FU=HOLD FIRE  FR=TGT PILOT  FD=SRCH 9K113 LOS  FL=CM MENU
12:15:51     !! L does not offer "CLOSE" (shows "nil") -- not pressing
12:15:51   on page 'other': C=FIRE  U=SRCH PILOT LOS  R=NO MSL  D=TRACKING  FU=HOLD FIRE  FR=TGT PILOT  FD=SRCH 9K113 LOS  FL=CM MENU
12:15:51     !! L does not offer "CLOSE" (shows "nil") -- not pressing
12:15:51   on page 'other': C=FIRE  U=SRCH PILOT LOS  R=NO MSL  D=TRACKING  FU=HOLD FIRE  FR=TGT PILOT  FD=SRCH 9K113 LOS  FL=CM MENU
12:15:51     !! L does not offer "CLOSE" (shows "nil") -- not pressing
12:15:51   on page 'other': C=FIRE  U=SRCH PILOT LOS  R=NO MSL  D=TRACKING  FU=HOLD FIRE  FR=TGT PILOT  FD=SRCH 9K113 LOS  FL=CM MENU
12:15:51     !! L does not offer "CLOSE" (shows "nil") -- not pressing
12:15:51   on page 'other': C=FIRE  U=SRCH PILOT LOS  R=NO MSL  D=TRACKING  FU=HOLD FIRE  FR=TGT PILOT  FD=SRCH 9K113 LOS  FL=CM MENU
12:15:51     !! L does not offer "CLOSE" (shows "nil") -- not pressing
12:15:51   on page 'other': C=FIRE  U=SRCH PILOT LOS  R=NO MSL  D=TRACKING  FU=HOLD FIRE  FR=TGT PILOT  FD=SRCH 9K113 LOS  FL=CM MENU
12:15:51     !! L does not offer "CLOSE" (shows "nil") -- not pressing
12:15:51   on page 'other': C=FIRE  U=SRCH PILOT LOS  R=NO MSL  D=TRACKING  FU=HOLD FIRE  FR=TGT PILOT  FD=SRCH 9K113 LOS  FL=CM MENU
12:15:51     !! L does not offer "CLOSE" (shows "nil") -- not pressing
12:15:51   on page 'other': C=FIRE  U=SRCH PILOT LOS  R=NO MSL  D=TRACKING  FU=HOLD FIRE  FR=TGT PILOT  FD=SRCH 9K113 LOS  FL=CM MENU
12:15:51     !! L does not offer "CLOSE" (shows "nil") -- not pressing
12:15:51   on page 'other': C=FIRE  U=SRCH PILOT LOS  R=NO MSL  D=TRACKING  FU=HOLD FIRE  FR=TGT PILOT  FD=SRCH 9K113 LOS  FL=CM MENU
12:15:51     !! L does not offer "CLOSE" (shows "nil") -- not pressing
12:15:51   on page 'other': C=FIRE  U=SRCH PILOT LOS  R=NO MSL  D=TRACKING  FU=HOLD FIRE  FR=TGT PILOT  FD=SRCH 9K113 LOS  FL=CM MENU
12:15:51     !! L does not offer "CLOSE" (shows "nil") -- not pressing
12:15:51   on page 'other': C=FIRE  U=SRCH PILOT LOS  R=NO MSL  D=TRACKING  FU=HOLD FIRE  FR=TGT PILOT  FD=SRCH 9K113 LOS  FL=CM MENU
12:15:51     !! L does not offer "CLOSE" (shows "nil") -- not pressing
12:15:51   on page 'other': C=FIRE  U=SRCH PILOT LOS  R=NO MSL  D=TRACKING  FU=HOLD FIRE  FR=TGT PILOT  FD=SRCH 9K113 LOS  FL=CM MENU
12:15:51     !! L does not offer "CLOSE" (shows "nil") -- not pressing
12:15:51   on page 'other': C=FIRE  U=SRCH PILOT LOS  R=NO MSL  D=TRACKING  FU=HOLD FIRE  FR=TGT PILOT  FD=SRCH 9K113 LOS  FL=CM MENU
12:15:51     !! L does not offer "CLOSE" (shows "nil") -- not pressing
12:15:51   on page 'other': C=FIRE  U=SRCH PILOT LOS  R=NO MSL  D=TRACKING  FU=HOLD FIRE  FR=TGT PILOT  FD=SRCH 9K113 LOS  FL=CM MENU
12:15:51     !! L does not offer "CLOSE" (shows "nil") -- not pressing
12:15:51   on page 'other': C=FIRE  U=SRCH PILOT LOS  R=NO MSL  D=TRACKING  FU=HOLD FIRE  FR=TGT PILOT  FD=SRCH 9K113 LOS  FL=CM MENU
12:15:51     !! L does not offer "CLOSE" (shows "nil") -- not pressing
12:15:51   on page 'other': C=FIRE  U=SRCH PILOT LOS  R=NO MSL  D=TRACKING  FU=HOLD FIRE  FR=TGT PILOT  FD=SRCH 9K113 LOS  FL=CM MENU
12:15:51     !! L does not offer "CLOSE" (shows "nil") -- not pressing
12:15:51   on page 'other': C=FIRE  U=SRCH PILOT LOS  R=NO MSL  D=TRACKING  FU=HOLD FIRE  FR=TGT PILOT  FD=SRCH 9K113 LOS  FL=CM MENU
12:15:51     !! L does not offer "CLOSE" (shows "nil") -- not pressing
12:15:51   on page 'other': C=FIRE  U=SRCH PILOT LOS  R=NO MSL  D=TRACKING  FU=HOLD FIRE  FR=TGT PILOT  FD=SRCH 9K113 LOS  FL=CM MENU
12:15:51     !! L does not offer "CLOSE" (shows "nil") -- not pressing
12:15:51   on page 'other': C=FIRE  U=SRCH PILOT LOS  R=NO MSL  D=TRACKING  FU=HOLD FIRE  FR=TGT PILOT  FD=SRCH 9K113 LOS  FL=CM MENU
12:15:51     !! L does not offer "CLOSE" (shows "nil") -- not pressing
12:15:51   on page 'other': C=FIRE  U=SRCH PILOT LOS  R=NO MSL  D=TRACKING  FU=HOLD FIRE  FR=TGT PILOT  FD=SRCH 9K113 LOS  FL=CM MENU
12:15:51     !! L does not offer "CLOSE" (shows "nil") -- not pressing
12:15:51   on page 'other': C=FIRE  U=SRCH PILOT LOS  R=NO MSL  D=TRACKING  FU=HOLD FIRE  FR=TGT PILOT  FD=SRCH 9K113 LOS  FL=CM MENU
12:15:51     !! L does not offer "CLOSE" (shows "nil") -- not pressing
12:15:51   on page 'other': C=FIRE  U=SRCH PILOT LOS  R=NO MSL  D=TRACKING  FU=HOLD FIRE  FR=TGT PILOT  FD=SRCH 9K113 LOS  FL=CM MENU
12:15:51     !! L does not offer "CLOSE" (shows "nil") -- not pressing
12:15:51   on page 'other': C=FIRE  U=SRCH PILOT LOS  R=NO MSL  D=TRACKING  FU=HOLD FIRE  FR=TGT PILOT  FD=SRCH 9K113 LOS  FL=CM MENU
12:15:51     !! L does not offer "CLOSE" (shows "nil") -- not pressing
12:15:52   on page 'other': C=FIRE  U=SRCH PILOT LOS  R=NO MSL  D=TRACKING  FU=HOLD FIRE  FR=TGT PILOT  FD=SRCH 9K113 LOS  FL=CM MENU
12:15:52     !! L does not offer "CLOSE" (shows "nil") -- not pressing
12:15:52   on page 'other': C=FIRE  U=SRCH PILOT LOS  R=NO MSL  D=TRACKING  FU=HOLD FIRE  FR=TGT PILOT  FD=SRCH 9K113 LOS  FL=CM MENU
12:15:52     !! L does not offer "CLOSE" (shows "nil") -- not pressing
12:15:52   on page 'other': C=FIRE  U=SRCH PILOT LOS  R=NO MSL  D=TRACKING  FU=HOLD FIRE  FR=TGT PILOT  FD=SRCH 9K113 LOS  FL=CM MENU
12:15:52     !! L does not offer "CLOSE" (shows "nil") -- not pressing
12:15:52   on page 'other': C=FIRE  U=SRCH PILOT LOS  R=NO MSL  D=TRACKING  FU=HOLD FIRE  FR=TGT PILOT  FD=SRCH 9K113 LOS  FL=CM MENU
12:15:52     !! L does not offer "CLOSE" (shows "nil") -- not pressing
12:15:52   on page 'other': C=FIRE  U=SRCH PILOT LOS  R=NO MSL  D=TRACKING  FU=HOLD FIRE  FR=TGT PILOT  FD=SRCH 9K113 LOS  FL=CM MENU
12:15:52     !! L does not offer "CLOSE" (shows "nil") -- not pressing
12:15:52   on page 'other': C=FIRE  U=SRCH PILOT LOS  R=NO MSL  D=TRACKING  FU=HOLD FIRE  FR=TGT PILOT  FD=SRCH 9K113 LOS  FL=CM MENU
12:15:52     !! L does not offer "CLOSE" (shows "nil") -- not pressing
12:15:52   on page 'other': C=FIRE  U=SRCH PILOT LOS  R=NO MSL  D=TRACKING  FU=HOLD FIRE  FR=TGT PILOT  FD=SRCH 9K113 LOS  FL=CM MENU
12:15:52     !! L does not offer "CLOSE" (shows "nil") -- not pressing
12:15:52   on page 'other': C=FIRE  U=SRCH PILOT LOS  R=NO MSL  D=TRACKING  FU=HOLD FIRE  FR=TGT PILOT  FD=SRCH 9K113 LOS  FL=CM MENU
12:15:52     !! L does not offer "CLOSE" (shows "nil") -- not pressing
12:15:52   on page 'other': C=FIRE  U=SRCH PILOT LOS  R=NO MSL  D=TRACKING  FU=HOLD FIRE  FR=TGT PILOT  FD=SRCH 9K113 LOS  FL=CM MENU
12:15:52     !! L does not offer "CLOSE" (shows "nil") -- not pressing
12:15:52   on page 'other': C=FIRE  U=SRCH PILOT LOS  R=NO MSL  D=TRACKING  FU=HOLD FIRE  FR=TGT PILOT  FD=SRCH 9K113 LOS  FL=CM MENU
12:15:52     !! L does not offer "CLOSE" (shows "nil") -- not pressing
12:15:52   on page 'other': C=FIRE  U=SRCH PILOT LOS  R=NO MSL  D=TRACKING  FU=HOLD FIRE  FR=TGT PILOT  FD=SRCH 9K113 LOS  FL=CM MENU
12:15:52     !! L does not offer "CLOSE" (shows "nil") -- not pressing
12:15:52   on page 'other': C=FIRE  U=SRCH PILOT LOS  R=NO MSL  D=TRACKING  FU=HOLD FIRE  FR=TGT PILOT  FD=SRCH 9K113 LOS  FL=CM MENU
12:15:52     !! L does not offer "CLOSE" (shows "nil") -- not pressing
12:15:52   on page 'other': C=FIRE  U=SRCH PILOT LOS  R=NO MSL  D=TRACKING  FU=HOLD FIRE  FR=TGT PILOT  FD=SRCH 9K113 LOS  FL=CM MENU
12:15:52     !! L does not offer "CLOSE" (shows "nil") -- not pressing
12:15:52   on page 'other': C=FIRE  U=SRCH PILOT LOS  R=NO MSL  D=TRACKING  FU=HOLD FIRE  FR=TGT PILOT  FD=SRCH 9K113 LOS  FL=CM MENU
12:15:52     !! L does not offer "CLOSE" (shows "nil") -- not pressing
12:15:52   on page 'other': C=FIRE  U=SRCH PILOT LOS  R=NO MSL  D=TRACKING  FU=HOLD FIRE  FR=TGT PILOT  FD=SRCH 9K113 LOS  FL=CM MENU
12:15:52     !! L does not offer "CLOSE" (shows "nil") -- not pressing
12:15:52   on page 'other': C=FIRE  U=SRCH PILOT LOS  R=NO MSL  D=TRACKING  FU=HOLD FIRE  FR=TGT PILOT  FD=SRCH 9K113 LOS  FL=CM MENU
12:15:52     !! L does not offer "CLOSE" (shows "nil") -- not pressing
12:15:52   on page 'other': C=FIRE  U=SRCH PILOT LOS  R=NO MSL  D=TRACKING  FU=HOLD FIRE  FR=TGT PILOT  FD=SRCH 9K113 LOS  FL=CM MENU
12:15:52     !! L does not offer "CLOSE" (shows "nil") -- not pressing
12:15:52   on page 'other': C=FIRE  U=SRCH PILOT LOS  R=NO MSL  D=TRACKING  FU=HOLD FIRE  FR=TGT PILOT  FD=SRCH 9K113 LOS  FL=CM MENU
12:15:52     !! L does not offer "CLOSE" (shows "nil") -- not pressing
12:15:52   on page 'other': C=FIRE  U=SRCH PILOT LOS  R=NO MSL  D=TRACKING  FU=HOLD FIRE  FR=TGT PILOT  FD=SRCH 9K113 LOS  FL=CM MENU
12:15:52     !! L does not offer "CLOSE" (shows "nil") -- not pressing
12:15:52   on page 'other': C=FIRE  U=SRCH PILOT LOS  R=NO MSL  D=TRACKING  FU=HOLD FIRE  FR=TGT PILOT  FD=SRCH 9K113 LOS  FL=CM MENU
12:15:52     !! L does not offer "CLOSE" (shows "nil") -- not pressing
12:15:52   on page 'other': C=FIRE  U=SRCH PILOT LOS  R=NO MSL  D=TRACKING  FU=HOLD FIRE  FR=TGT PILOT  FD=SRCH 9K113 LOS  FL=CM MENU
12:15:52     !! L does not offer "CLOSE" (shows "nil") -- not pressing
12:15:52   on page 'other': C=FIRE  U=SRCH PILOT LOS  R=NO MSL  D=TRACKING  FU=HOLD FIRE  FR=TGT PILOT  FD=SRCH 9K113 LOS  FL=CM MENU
12:15:52     !! L does not offer "CLOSE" (shows "nil") -- not pressing
12:15:52   on page 'other': C=FIRE  U=SRCH PILOT LOS  R=NO MSL  D=TRACKING  FU=HOLD FIRE  FR=TGT PILOT  FD=SRCH 9K113 LOS  FL=CM MENU
12:15:52     !! L does not offer "CLOSE" (shows "nil") -- not pressing
12:15:52   on page 'other': C=FIRE  U=SRCH PILOT LOS  R=NO MSL  D=TRACKING  FU=HOLD FIRE  FR=TGT PILOT  FD=SRCH 9K113 LOS  FL=CM MENU
12:15:52     !! L does not offer "CLOSE" (shows "nil") -- not pressing
12:15:52   on page 'other': C=FIRE  U=SRCH PILOT LOS  R=NO MSL  D=TRACKING  FU=HOLD FIRE  FR=TGT PILOT  FD=SRCH 9K113 LOS  FL=CM MENU
12:15:52     !! L does not offer "CLOSE" (shows "nil") -- not pressing
12:15:52   on page 'other': C=FIRE  U=SRCH PILOT LOS  R=NO MSL  D=TRACKING  FU=HOLD FIRE  FR=TGT PILOT  FD=SRCH 9K113 LOS  FL=CM MENU
12:15:52     !! L does not offer "CLOSE" (shows "nil") -- not pressing
12:15:52   ~ t=62 wheel: C=SRCH BRST | SRCH FWD  U=SRCH PILOT LOS  R=NO MSL  D=OBSERV. ON  FU=HOLD FIRE  FR=TGT PILOT  FD=SRCH 9K113 LOS  FL=CM MENU
12:15:52 
12:15:52 ========== round 1: PINNED ==========
12:15:52     wheel: C=SRCH BRST | SRCH FWD  U=SRCH PILOT LOS  R=NO MSL  D=OBSERV. ON  FU=HOLD FIRE  FR=TGT PILOT  FD=SRCH 9K113 LOS  FL=CM MENU
12:15:52     state=OBSERV. ON az=-0.2
12:15:52     press FD="SRCH 9K113"  [LONG press]  search along OUR pinned sight line
12:15:52   ~ t=62 wheel: C=SRCH BRST | SRCH FWD  U=SRCH PILOT LOS  R=NO MSL  D=OBSERV. OFF  FU=HOLD FIRE  FR=TGT PILOT  FL=CM MENU
12:15:54       -> C=SRCH BRST | SRCH FWD  U=SRCH PILOT LOS  R=NO MSL  D=OBSERV. OFF  FU=HOLD FIRE  FR=TGT PILOT  FL=CM MENU   [took effect, attempt 1]
12:16:19     ==> PINNED round 1: 0 distinct readings, state=OBSERV. OFF, az=+0.0
12:16:25   search page: C=SRCH BRST | SRCH FWD  U=SRCH PILOT LOS  R=NO MSL  D=OBSERV. OFF  FU=HOLD FIRE  FR=TGT PILOT  FL=CM MENU
12:16:25   starting search: centre LONG press -> "SRCH FWD"
12:16:25   ~ t=95 wheel: C=SRCH BRST | SRCH FWD  U=SRCH PILOT LOS  R=NO MSL  D=WAITING  FU=HOLD FIRE  FR=TGT PILOT  FL=CM MENU
12:16:26       -> C=SRCH BRST | SRCH FWD  U=SRCH PILOT LOS  R=NO MSL  D=WAITING  FU=HOLD FIRE  FR=TGT PILOT  FL=CM MENU   [NO EFFECT on that slot, attempt 1]
12:16:26 
12:16:26 ========== round 2: FREE ==========
12:16:26     wheel: C=SRCH BRST | SRCH FWD  U=SRCH PILOT LOS  R=NO MSL  D=WAITING  FU=HOLD FIRE  FR=TGT PILOT  FL=CM MENU
12:16:26     state=WAITING az=+0.0
12:16:26     press U="SRCH PILOT LOS"  [short press]  his own search, sight released
12:16:28       -> C=SRCH BRST | SRCH FWD  U=SRCH PILOT LOS  R=NO MSL  D=WAITING  FU=HOLD FIRE  FR=TGT PILOT  FL=CM MENU   [NO EFFECT on that slot, attempt 1]
12:16:35   ~ t=105 wheel: C=SRCH BRST | SRCH FWD  U=SRCH PILOT LOS  R=NO MSL  D=SEARCHING  FU=HOLD FIRE  FR=TGT PILOT  FD=SRCH 9K113 LOS  FL=CM MENU
12:16:37   ~ t=107 wheel: C=MARK TGT  U=PREV TGT  R=SELECT TGT  D=NEXT TGT  L=CLOSE LIST  FL=ALL TGTS
12:16:37     ==> enumerated 0 distinct entries in 1 scroll steps:
12:16:37     after action probes: az=-3.5  rows=nil  wheel=C=MARK TGT  U=PREV TGT  R=SELECT TGT  D=NEXT TGT  L=CLOSE LIST  FL=ALL TGTS
12:16:37     NOTE: scrolling moved the selection. Traversal wraps, so the
12:16:37           selection is wherever the walk stopped, not necessarily home.
12:16:37   ~ t=107 wheel: C=MARK TGT  U=PREV TGT  R=SELECT TGT  D=NEXT TGT  L=CLOSE LIST
12:16:37   ### t=107 indicator 6 RAW changed [619 bytes] page=target
12:16:37 -----------------------------------------
#1#

children are {
-----------------------------------------
crosshair

children are {
}
-----------------------------------------
middle_list_holder

children are {
-----------------------------------------
middle_list_text
Soldier AK
children are {
-----------------------------------------
upper_upper_list_text

-----------------------------------------
LeftCenter

-----------------------------------------
lower_list_text
ZIL heavy truck
-----------------------------------------
lower_lower_list_text

}
-----------------------------------------
middle_list_arrow

}
}

12:16:38   ### t=108 indicator 6 RAW changed [630 bytes] page=target
12:16:38 -----------------------------------------
#1#

children are {
-----------------------------------------
crosshair

children are {
}
-----------------------------------------
middle_list_holder

children are {
-----------------------------------------
middle_list_text
Soldier AK
children are {
-----------------------------------------
upper_upper_list_text

-----------------------------------------
LeftCenter
BTR-70
-----------------------------------------
lower_list_text
Soldier AK
-----------------------------------------
lower_lower_list_text
Soldier AK
}
-----------------------------------------
middle_list_arrow

}
}

12:16:53     ==> FREE round 2: 0 distinct readings, state=<not search page>, az=-32.7
12:16:59   target page up; closing the list to regain wheel control
12:16:59     press L="CLOSE"  [short press]  close list
12:16:59   ~ t=129 wheel: C=SRCH BRST | SRCH FWD  U=SRCH PILOT LOS  R=NO MSL  D=OBSERV. ON  FU=HOLD FIRE  FR=TGT PILOT  FD=SRCH 9K113 LOS  FL=CM MENU
12:16:59   ### t=129 indicator 6 RAW changed [134 bytes] page=search
12:16:59 -----------------------------------------
#1#

children are {
-----------------------------------------
crosshair

children are {
}
}

12:17:00       -> C=SRCH BRST | SRCH FWD  U=SRCH PILOT LOS  R=NO MSL  D=OBSERV. ON  FU=HOLD FIRE  FR=TGT PILOT  FD=SRCH 9K113 LOS  FL=CM MENU   [took effect, attempt 1]
12:17:00   search page: C=SRCH BRST | SRCH FWD  U=SRCH PILOT LOS  R=NO MSL  D=OBSERV. ON  FU=HOLD FIRE  FR=TGT PILOT  FD=SRCH 9K113 LOS  FL=CM MENU
12:17:00   SRCH 9K113 LOS is available: C=SRCH BRST | SRCH FWD  U=SRCH PILOT LOS  R=NO MSL  D=OBSERV. ON  FU=HOLD FIRE  FR=TGT PILOT  FD=SRCH 9K113 LOS  FL=CM MENU
12:17:00 
12:17:00 ========== round 3: PINNED ==========
12:17:00     wheel: C=SRCH BRST | SRCH FWD  U=SRCH PILOT LOS  R=NO MSL  D=OBSERV. ON  FU=HOLD FIRE  FR=TGT PILOT  FD=SRCH 9K113 LOS  FL=CM MENU
12:17:00     state=OBSERV. ON az=+0.0
12:17:00     press FD="SRCH 9K113"  [LONG press]  search along OUR pinned sight line
12:19:02 scan probe v2: stopped.
12:22:21 
12:22:21 #########################################################
12:22:21 SCAN PROBE v2 -- label-driven presses (bearing +0.0)
12:22:21 #########################################################
12:22:26   20s grace -- get level, targets ahead
12:22:47   ~ t=20 wheel: <closed>
12:22:47   ### t=20 indicator 6 RAW changed [64 bytes] page=closed
12:22:47 -----------------------------------------
#1#

children are {
}

12:22:47   wheel closed; opening
12:22:47   ~ t=20 wheel: C=SRCH BRST | SRCH FWD  U=SRCH PILOT LOS  R=NO MSL  D=OBSERV. OFF  FU=HOLD FIRE  FR=TGT PILOT  FL=CM MENU
12:22:47   ### t=20 indicator 6 RAW changed [134 bytes] page=search
12:22:47 -----------------------------------------
#1#

children are {
-----------------------------------------
crosshair

children are {
}
}

12:22:48       -> C=SRCH BRST | SRCH FWD  U=SRCH PILOT LOS  R=NO MSL  D=OBSERV. OFF  FU=HOLD FIRE  FR=TGT PILOT  FL=CM MENU   [NO EFFECT on that slot, attempt 1]
12:22:48   search page: C=SRCH BRST | SRCH FWD  U=SRCH PILOT LOS  R=NO MSL  D=OBSERV. OFF  FU=HOLD FIRE  FR=TGT PILOT  FL=CM MENU
12:22:48 
12:22:48 ========== CENTRE SLOT TEST (cmd 3015, AI Wheel - Center) ==========
12:22:48   centre offers: "SRCH BRST"  |  "SRCH FWD"
12:22:50   [1/2] centre LONG   (state before: OBSERV. OFF)
12:22:50   ~ t=24 wheel: C=SRCH BRST | SRCH FWD  U=SRCH PILOT LOS  R=NO MSL  D=WAITING  FU=HOLD FIRE  FR=TGT PILOT  FL=CM MENU
12:22:53         state OBSERV. OFF -> WAITING   <== CHANGED
12:22:53         wheel: C=SRCH BRST | SRCH FWD  U=SRCH PILOT LOS  R=NO MSL  D=WAITING  FU=HOLD FIRE  FR=TGT PILOT  FL=CM MENU
12:22:55   [2/2] centre SHORT   (state before: WAITING)
12:22:57         state WAITING -> WAITING   (no change)
12:22:57         wheel: C=SRCH BRST | SRCH FWD  U=SRCH PILOT LOS  R=NO MSL  D=WAITING  FU=HOLD FIRE  FR=TGT PILOT  FL=CM MENU
12:22:59   --- centre results ---
12:22:59     centre LONG : OBSERV. OFF -> WAITING
12:22:59     centre SHORT : WAITING -> WAITING   (no effect)
12:23:00   ~ t=34 wheel: C=MARK TGT  U=PREV TGT  R=SELECT TGT  D=NEXT TGT  L=CLOSE LIST  FL=ALL TGTS
12:23:00 
12:23:00 ========== LIST ENUMERATION (target page is up) ==========
12:23:00     will scroll with NEXT TGT, then probe MARK TGT and SELECT TGT
12:23:00     to establish what they do -- state-mutating, which is fine here.
12:23:00     press D="NEXT TGT"  [short press]  scrolling the list
12:23:01   ~ t=34 wheel: C=MARK TGT  U=PREV TGT  R=SELECT TGT  D=NEXT TGT  L=CLOSE LIST
12:23:01   ~ t=34 contacts: middle_list_text=T-55, upper_list_text=T62, lower_list_text=MTLB, lower_lower_list_text=T-90A  (state=<not search page> az=+1.8)
12:23:01   ### t=34 indicator 6 RAW changed [610 bytes] page=target
12:23:01 -----------------------------------------
#1#

children are {
-----------------------------------------
crosshair

children are {
}
-----------------------------------------
middle_list_holder

children are {
-----------------------------------------
middle_list_text
T-55
children are {
-----------------------------------------
upper_upper_list_text

-----------------------------------------
LeftCenter
T62
-----------------------------------------
lower_list_text
MTLB
-----------------------------------------
lower_lower_list_text
T-90A
}
-----------------------------------------
middle_list_arrow

}
}

12:23:02       -> C=MARK TGT  U=PREV TGT  R=SELECT TGT  D=NEXT TGT  L=CLOSE LIST   [NO EFFECT on that slot, attempt 1]
12:23:02   !! observation toggle had NO EFFECT (page=target)
12:23:02      Up/Down are probably being consumed by the contact list.
12:23:02     [list after step 1] rows: middle_list_text=T-55, upper_list_text=T62, lower_list_text=MTLB, lower_lower_list_text=T-90A
12:23:02     press D="NEXT TGT"  [short press]  scrolling the list
12:23:02   ~ t=35 contacts: middle_list_text=MTLB, upper_upper_list_text=T62, upper_list_text=T-55, lower_list_text=T-90A, lower_lower_list_text=T-72B  (state=<not search page> az=+0.2)
12:23:02   ### t=35 indicator 6 RAW changed [615 bytes] page=target
12:23:02 -----------------------------------------
#1#

children are {
-----------------------------------------
crosshair

children are {
}
-----------------------------------------
middle_list_holder

children are {
-----------------------------------------
middle_list_text
MTLB
children are {
-----------------------------------------
upper_upper_list_text
T62
-----------------------------------------
LeftCenter
T-55
-----------------------------------------
lower_list_text
T-90A
-----------------------------------------
lower_lower_list_text
T-72B
}
-----------------------------------------
middle_list_arrow

}
}

12:23:03       -> C=MARK TGT  U=PREV TGT  R=SELECT TGT  D=NEXT TGT  L=CLOSE LIST   [NO EFFECT on that slot, attempt 1]
12:23:03     [list after step 2] rows: middle_list_text=MTLB, upper_upper_list_text=T62, upper_list_text=T-55, lower_list_text=T-90A, lower_lower_list_text=T-72B
12:23:03     press D="NEXT TGT"  [short press]  scrolling the list
12:23:03   ~ t=36 contacts: middle_list_text=T-90A, upper_upper_list_text=T-55, upper_list_text=MTLB, lower_list_text=T-72B, lower_lower_list_text=BTR-80  (state=<not search page> az=+0.2)
12:23:03   ### t=36 indicator 6 RAW changed [618 bytes] page=target
12:23:03 -----------------------------------------
#1#

children are {
-----------------------------------------
crosshair

children are {
}
-----------------------------------------
middle_list_holder

children are {
-----------------------------------------
middle_list_text
T-90A
children are {
-----------------------------------------
upper_upper_list_text
T-55
-----------------------------------------
LeftCenter
MTLB
-----------------------------------------
lower_list_text
T-72B
-----------------------------------------
lower_lower_list_text
BTR-80
}
-----------------------------------------
middle_list_arrow

}
}

12:23:04       -> C=MARK TGT  U=PREV TGT  R=SELECT TGT  D=NEXT TGT  L=CLOSE LIST   [NO EFFECT on that slot, attempt 1]
12:23:04     [list after step 3] rows: middle_list_text=T-90A, upper_upper_list_text=T-55, upper_list_text=MTLB, lower_list_text=T-72B, lower_lower_list_text=BTR-80
12:23:04     press D="NEXT TGT"  [short press]  scrolling the list
12:23:04   ~ t=38 contacts: middle_list_text=T-72B, upper_upper_list_text=MTLB, upper_list_text=T-90A, lower_list_text=BTR-80, lower_lower_list_text=T-80U  (state=<not search page> az=+0.1)
12:23:04   ### t=38 indicator 6 RAW changed [619 bytes] page=target
12:23:04 -----------------------------------------
#1#

children are {
-----------------------------------------
crosshair

children are {
}
-----------------------------------------
middle_list_holder

children are {
-----------------------------------------
middle_list_text
T-72B
children are {
-----------------------------------------
upper_upper_list_text
MTLB
-----------------------------------------
LeftCenter
T-90A
-----------------------------------------
lower_list_text
BTR-80
-----------------------------------------
lower_lower_list_text
T-80U
}
-----------------------------------------
middle_list_arrow

}
}

12:23:05       -> C=MARK TGT  U=PREV TGT  R=SELECT TGT  D=NEXT TGT  L=CLOSE LIST   [NO EFFECT on that slot, attempt 1]
12:23:05     [list after step 4] rows: middle_list_text=T-72B, upper_upper_list_text=MTLB, upper_list_text=T-90A, lower_list_text=BTR-80, lower_lower_list_text=T-80U
12:23:05     press D="NEXT TGT"  [short press]  scrolling the list
12:23:06   ~ t=39 contacts: middle_list_text=BTR-80, upper_upper_list_text=T-90A, upper_list_text=T-72B, lower_list_text=T-80U, lower_lower_list_text=BMD-1  (state=<not search page> az=+0.2)
12:23:06   ### t=39 indicator 6 RAW changed [620 bytes] page=target
12:23:06 -----------------------------------------
#1#

children are {
-----------------------------------------
crosshair

children are {
}
-----------------------------------------
middle_list_holder

children are {
-----------------------------------------
middle_list_text
BTR-80
children are {
-----------------------------------------
upper_upper_list_text
T-90A
-----------------------------------------
LeftCenter
T-72B
-----------------------------------------
lower_list_text
T-80U
-----------------------------------------
lower_lower_list_text
BMD-1
}
-----------------------------------------
middle_list_arrow

}
}

12:23:07       -> C=MARK TGT  U=PREV TGT  R=SELECT TGT  D=NEXT TGT  L=CLOSE LIST   [NO EFFECT on that slot, attempt 1]
12:23:07     [list after step 5] rows: middle_list_text=BTR-80, upper_upper_list_text=T-90A, upper_list_text=T-72B, lower_list_text=T-80U, lower_lower_list_text=BMD-1
12:23:07     press D="NEXT TGT"  [short press]  scrolling the list
12:23:07   ~ t=40 contacts: middle_list_text=T-80U, upper_upper_list_text=T-72B, upper_list_text=BTR-80, lower_list_text=BMD-1  (state=<not search page> az=+0.2)
12:23:07   ### t=40 indicator 6 RAW changed [615 bytes] page=target
12:23:07 -----------------------------------------
#1#

children are {
-----------------------------------------
crosshair

children are {
}
-----------------------------------------
middle_list_holder

children are {
-----------------------------------------
middle_list_text
T-80U
children are {
-----------------------------------------
upper_upper_list_text
T-72B
-----------------------------------------
LeftCenter
BTR-80
-----------------------------------------
lower_list_text
BMD-1
-----------------------------------------
lower_lower_list_text

}
-----------------------------------------
middle_list_arrow

}
}

12:23:08       -> C=MARK TGT  U=PREV TGT  R=SELECT TGT  D=NEXT TGT  L=CLOSE LIST   [NO EFFECT on that slot, attempt 1]
12:23:08     [list after step 6] rows: middle_list_text=T-80U, upper_upper_list_text=T-72B, upper_list_text=BTR-80, lower_list_text=BMD-1
12:23:08     press D="NEXT TGT"  [short press]  scrolling the list
12:23:08   ~ t=41 contacts: middle_list_text=BMD-1, upper_upper_list_text=BTR-80, upper_list_text=T-80U  (state=<not search page> az=+0.2)
12:23:08   ### t=41 indicator 6 RAW changed [610 bytes] page=target
12:23:08 -----------------------------------------
#1#

children are {
-----------------------------------------
crosshair

children are {
}
-----------------------------------------
middle_list_holder

children are {
-----------------------------------------
middle_list_text
BMD-1
children are {
-----------------------------------------
upper_upper_list_text
BTR-80
-----------------------------------------
LeftCenter
T-80U
-----------------------------------------
lower_list_text

-----------------------------------------
lower_lower_list_text

}
-----------------------------------------
middle_list_arrow

}
}

12:23:09       -> C=MARK TGT  U=PREV TGT  R=SELECT TGT  D=NEXT TGT  L=CLOSE LIST   [NO EFFECT on that slot, attempt 1]
12:23:09     [list after step 7] rows: middle_list_text=BMD-1, upper_upper_list_text=BTR-80, upper_list_text=T-80U
12:23:09     press D="NEXT TGT"  [short press]  scrolling the list
12:23:09   ~ t=43 contacts: middle_list_text=T62, lower_list_text=T-55, lower_lower_list_text=MTLB  (state=<not search page> az=+0.2)
12:23:09   ### t=43 indicator 6 RAW changed [605 bytes] page=target
12:23:09 -----------------------------------------
#1#

children are {
-----------------------------------------
crosshair

children are {
}
-----------------------------------------
middle_list_holder

children are {
-----------------------------------------
middle_list_text
T62
children are {
-----------------------------------------
upper_upper_list_text

-----------------------------------------
LeftCenter

-----------------------------------------
lower_list_text
T-55
-----------------------------------------
lower_lower_list_text
MTLB
}
-----------------------------------------
middle_list_arrow

}
}

12:23:10       -> C=MARK TGT  U=PREV TGT  R=SELECT TGT  D=NEXT TGT  L=CLOSE LIST   [NO EFFECT on that slot, attempt 1]
12:23:10     [list after step 8] rows: middle_list_text=T62, lower_list_text=T-55, lower_lower_list_text=MTLB
12:23:10     press D="NEXT TGT"  [short press]  scrolling the list
12:23:10   ~ t=44 contacts: middle_list_text=T-55, upper_list_text=T62, lower_list_text=MTLB, lower_lower_list_text=T-90A  (state=<not search page> az=+0.2)
12:23:10   ### t=44 indicator 6 RAW changed [610 bytes] page=target
12:23:10 -----------------------------------------
#1#

children are {
-----------------------------------------
crosshair

children are {
}
-----------------------------------------
middle_list_holder

children are {
-----------------------------------------
middle_list_text
T-55
children are {
-----------------------------------------
upper_upper_list_text

-----------------------------------------
LeftCenter
T62
-----------------------------------------
lower_list_text
MTLB
-----------------------------------------
lower_lower_list_text
T-90A
}
-----------------------------------------
middle_list_arrow

}
}

12:23:11       -> C=MARK TGT  U=PREV TGT  R=SELECT TGT  D=NEXT TGT  L=CLOSE LIST   [NO EFFECT on that slot, attempt 1]
12:23:11     [list after step 9] rows: middle_list_text=T-55, upper_list_text=T62, lower_list_text=MTLB, lower_lower_list_text=T-90A
12:23:11     row-set already seen -> traversal has wrapped; full circle
12:23:13     -- probing MARK TGT -- unknown semantics --
12:23:13        before: az=+0.2  rows=middle_list_text=T-55, upper_list_text=T62, lower_list_text=MTLB, lower_lower_list_text=T-90A
12:23:13     press C="MARK"  [short press]  MARK TGT -- unknown semantics
12:23:14   ### t=47 indicator 6 RAW changed [763 bytes] page=target
12:23:14 -----------------------------------------
#1#

children are {
-----------------------------------------
crosshair

children are {
}
-----------------------------------------
middle_list_holder

children are {
-----------------------------------------
middle_list_text
T-55
children are {
-----------------------------------------
upper_upper_list_text

-----------------------------------------
LeftCenter
T62
-----------------------------------------
lower_list_text
MTLB
-----------------------------------------
lower_lower_list_text
T-90A
}
-----------------------------------------
middle_list_red_arrow

children are {
-----------------------------------------
middle_list_red_arrow_text
1
}
-----------------------------------------
middle_list_arrow

}
}

12:23:15       -> C=MARK TGT  U=PREV TGT  R=SELECT TGT  D=NEXT TGT  L=CLOSE LIST   [NO EFFECT on that slot, attempt 1]
12:23:17        after : az=+0.2  rows=middle_list_text=T-55, upper_list_text=T62, lower_list_text=MTLB, lower_lower_list_text=T-90A
12:23:17        delta : az +0.2 -> +0.2
12:23:19     -- probing SELECT TGT -- expect tracking --
12:23:19        before: az=+0.2  rows=middle_list_text=T-55, upper_list_text=T62, lower_list_text=MTLB, lower_lower_list_text=T-90A
12:23:19     press R="SELECT"  [short press]  SELECT TGT -- expect tracking
12:23:20   ~ t=53 wheel: C=FIRE  U=SRCH PILOT LOS  R=NO MSL  D=TRACKING  FU=HOLD FIRE  FR=TGT PILOT  FD=SRCH 9K113 LOS  FL=CM MENU
12:23:20   ~ t=53 contacts: nil  (state=<not search page> az=+0.2)
12:23:20   ### t=53 indicator 6 RAW changed [134 bytes] page=other
12:23:20 -----------------------------------------
#1#

children are {
-----------------------------------------
crosshair

children are {
}
}

12:23:21       -> C=FIRE  U=SRCH PILOT LOS  R=NO MSL  D=TRACKING  FU=HOLD FIRE  FR=TGT PILOT  FD=SRCH 9K113 LOS  FL=CM MENU   [took effect, attempt 1]
12:23:21   on page 'other': C=FIRE  U=SRCH PILOT LOS  R=NO MSL  D=TRACKING  FU=HOLD FIRE  FR=TGT PILOT  FD=SRCH 9K113 LOS  FL=CM MENU
12:23:21     !! L does not offer "CLOSE" (shows "nil") -- not pressing
12:23:21   on page 'other': C=FIRE  U=SRCH PILOT LOS  R=NO MSL  D=TRACKING  FU=HOLD FIRE  FR=TGT PILOT  FD=SRCH 9K113 LOS  FL=CM MENU
12:23:21     !! L does not offer "CLOSE" (shows "nil") -- not pressing
12:23:21   on page 'other': C=FIRE  U=SRCH PILOT LOS  R=NO MSL  D=TRACKING  FU=HOLD FIRE  FR=TGT PILOT  FD=SRCH 9K113 LOS  FL=CM MENU
12:23:21     !! L does not offer "CLOSE" (shows "nil") -- not pressing
12:23:21   on page 'other': C=FIRE  U=SRCH PILOT LOS  R=NO MSL  D=TRACKING  FU=HOLD FIRE  FR=TGT PILOT  FD=SRCH 9K113 LOS  FL=CM MENU
12:23:21     !! L does not offer "CLOSE" (shows "nil") -- not pressing
12:23:21   on page 'other': C=FIRE  U=SRCH PILOT LOS  R=NO MSL  D=TRACKING  FU=HOLD FIRE  FR=TGT PILOT  FD=SRCH 9K113 LOS  FL=CM MENU
12:23:21     !! L does not offer "CLOSE" (shows "nil") -- not pressing
12:23:21   on page 'other': C=FIRE  U=SRCH PILOT LOS  R=NO MSL  D=TRACKING  FU=HOLD FIRE  FR=TGT PILOT  FD=SRCH 9K113 LOS  FL=CM MENU
12:23:21     !! L does not offer "CLOSE" (shows "nil") -- not pressing
12:23:21   on page 'other': C=FIRE  U=SRCH PILOT LOS  R=NO MSL  D=TRACKING  FU=HOLD FIRE  FR=TGT PILOT  FD=SRCH 9K113 LOS  FL=CM MENU
12:23:21     !! L does not offer "CLOSE" (shows "nil") -- not pressing
12:23:21   on page 'other': C=FIRE  U=SRCH PILOT LOS  R=NO MSL  D=TRACKING  FU=HOLD FIRE  FR=TGT PILOT  FD=SRCH 9K113 LOS  FL=CM MENU
12:23:21     !! L does not offer "CLOSE" (shows "nil") -- not pressing
12:23:21   on page 'other': C=FIRE  U=SRCH PILOT LOS  R=NO MSL  D=TRACKING  FU=HOLD FIRE  FR=TGT PILOT  FD=SRCH 9K113 LOS  FL=CM MENU
12:23:21     !! L does not offer "CLOSE" (shows "nil") -- not pressing
12:23:21   on page 'other': C=FIRE  U=SRCH PILOT LOS  R=NO MSL  D=TRACKING  FU=HOLD FIRE  FR=TGT PILOT  FD=SRCH 9K113 LOS  FL=CM MENU
12:23:21     !! L does not offer "CLOSE" (shows "nil") -- not pressing
12:23:21   on page 'other': C=FIRE  U=SRCH PILOT LOS  R=NO MSL  D=TRACKING  FU=HOLD FIRE  FR=TGT PILOT  FD=SRCH 9K113 LOS  FL=CM MENU
12:23:21     !! L does not offer "CLOSE" (shows "nil") -- not pressing
12:23:21   on page 'other': C=FIRE  U=SRCH PILOT LOS  R=NO MSL  D=TRACKING  FU=HOLD FIRE  FR=TGT PILOT  FD=SRCH 9K113 LOS  FL=CM MENU
12:23:21     !! L does not offer "CLOSE" (shows "nil") -- not pressing
12:23:21   on page 'other': C=FIRE  U=SRCH PILOT LOS  R=NO MSL  D=TRACKING  FU=HOLD FIRE  FR=TGT PILOT  FD=SRCH 9K113 LOS  FL=CM MENU
12:23:21     !! L does not offer "CLOSE" (shows "nil") -- not pressing
12:23:21   on page 'other': C=FIRE  U=SRCH PILOT LOS  R=NO MSL  D=TRACKING  FU=HOLD FIRE  FR=TGT PILOT  FD=SRCH 9K113 LOS  FL=CM MENU
12:23:21     !! L does not offer "CLOSE" (shows "nil") -- not pressing
12:23:21   on page 'other': C=FIRE  U=SRCH PILOT LOS  R=NO MSL  D=TRACKING  FU=HOLD FIRE  FR=TGT PILOT  FD=SRCH 9K113 LOS  FL=CM MENU
12:23:21     !! L does not offer "CLOSE" (shows "nil") -- not pressing
12:23:21   on page 'other': C=FIRE  U=SRCH PILOT LOS  R=NO MSL  D=TRACKING  FU=HOLD FIRE  FR=TGT PILOT  FD=SRCH 9K113 LOS  FL=CM MENU
12:23:21     !! L does not offer "CLOSE" (shows "nil") -- not pressing
12:23:21   on page 'other': C=FIRE  U=SRCH PILOT LOS  R=NO MSL  D=TRACKING  FU=HOLD FIRE  FR=TGT PILOT  FD=SRCH 9K113 LOS  FL=CM MENU
12:23:21     !! L does not offer "CLOSE" (shows "nil") -- not pressing
12:23:21   on page 'other': C=FIRE  U=SRCH PILOT LOS  R=NO MSL  D=TRACKING  FU=HOLD FIRE  FR=TGT PILOT  FD=SRCH 9K113 LOS  FL=CM MENU
12:23:21     !! L does not offer "CLOSE" (shows "nil") -- not pressing
12:23:21   on page 'other': C=FIRE  U=SRCH PILOT LOS  R=NO MSL  D=TRACKING  FU=HOLD FIRE  FR=TGT PILOT  FD=SRCH 9K113 LOS  FL=CM MENU
12:23:21     !! L does not offer "CLOSE" (shows "nil") -- not pressing
12:23:21   on page 'other': C=FIRE  U=SRCH PILOT LOS  R=NO MSL  D=TRACKING  FU=HOLD FIRE  FR=TGT PILOT  FD=SRCH 9K113 LOS  FL=CM MENU
12:23:21     !! L does not offer "CLOSE" (shows "nil") -- not pressing
12:23:21   on page 'other': C=FIRE  U=SRCH PILOT LOS  R=NO MSL  D=TRACKING  FU=HOLD FIRE  FR=TGT PILOT  FD=SRCH 9K113 LOS  FL=CM MENU
12:23:21     !! L does not offer "CLOSE" (shows "nil") -- not pressing
12:23:21   on page 'other': C=FIRE  U=SRCH PILOT LOS  R=NO MSL  D=TRACKING  FU=HOLD FIRE  FR=TGT PILOT  FD=SRCH 9K113 LOS  FL=CM MENU
12:23:21     !! L does not offer "CLOSE" (shows "nil") -- not pressing
12:23:21   on page 'other': C=FIRE  U=SRCH PILOT LOS  R=NO MSL  D=TRACKING  FU=HOLD FIRE  FR=TGT PILOT  FD=SRCH 9K113 LOS  FL=CM MENU
12:23:21     !! L does not offer "CLOSE" (shows "nil") -- not pressing
12:23:21   on page 'other': C=FIRE  U=SRCH PILOT LOS  R=NO MSL  D=TRACKING  FU=HOLD FIRE  FR=TGT PILOT  FD=SRCH 9K113 LOS  FL=CM MENU
12:23:21     !! L does not offer "CLOSE" (shows "nil") -- not pressing
12:23:21   on page 'other': C=FIRE  U=SRCH PILOT LOS  R=NO MSL  D=TRACKING  FU=HOLD FIRE  FR=TGT PILOT  FD=SRCH 9K113 LOS  FL=CM MENU
12:23:21     !! L does not offer "CLOSE" (shows "nil") -- not pressing
12:23:21   on page 'other': C=FIRE  U=SRCH PILOT LOS  R=NO MSL  D=TRACKING  FU=HOLD FIRE  FR=TGT PILOT  FD=SRCH 9K113 LOS  FL=CM MENU
12:23:21     !! L does not offer "CLOSE" (shows "nil") -- not pressing
12:23:21   on page 'other': C=FIRE  U=SRCH PILOT LOS  R=NO MSL  D=TRACKING  FU=HOLD FIRE  FR=TGT PILOT  FD=SRCH 9K113 LOS  FL=CM MENU
12:23:21     !! L does not offer "CLOSE" (shows "nil") -- not pressing
12:23:21   on page 'other': C=FIRE  U=SRCH PILOT LOS  R=NO MSL  D=TRACKING  FU=HOLD FIRE  FR=TGT PILOT  FD=SRCH 9K113 LOS  FL=CM MENU
12:23:21     !! L does not offer "CLOSE" (shows "nil") -- not pressing
12:23:21   on page 'other': C=FIRE  U=SRCH PILOT LOS  R=NO MSL  D=TRACKING  FU=HOLD FIRE  FR=TGT PILOT  FD=SRCH 9K113 LOS  FL=CM MENU
12:23:21     !! L does not offer "CLOSE" (shows "nil") -- not pressing
12:23:21   on page 'other': C=FIRE  U=SRCH PILOT LOS  R=NO MSL  D=TRACKING  FU=HOLD FIRE  FR=TGT PILOT  FD=SRCH 9K113 LOS  FL=CM MENU
12:23:21     !! L does not offer "CLOSE" (shows "nil") -- not pressing
12:23:21   on page 'other': C=FIRE  U=SRCH PILOT LOS  R=NO MSL  D=TRACKING  FU=HOLD FIRE  FR=TGT PILOT  FD=SRCH 9K113 LOS  FL=CM MENU
12:23:21     !! L does not offer "CLOSE" (shows "nil") -- not pressing
12:23:21   on page 'other': C=FIRE  U=SRCH PILOT LOS  R=NO MSL  D=TRACKING  FU=HOLD FIRE  FR=TGT PILOT  FD=SRCH 9K113 LOS  FL=CM MENU
12:23:21     !! L does not offer "CLOSE" (shows "nil") -- not pressing
12:23:21   on page 'other': C=FIRE  U=SRCH PILOT LOS  R=NO MSL  D=TRACKING  FU=HOLD FIRE  FR=TGT PILOT  FD=SRCH 9K113 LOS  FL=CM MENU
12:23:21     !! L does not offer "CLOSE" (shows "nil") -- not pressing
12:23:21   on page 'other': C=FIRE  U=SRCH PILOT LOS  R=NO MSL  D=TRACKING  FU=HOLD FIRE  FR=TGT PILOT  FD=SRCH 9K113 LOS  FL=CM MENU
12:23:21     !! L does not offer "CLOSE" (shows "nil") -- not pressing
12:23:21   on page 'other': C=FIRE  U=SRCH PILOT LOS  R=NO MSL  D=TRACKING  FU=HOLD FIRE  FR=TGT PILOT  FD=SRCH 9K113 LOS  FL=CM MENU
12:23:21     !! L does not offer "CLOSE" (shows "nil") -- not pressing
12:23:21   on page 'other': C=FIRE  U=SRCH PILOT LOS  R=NO MSL  D=TRACKING  FU=HOLD FIRE  FR=TGT PILOT  FD=SRCH 9K113 LOS  FL=CM MENU
12:23:21     !! L does not offer "CLOSE" (shows "nil") -- not pressing
12:23:21   on page 'other': C=FIRE  U=SRCH PILOT LOS  R=NO MSL  D=TRACKING  FU=HOLD FIRE  FR=TGT PILOT  FD=SRCH 9K113 LOS  FL=CM MENU
12:23:21     !! L does not offer "CLOSE" (shows "nil") -- not pressing
12:23:21   on page 'other': C=FIRE  U=SRCH PILOT LOS  R=NO MSL  D=TRACKING  FU=HOLD FIRE  FR=TGT PILOT  FD=SRCH 9K113 LOS  FL=CM MENU
12:23:21     !! L does not offer "CLOSE" (shows "nil") -- not pressing
12:23:21   on page 'other': C=FIRE  U=SRCH PILOT LOS  R=NO MSL  D=TRACKING  FU=HOLD FIRE  FR=TGT PILOT  FD=SRCH 9K113 LOS  FL=CM MENU
12:23:21     !! L does not offer "CLOSE" (shows "nil") -- not pressing
12:23:21   on page 'other': C=FIRE  U=SRCH PILOT LOS  R=NO MSL  D=TRACKING  FU=HOLD FIRE  FR=TGT PILOT  FD=SRCH 9K113 LOS  FL=CM MENU
12:23:21     !! L does not offer "CLOSE" (shows "nil") -- not pressing
12:23:21   on page 'other': C=FIRE  U=SRCH PILOT LOS  R=NO MSL  D=TRACKING  FU=HOLD FIRE  FR=TGT PILOT  FD=SRCH 9K113 LOS  FL=CM MENU
12:23:21     !! L does not offer "CLOSE" (shows "nil") -- not pressing
12:23:21   on page 'other': C=FIRE  U=SRCH PILOT LOS  R=NO MSL  D=TRACKING  FU=HOLD FIRE  FR=TGT PILOT  FD=SRCH 9K113 LOS  FL=CM MENU
12:23:21     !! L does not offer "CLOSE" (shows "nil") -- not pressing
12:23:21   on page 'other': C=FIRE  U=SRCH PILOT LOS  R=NO MSL  D=TRACKING  FU=HOLD FIRE  FR=TGT PILOT  FD=SRCH 9K113 LOS  FL=CM MENU
12:23:21     !! L does not offer "CLOSE" (shows "nil") -- not pressing
12:23:21   on page 'other': C=FIRE  U=SRCH PILOT LOS  R=NO MSL  D=TRACKING  FU=HOLD FIRE  FR=TGT PILOT  FD=SRCH 9K113 LOS  FL=CM MENU
12:23:21     !! L does not offer "CLOSE" (shows "nil") -- not pressing
12:23:21   on page 'other': C=FIRE  U=SRCH PILOT LOS  R=NO MSL  D=TRACKING  FU=HOLD FIRE  FR=TGT PILOT  FD=SRCH 9K113 LOS  FL=CM MENU
12:23:21     !! L does not offer "CLOSE" (shows "nil") -- not pressing
12:23:21   on page 'other': C=FIRE  U=SRCH PILOT LOS  R=NO MSL  D=TRACKING  FU=HOLD FIRE  FR=TGT PILOT  FD=SRCH 9K113 LOS  FL=CM MENU
12:23:21     !! L does not offer "CLOSE" (shows "nil") -- not pressing
12:23:21   on page 'other': C=FIRE  U=SRCH PILOT LOS  R=NO MSL  D=TRACKING  FU=HOLD FIRE  FR=TGT PILOT  FD=SRCH 9K113 LOS  FL=CM MENU
12:23:21     !! L does not offer "CLOSE" (shows "nil") -- not pressing
12:23:21   on page 'other': C=FIRE  U=SRCH PILOT LOS  R=NO MSL  D=TRACKING  FU=HOLD FIRE  FR=TGT PILOT  FD=SRCH 9K113 LOS  FL=CM MENU
12:23:21     !! L does not offer "CLOSE" (shows "nil") -- not pressing
12:23:21   on page 'other': C=FIRE  U=SRCH PILOT LOS  R=NO MSL  D=TRACKING  FU=HOLD FIRE  FR=TGT PILOT  FD=SRCH 9K113 LOS  FL=CM MENU
12:23:21     !! L does not offer "CLOSE" (shows "nil") -- not pressing
12:23:21   on page 'other': C=FIRE  U=SRCH PILOT LOS  R=NO MSL  D=TRACKING  FU=HOLD FIRE  FR=TGT PILOT  FD=SRCH 9K113 LOS  FL=CM MENU
12:23:21     !! L does not offer "CLOSE" (shows "nil") -- not pressing
12:23:21   on page 'other': C=FIRE  U=SRCH PILOT LOS  R=NO MSL  D=TRACKING  FU=HOLD FIRE  FR=TGT PILOT  FD=SRCH 9K113 LOS  FL=CM MENU
12:23:21     !! L does not offer "CLOSE" (shows "nil") -- not pressing
12:23:21   on page 'other': C=FIRE  U=SRCH PILOT LOS  R=NO MSL  D=TRACKING  FU=HOLD FIRE  FR=TGT PILOT  FD=SRCH 9K113 LOS  FL=CM MENU
12:23:21     !! L does not offer "CLOSE" (shows "nil") -- not pressing
12:23:21   on page 'other': C=FIRE  U=SRCH PILOT LOS  R=NO MSL  D=TRACKING  FU=HOLD FIRE  FR=TGT PILOT  FD=SRCH 9K113 LOS  FL=CM MENU
12:23:21     !! L does not offer "CLOSE" (shows "nil") -- not pressing
12:23:21   on page 'other': C=FIRE  U=SRCH PILOT LOS  R=NO MSL  D=TRACKING  FU=HOLD FIRE  FR=TGT PILOT  FD=SRCH 9K113 LOS  FL=CM MENU
12:23:21     !! L does not offer "CLOSE" (shows "nil") -- not pressing
12:23:21   on page 'other': C=FIRE  U=SRCH PILOT LOS  R=NO MSL  D=TRACKING  FU=HOLD FIRE  FR=TGT PILOT  FD=SRCH 9K113 LOS  FL=CM MENU
12:23:21     !! L does not offer "CLOSE" (shows "nil") -- not pressing
12:23:21   on page 'other': C=FIRE  U=SRCH PILOT LOS  R=NO MSL  D=TRACKING  FU=HOLD FIRE  FR=TGT PILOT  FD=SRCH 9K113 LOS  FL=CM MENU
12:23:21     !! L does not offer "CLOSE" (shows "nil") -- not pressing
12:23:21   on page 'other': C=FIRE  U=SRCH PILOT LOS  R=NO MSL  D=TRACKING  FU=HOLD FIRE  FR=TGT PILOT  FD=SRCH 9K113 LOS  FL=CM MENU
12:23:21     !! L does not offer "CLOSE" (shows "nil") -- not pressing
12:23:21   on page 'other': C=FIRE  U=SRCH PILOT LOS  R=NO MSL  D=TRACKING  FU=HOLD FIRE  FR=TGT PILOT  FD=SRCH 9K113 LOS  FL=CM MENU
12:23:21     !! L does not offer "CLOSE" (shows "nil") -- not pressing
12:23:21   on page 'other': C=FIRE  U=SRCH PILOT LOS  R=NO MSL  D=TRACKING  FU=HOLD FIRE  FR=TGT PILOT  FD=SRCH 9K113 LOS  FL=CM MENU
12:23:21     !! L does not offer "CLOSE" (shows "nil") -- not pressing
12:23:21   on page 'other': C=FIRE  U=SRCH PILOT LOS  R=NO MSL  D=TRACKING  FU=HOLD FIRE  FR=TGT PILOT  FD=SRCH 9K113 LOS  FL=CM MENU
12:23:21     !! L does not offer "CLOSE" (shows "nil") -- not pressing
12:23:21   on page 'other': C=FIRE  U=SRCH PILOT LOS  R=NO MSL  D=TRACKING  FU=HOLD FIRE  FR=TGT PILOT  FD=SRCH 9K113 LOS  FL=CM MENU
12:23:21     !! L does not offer "CLOSE" (shows "nil") -- not pressing
12:23:21   on page 'other': C=FIRE  U=SRCH PILOT LOS  R=NO MSL  D=TRACKING  FU=HOLD FIRE  FR=TGT PILOT  FD=SRCH 9K113 LOS  FL=CM MENU
12:23:21     !! L does not offer "CLOSE" (shows "nil") -- not pressing
12:23:21   on page 'other': C=FIRE  U=SRCH PILOT LOS  R=NO MSL  D=TRACKING  FU=HOLD FIRE  FR=TGT PILOT  FD=SRCH 9K113 LOS  FL=CM MENU
12:23:21     !! L does not offer "CLOSE" (shows "nil") -- not pressing
12:23:22   on page 'other': C=FIRE  U=SRCH PILOT LOS  R=NO MSL  D=TRACKING  FU=HOLD FIRE  FR=TGT PILOT  FD=SRCH 9K113 LOS  FL=CM MENU
12:23:22     !! L does not offer "CLOSE" (shows "nil") -- not pressing
12:23:22   on page 'other': C=FIRE  U=SRCH PILOT LOS  R=NO MSL  D=TRACKING  FU=HOLD FIRE  FR=TGT PILOT  FD=SRCH 9K113 LOS  FL=CM MENU
12:23:22     !! L does not offer "CLOSE" (shows "nil") -- not pressing
12:23:22   on page 'other': C=FIRE  U=SRCH PILOT LOS  R=NO MSL  D=TRACKING  FU=HOLD FIRE  FR=TGT PILOT  FD=SRCH 9K113 LOS  FL=CM MENU
12:23:22     !! L does not offer "CLOSE" (shows "nil") -- not pressing
12:23:22   on page 'other': C=FIRE  U=SRCH PILOT LOS  R=NO MSL  D=TRACKING  FU=HOLD FIRE  FR=TGT PILOT  FD=SRCH 9K113 LOS  FL=CM MENU
12:23:22     !! L does not offer "CLOSE" (shows "nil") -- not pressing
12:23:22   on page 'other': C=FIRE  U=SRCH PILOT LOS  R=NO MSL  D=TRACKING  FU=HOLD FIRE  FR=TGT PILOT  FD=SRCH 9K113 LOS  FL=CM MENU
12:23:22     !! L does not offer "CLOSE" (shows "nil") -- not pressing
12:23:22   on page 'other': C=FIRE  U=SRCH PILOT LOS  R=NO MSL  D=TRACKING  FU=HOLD FIRE  FR=TGT PILOT  FD=SRCH 9K113 LOS  FL=CM MENU
12:23:22     !! L does not offer "CLOSE" (shows "nil") -- not pressing
12:23:22   on page 'other': C=FIRE  U=SRCH PILOT LOS  R=NO MSL  D=TRACKING  FU=HOLD FIRE  FR=TGT PILOT  FD=SRCH 9K113 LOS  FL=CM MENU
12:23:22     !! L does not offer "CLOSE" (shows "nil") -- not pressing
12:23:22   on page 'other': C=FIRE  U=SRCH PILOT LOS  R=NO MSL  D=TRACKING  FU=HOLD FIRE  FR=TGT PILOT  FD=SRCH 9K113 LOS  FL=CM MENU
12:23:22     !! L does not offer "CLOSE" (shows "nil") -- not pressing
12:23:22   on page 'other': C=FIRE  U=SRCH PILOT LOS  R=NO MSL  D=TRACKING  FU=HOLD FIRE  FR=TGT PILOT  FD=SRCH 9K113 LOS  FL=CM MENU
12:23:22     !! L does not offer "CLOSE" (shows "nil") -- not pressing
12:23:22   on page 'other': C=FIRE  U=SRCH PILOT LOS  R=NO MSL  D=TRACKING  FU=HOLD FIRE  FR=TGT PILOT  FD=SRCH 9K113 LOS  FL=CM MENU
12:23:22     !! L does not offer "CLOSE" (shows "nil") -- not pressing
12:23:22   on page 'other': C=FIRE  U=SRCH PILOT LOS  R=NO MSL  D=TRACKING  FU=HOLD FIRE  FR=TGT PILOT  FD=SRCH 9K113 LOS  FL=CM MENU
12:23:22     !! L does not offer "CLOSE" (shows "nil") -- not pressing
12:23:22   on page 'other': C=FIRE  U=SRCH PILOT LOS  R=NO MSL  D=TRACKING  FU=HOLD FIRE  FR=TGT PILOT  FD=SRCH 9K113 LOS  FL=CM MENU
12:23:22     !! L does not offer "CLOSE" (shows "nil") -- not pressing
12:23:22   on page 'other': C=FIRE  U=SRCH PILOT LOS  R=NO MSL  D=TRACKING  FU=HOLD FIRE  FR=TGT PILOT  FD=SRCH 9K113 LOS  FL=CM MENU
12:23:22     !! L does not offer "CLOSE" (shows "nil") -- not pressing
12:23:22   on page 'other': C=FIRE  U=SRCH PILOT LOS  R=NO MSL  D=TRACKING  FU=HOLD FIRE  FR=TGT PILOT  FD=SRCH 9K113 LOS  FL=CM MENU
12:23:22     !! L does not offer "CLOSE" (shows "nil") -- not pressing
12:23:22   on page 'other': C=FIRE  U=SRCH PILOT LOS  R=NO MSL  D=TRACKING  FU=HOLD FIRE  FR=TGT PILOT  FD=SRCH 9K113 LOS  FL=CM MENU
12:23:22     !! L does not offer "CLOSE" (shows "nil") -- not pressing
12:23:22   on page 'other': C=FIRE  U=SRCH PILOT LOS  R=NO MSL  D=TRACKING  FU=HOLD FIRE  FR=TGT PILOT  FD=SRCH 9K113 LOS  FL=CM MENU
12:23:22     !! L does not offer "CLOSE" (shows "nil") -- not pressing
12:23:22   on page 'other': C=FIRE  U=SRCH PILOT LOS  R=NO MSL  D=TRACKING  FU=HOLD FIRE  FR=TGT PILOT  FD=SRCH 9K113 LOS  FL=CM MENU
12:23:22     !! L does not offer "CLOSE" (shows "nil") -- not pressing
12:23:22   on page 'other': C=FIRE  U=SRCH PILOT LOS  R=NO MSL  D=TRACKING  FU=HOLD FIRE  FR=TGT PILOT  FD=SRCH 9K113 LOS  FL=CM MENU
12:23:22     !! L does not offer "CLOSE" (shows "nil") -- not pressing
12:23:22   on page 'other': C=FIRE  U=SRCH PILOT LOS  R=NO MSL  D=TRACKING  FU=HOLD FIRE  FR=TGT PILOT  FD=SRCH 9K113 LOS  FL=CM MENU
12:23:22     !! L does not offer "CLOSE" (shows "nil") -- not pressing
12:23:22   on page 'other': C=FIRE  U=SRCH PILOT LOS  R=NO MSL  D=TRACKING  FU=HOLD FIRE  FR=TGT PILOT  FD=SRCH 9K113 LOS  FL=CM MENU
12:23:22     !! L does not offer "CLOSE" (shows "nil") -- not pressing
12:23:22   on page 'other': C=FIRE  U=SRCH PILOT LOS  R=NO MSL  D=TRACKING  FU=HOLD FIRE  FR=TGT PILOT  FD=SRCH 9K113 LOS  FL=CM MENU
12:23:22     !! L does not offer "CLOSE" (shows "nil") -- not pressing
12:23:22   on page 'other': C=FIRE  U=SRCH PILOT LOS  R=NO MSL  D=TRACKING  FU=HOLD FIRE  FR=TGT PILOT  FD=SRCH 9K113 LOS  FL=CM MENU
12:23:22     !! L does not offer "CLOSE" (shows "nil") -- not pressing
12:23:22   on page 'other': C=FIRE  U=SRCH PILOT LOS  R=NO MSL  D=TRACKING  FU=HOLD FIRE  FR=TGT PILOT  FD=SRCH 9K113 LOS  FL=CM MENU
12:23:22     !! L does not offer "CLOSE" (shows "nil") -- not pressing
12:23:22   on page 'other': C=FIRE  U=SRCH PILOT LOS  R=NO MSL  D=TRACKING  FU=HOLD FIRE  FR=TGT PILOT  FD=SRCH 9K113 LOS  FL=CM MENU
12:23:22     !! L does not offer "CLOSE" (shows "nil") -- not pressing
12:23:22   on page 'other': C=FIRE  U=SRCH PILOT LOS  R=NO MSL  D=TRACKING  FU=HOLD FIRE  FR=TGT PILOT  FD=SRCH 9K113 LOS  FL=CM MENU
12:23:22     !! L does not offer "CLOSE" (shows "nil") -- not pressing
12:23:22   on page 'other': C=FIRE  U=SRCH PILOT LOS  R=NO MSL  D=TRACKING  FU=HOLD FIRE  FR=TGT PILOT  FD=SRCH 9K113 LOS  FL=CM MENU
12:23:22     !! L does not offer "CLOSE" (shows "nil") -- not pressing
12:23:22   on page 'other': C=FIRE  U=SRCH PILOT LOS  R=NO MSL  D=TRACKING  FU=HOLD FIRE  FR=TGT PILOT  FD=SRCH 9K113 LOS  FL=CM MENU
12:23:22     !! L does not offer "CLOSE" (shows "nil") -- not pressing
12:23:22   on page 'other': C=FIRE  U=SRCH PILOT LOS  R=NO MSL  D=TRACKING  FU=HOLD FIRE  FR=TGT PILOT  FD=SRCH 9K113 LOS  FL=CM MENU
12:23:22     !! L does not offer "CLOSE" (shows "nil") -- not pressing
12:23:22   on page 'other': C=FIRE  U=SRCH PILOT LOS  R=NO MSL  D=TRACKING  FU=HOLD FIRE  FR=TGT PILOT  FD=SRCH 9K113 LOS  FL=CM MENU
12:23:22     !! L does not offer "CLOSE" (shows "nil") -- not pressing
12:23:22   on page 'other': C=FIRE  U=SRCH PILOT LOS  R=NO MSL  D=TRACKING  FU=HOLD FIRE  FR=TGT PILOT  FD=SRCH 9K113 LOS  FL=CM MENU
12:23:22     !! L does not offer "CLOSE" (shows "nil") -- not pressing
12:23:22   on page 'other': C=FIRE  U=SRCH PILOT LOS  R=NO MSL  D=TRACKING  FU=HOLD FIRE  FR=TGT PILOT  FD=SRCH 9K113 LOS  FL=CM MENU
12:23:22     !! L does not offer "CLOSE" (shows "nil") -- not pressing
12:23:22   on page 'other': C=FIRE  U=SRCH PILOT LOS  R=NO MSL  D=TRACKING  FU=HOLD FIRE  FR=TGT PILOT  FD=SRCH 9K113 LOS  FL=CM MENU
12:23:22     !! L does not offer "CLOSE" (shows "nil") -- not pressing
12:23:22   on page 'other': C=FIRE  U=SRCH PILOT LOS  R=NO MSL  D=TRACKING  FU=HOLD FIRE  FR=TGT PILOT  FD=SRCH 9K113 LOS  FL=CM MENU
12:23:22     !! L does not offer "CLOSE" (shows "nil") -- not pressing
12:23:22   on page 'other': C=FIRE  U=SRCH PILOT LOS  R=NO MSL  D=TRACKING  FU=HOLD FIRE  FR=TGT PILOT  FD=SRCH 9K113 LOS  FL=CM MENU
12:23:22     !! L does not offer "CLOSE" (shows "nil") -- not pressing
12:23:22   on page 'other': C=FIRE  U=SRCH PILOT LOS  R=NO MSL  D=TRACKING  FU=HOLD FIRE  FR=TGT PILOT  FD=SRCH 9K113 LOS  FL=CM MENU
12:23:22     !! L does not offer "CLOSE" (shows "nil") -- not pressing
12:23:22   on page 'other': C=FIRE  U=SRCH PILOT LOS  R=NO MSL  D=TRACKING  FU=HOLD FIRE  FR=TGT PILOT  FD=SRCH 9K113 LOS  FL=CM MENU
12:23:22     !! L does not offer "CLOSE" (shows "nil") -- not pressing
12:23:22   on page 'other': C=FIRE  U=SRCH PILOT LOS  R=NO MSL  D=TRACKING  FU=HOLD FIRE  FR=TGT PILOT  FD=SRCH 9K113 LOS  FL=CM MENU
12:23:22     !! L does not offer "CLOSE" (shows "nil") -- not pressing
12:23:22   on page 'other': C=FIRE  U=SRCH PILOT LOS  R=NO MSL  D=TRACKING  FU=HOLD FIRE  FR=TGT PILOT  FD=SRCH 9K113 LOS  FL=CM MENU
12:23:22     !! L does not offer "CLOSE" (shows "nil") -- not pressing
12:23:22   on page 'other': C=FIRE  U=SRCH PILOT LOS  R=NO MSL  D=TRACKING  FU=HOLD FIRE  FR=TGT PILOT  FD=SRCH 9K113 LOS  FL=CM MENU
12:23:22     !! L does not offer "CLOSE" (shows "nil") -- not pressing
12:23:22   on page 'other': C=FIRE  U=SRCH PILOT LOS  R=NO MSL  D=TRACKING  FU=HOLD FIRE  FR=TGT PILOT  FD=SRCH 9K113 LOS  FL=CM MENU
12:23:22     !! L does not offer "CLOSE" (shows "nil") -- not pressing
12:23:22   on page 'other': C=FIRE  U=SRCH PILOT LOS  R=NO MSL  D=TRACKING  FU=HOLD FIRE  FR=TGT PILOT  FD=SRCH 9K113 LOS  FL=CM MENU
12:23:22     !! L does not offer "CLOSE" (shows "nil") -- not pressing
12:23:22   on page 'other': C=FIRE  U=SRCH PILOT LOS  R=NO MSL  D=TRACKING  FU=HOLD FIRE  FR=TGT PILOT  FD=SRCH 9K113 LOS  FL=CM MENU
12:23:22     !! L does not offer "CLOSE" (shows "nil") -- not pressing
12:23:22   on page 'other': C=FIRE  U=SRCH PILOT LOS  R=NO MSL  D=TRACKING  FU=HOLD FIRE  FR=TGT PILOT  FD=SRCH 9K113 LOS  FL=CM MENU
12:23:22     !! L does not offer "CLOSE" (shows "nil") -- not pressing
12:23:22   on page 'other': C=FIRE  U=SRCH PILOT LOS  R=NO MSL  D=TRACKING  FU=HOLD FIRE  FR=TGT PILOT  FD=SRCH 9K113 LOS  FL=CM MENU
12:23:22     !! L does not offer "CLOSE" (shows "nil") -- not pressing
12:23:22   on page 'other': C=FIRE  U=SRCH PILOT LOS  R=NO MSL  D=TRACKING  FU=HOLD FIRE  FR=TGT PILOT  FD=SRCH 9K113 LOS  FL=CM MENU
12:23:22     !! L does not offer "CLOSE" (shows "nil") -- not pressing
12:23:22   on page 'other': C=FIRE  U=SRCH PILOT LOS  R=NO MSL  D=TRACKING  FU=HOLD FIRE  FR=TGT PILOT  FD=SRCH 9K113 LOS  FL=CM MENU
12:23:22     !! L does not offer "CLOSE" (shows "nil") -- not pressing
12:23:22   on page 'other': C=FIRE  U=SRCH PILOT LOS  R=NO MSL  D=TRACKING  FU=HOLD FIRE  FR=TGT PILOT  FD=SRCH 9K113 LOS  FL=CM MENU
12:23:22     !! L does not offer "CLOSE" (shows "nil") -- not pressing
12:23:22   on page 'other': C=FIRE  U=SRCH PILOT LOS  R=NO MSL  D=TRACKING  FU=HOLD FIRE  FR=TGT PILOT  FD=SRCH 9K113 LOS  FL=CM MENU
12:23:22     !! L does not offer "CLOSE" (shows "nil") -- not pressing
12:23:22   on page 'other': C=FIRE  U=SRCH PILOT LOS  R=NO MSL  D=TRACKING  FU=HOLD FIRE  FR=TGT PILOT  FD=SRCH 9K113 LOS  FL=CM MENU
12:23:22     !! L does not offer "CLOSE" (shows "nil") -- not pressing
12:23:22   on page 'other': C=FIRE  U=SRCH PILOT LOS  R=NO MSL  D=TRACKING  FU=HOLD FIRE  FR=TGT PILOT  FD=SRCH 9K113 LOS  FL=CM MENU
12:23:22     !! L does not offer "CLOSE" (shows "nil") -- not pressing
12:23:22   on page 'other': C=FIRE  U=SRCH PILOT LOS  R=NO MSL  D=TRACKING  FU=HOLD FIRE  FR=TGT PILOT  FD=SRCH 9K113 LOS  FL=CM MENU
12:23:22     !! L does not offer "CLOSE" (shows "nil") -- not pressing
12:23:22   on page 'other': C=FIRE  U=SRCH PILOT LOS  R=NO MSL  D=TRACKING  FU=HOLD FIRE  FR=TGT PILOT  FD=SRCH 9K113 LOS  FL=CM MENU
12:23:22     !! L does not offer "CLOSE" (shows "nil") -- not pressing
12:23:22   on page 'other': C=FIRE  U=SRCH PILOT LOS  R=NO MSL  D=TRACKING  FU=HOLD FIRE  FR=TGT PILOT  FD=SRCH 9K113 LOS  FL=CM MENU
12:23:22     !! L does not offer "CLOSE" (shows "nil") -- not pressing
12:23:22   on page 'other': C=FIRE  U=SRCH PILOT LOS  R=NO MSL  D=TRACKING  FU=HOLD FIRE  FR=TGT PILOT  FD=SRCH 9K113 LOS  FL=CM MENU
12:23:22     !! L does not offer "CLOSE" (shows "nil") -- not pressing
12:23:22   on page 'other': C=FIRE  U=SRCH PILOT LOS  R=NO MSL  D=TRACKING  FU=HOLD FIRE  FR=TGT PILOT  FD=SRCH 9K113 LOS  FL=CM MENU
12:23:22     !! L does not offer "CLOSE" (shows "nil") -- not pressing
12:23:22   on page 'other': C=FIRE  U=SRCH PILOT LOS  R=NO MSL  D=TRACKING  FU=HOLD FIRE  FR=TGT PILOT  FD=SRCH 9K113 LOS  FL=CM MENU
12:23:22     !! L does not offer "CLOSE" (shows "nil") -- not pressing
12:23:22   on page 'other': C=FIRE  U=SRCH PILOT LOS  R=NO MSL  D=TRACKING  FU=HOLD FIRE  FR=TGT PILOT  FD=SRCH 9K113 LOS  FL=CM MENU
12:23:22     !! L does not offer "CLOSE" (shows "nil") -- not pressing
12:23:22   on page 'other': C=FIRE  U=SRCH PILOT LOS  R=NO MSL  D=TRACKING  FU=HOLD FIRE  FR=TGT PILOT  FD=SRCH 9K113 LOS  FL=CM MENU
12:23:22     !! L does not offer "CLOSE" (shows "nil") -- not pressing
12:23:22   on page 'other': C=FIRE  U=SRCH PILOT LOS  R=NO MSL  D=TRACKING  FU=HOLD FIRE  FR=TGT PILOT  FD=SRCH 9K113 LOS  FL=CM MENU
12:23:22     !! L does not offer "CLOSE" (shows "nil") -- not pressing
12:23:22   on page 'other': C=FIRE  U=SRCH PILOT LOS  R=NO MSL  D=TRACKING  FU=HOLD FIRE  FR=TGT PILOT  FD=SRCH 9K113 LOS  FL=CM MENU
12:23:22     !! L does not offer "CLOSE" (shows "nil") -- not pressing
12:23:22   on page 'other': C=FIRE  U=SRCH PILOT LOS  R=NO MSL  D=TRACKING  FU=HOLD FIRE  FR=TGT PILOT  FD=SRCH 9K113 LOS  FL=CM MENU
12:23:22     !! L does not offer "CLOSE" (shows "nil") -- not pressing
12:23:22   on page 'other': C=FIRE  U=SRCH PILOT LOS  R=NO MSL  D=TRACKING  FU=HOLD FIRE  FR=TGT PILOT  FD=SRCH 9K113 LOS  FL=CM MENU
12:23:22     !! L does not offer "CLOSE" (shows "nil") -- not pressing
12:23:22   on page 'other': C=FIRE  U=SRCH PILOT LOS  R=NO MSL  D=TRACKING  FU=HOLD FIRE  FR=TGT PILOT  FD=SRCH 9K113 LOS  FL=CM MENU
12:23:22     !! L does not offer "CLOSE" (shows "nil") -- not pressing
12:23:22   on page 'other': C=FIRE  U=SRCH PILOT LOS  R=NO MSL  D=TRACKING  FU=HOLD FIRE  FR=TGT PILOT  FD=SRCH 9K113 LOS  FL=CM MENU
12:23:22     !! L does not offer "CLOSE" (shows "nil") -- not pressing
12:23:22   on page 'other': C=FIRE  U=SRCH PILOT LOS  R=NO MSL  D=TRACKING  FU=HOLD FIRE  FR=TGT PILOT  FD=SRCH 9K113 LOS  FL=CM MENU
12:23:22     !! L does not offer "CLOSE" (shows "nil") -- not pressing
12:23:22   on page 'other': C=FIRE  U=SRCH PILOT LOS  R=NO MSL  D=TRACKING  FU=HOLD FIRE  FR=TGT PILOT  FD=SRCH 9K113 LOS  FL=CM MENU
12:23:22     !! L does not offer "CLOSE" (shows "nil") -- not pressing
12:23:22   on page 'other': C=FIRE  U=SRCH PILOT LOS  R=NO MSL  D=TRACKING  FU=HOLD FIRE  FR=TGT PILOT  FD=SRCH 9K113 LOS  FL=CM MENU
12:23:22     !! L does not offer "CLOSE" (shows "nil") -- not pressing
12:23:22   on page 'other': C=FIRE  U=SRCH PILOT LOS  R=NO MSL  D=TRACKING  FU=HOLD FIRE  FR=TGT PILOT  FD=SRCH 9K113 LOS  FL=CM MENU
12:23:22     !! L does not offer "CLOSE" (shows "nil") -- not pressing
12:23:22   on page 'other': C=FIRE  U=SRCH PILOT LOS  R=NO MSL  D=TRACKING  FU=HOLD FIRE  FR=TGT PILOT  FD=SRCH 9K113 LOS  FL=CM MENU
12:23:22     !! L does not offer "CLOSE" (shows "nil") -- not pressing
12:23:22   on page 'other': C=FIRE  U=SRCH PILOT LOS  R=NO MSL  D=TRACKING  FU=HOLD FIRE  FR=TGT PILOT  FD=SRCH 9K113 LOS  FL=CM MENU
12:23:22     !! L does not offer "CLOSE" (shows "nil") -- not pressing
12:23:22   on page 'other': C=FIRE  U=SRCH PILOT LOS  R=NO MSL  D=TRACKING  FU=HOLD FIRE  FR=TGT PILOT  FD=SRCH 9K113 LOS  FL=CM MENU
12:23:22     !! L does not offer "CLOSE" (shows "nil") -- not pressing
12:23:22   on page 'other': C=FIRE  U=SRCH PILOT LOS  R=NO MSL  D=TRACKING  FU=HOLD FIRE  FR=TGT PILOT  FD=SRCH 9K113 LOS  FL=CM MENU
12:23:22     !! L does not offer "CLOSE" (shows "nil") -- not pressing
12:23:22   on page 'other': C=FIRE  U=SRCH PILOT LOS  R=NO MSL  D=TRACKING  FU=HOLD FIRE  FR=TGT PILOT  FD=SRCH 9K113 LOS  FL=CM MENU
12:23:22     !! L does not offer "CLOSE" (shows "nil") -- not pressing
12:23:22   on page 'other': C=FIRE  U=SRCH PILOT LOS  R=NO MSL  D=TRACKING  FU=HOLD FIRE  FR=TGT PILOT  FD=SRCH 9K113 LOS  FL=CM MENU
12:23:22     !! L does not offer "CLOSE" (shows "nil") -- not pressing
12:23:22   on page 'other': C=FIRE  U=SRCH PILOT LOS  R=NO MSL  D=TRACKING  FU=HOLD FIRE  FR=TGT PILOT  FD=SRCH 9K113 LOS  FL=CM MENU
12:23:22     !! L does not offer "CLOSE" (shows "nil") -- not pressing
12:23:22   on page 'other': C=FIRE  U=SRCH PILOT LOS  R=NO MSL  D=TRACKING  FU=HOLD FIRE  FR=TGT PILOT  FD=SRCH 9K113 LOS  FL=CM MENU
12:23:22     !! L does not offer "CLOSE" (shows "nil") -- not pressing
12:23:22   on page 'other': C=FIRE  U=SRCH PILOT LOS  R=NO MSL  D=TRACKING  FU=HOLD FIRE  FR=TGT PILOT  FD=SRCH 9K113 LOS  FL=CM MENU
12:23:22     !! L does not offer "CLOSE" (shows "nil") -- not pressing
12:23:22   on page 'other': C=FIRE  U=SRCH PILOT LOS  R=NO MSL  D=TRACKING  FU=HOLD FIRE  FR=TGT PILOT  FD=SRCH 9K113 LOS  FL=CM MENU
12:23:22     !! L does not offer "CLOSE" (shows "nil") -- not pressing
12:23:22   on page 'other': C=FIRE  U=SRCH PILOT LOS  R=NO MSL  D=TRACKING  FU=HOLD FIRE  FR=TGT PILOT  FD=SRCH 9K113 LOS  FL=CM MENU
12:23:22     !! L does not offer "CLOSE" (shows "nil") -- not pressing
12:23:22   on page 'other': C=FIRE  U=SRCH PILOT LOS  R=NO MSL  D=TRACKING  FU=HOLD FIRE  FR=TGT PILOT  FD=SRCH 9K113 LOS  FL=CM MENU
12:23:22     !! L does not offer "CLOSE" (shows "nil") -- not pressing
12:23:23   on page 'other': C=FIRE  U=SRCH PILOT LOS  R=NO MSL  D=TRACKING  FU=HOLD FIRE  FR=TGT PILOT  FD=SRCH 9K113 LOS  FL=CM MENU
12:23:23     !! L does not offer "CLOSE" (shows "nil") -- not pressing
12:23:23   on page 'other': C=FIRE  U=SRCH PILOT LOS  R=NO MSL  D=TRACKING  FU=HOLD FIRE  FR=TGT PILOT  FD=SRCH 9K113 LOS  FL=CM MENU
12:23:23     !! L does not offer "CLOSE" (shows "nil") -- not pressing
12:23:23   on page 'other': C=FIRE  U=SRCH PILOT LOS  R=NO MSL  D=TRACKING  FU=HOLD FIRE  FR=TGT PILOT  FD=SRCH 9K113 LOS  FL=CM MENU
12:23:23     !! L does not offer "CLOSE" (shows "nil") -- not pressing
12:23:23   on page 'other': C=FIRE  U=SRCH PILOT LOS  R=NO MSL  D=TRACKING  FU=HOLD FIRE  FR=TGT PILOT  FD=SRCH 9K113 LOS  FL=CM MENU
12:23:23     !! L does not offer "CLOSE" (shows "nil") -- not pressing
12:23:23   on page 'other': C=FIRE  U=SRCH PILOT LOS  R=NO MSL  D=TRACKING  FU=HOLD FIRE  FR=TGT PILOT  FD=SRCH 9K113 LOS  FL=CM MENU
12:23:23     !! L does not offer "CLOSE" (shows "nil") -- not pressing
12:23:23   on page 'other': C=FIRE  U=SRCH PILOT LOS  R=NO MSL  D=TRACKING  FU=HOLD FIRE  FR=TGT PILOT  FD=SRCH 9K113 LOS  FL=CM MENU
12:23:23     !! L does not offer "CLOSE" (shows "nil") -- not pressing
12:23:23   on page 'other': C=FIRE  U=SRCH PILOT LOS  R=NO MSL  D=TRACKING  FU=HOLD FIRE  FR=TGT PILOT  FD=SRCH 9K113 LOS  FL=CM MENU
12:23:23     !! L does not offer "CLOSE" (shows "nil") -- not pressing
12:23:23   on page 'other': C=FIRE  U=SRCH PILOT LOS  R=NO MSL  D=TRACKING  FU=HOLD FIRE  FR=TGT PILOT  FD=SRCH 9K113 LOS  FL=CM MENU
12:23:23     !! L does not offer "CLOSE" (shows "nil") -- not pressing
12:23:23   on page 'other': C=FIRE  U=SRCH PILOT LOS  R=NO MSL  D=TRACKING  FU=HOLD FIRE  FR=TGT PILOT  FD=SRCH 9K113 LOS  FL=CM MENU
12:23:23     !! L does not offer "CLOSE" (shows "nil") -- not pressing
12:23:23   on page 'other': C=FIRE  U=SRCH PILOT LOS  R=NO MSL  D=TRACKING  FU=HOLD FIRE  FR=TGT PILOT  FD=SRCH 9K113 LOS  FL=CM MENU
12:23:23     !! L does not offer "CLOSE" (shows "nil") -- not pressing
12:23:23   on page 'other': C=FIRE  U=SRCH PILOT LOS  R=NO MSL  D=TRACKING  FU=HOLD FIRE  FR=TGT PILOT  FD=SRCH 9K113 LOS  FL=CM MENU
12:23:23     !! L does not offer "CLOSE" (shows "nil") -- not pressing
12:23:23   on page 'other': C=FIRE  U=SRCH PILOT LOS  R=NO MSL  D=TRACKING  FU=HOLD FIRE  FR=TGT PILOT  FD=SRCH 9K113 LOS  FL=CM MENU
12:23:23     !! L does not offer "CLOSE" (shows "nil") -- not pressing
12:23:23   on page 'other': C=FIRE  U=SRCH PILOT LOS  R=NO MSL  D=TRACKING  FU=HOLD FIRE  FR=TGT PILOT  FD=SRCH 9K113 LOS  FL=CM MENU
12:23:23     !! L does not offer "CLOSE" (shows "nil") -- not pressing
12:23:23   on page 'other': C=FIRE  U=SRCH PILOT LOS  R=NO MSL  D=TRACKING  FU=HOLD FIRE  FR=TGT PILOT  FD=SRCH 9K113 LOS  FL=CM MENU
12:23:23     !! L does not offer "CLOSE" (shows "nil") -- not pressing
12:23:23   on page 'other': C=FIRE  U=SRCH PILOT LOS  R=NO MSL  D=TRACKING  FU=HOLD FIRE  FR=TGT PILOT  FD=SRCH 9K113 LOS  FL=CM MENU
12:23:23     !! L does not offer "CLOSE" (shows "nil") -- not pressing
12:23:23   on page 'other': C=FIRE  U=SRCH PILOT LOS  R=NO MSL  D=TRACKING  FU=HOLD FIRE  FR=TGT PILOT  FD=SRCH 9K113 LOS  FL=CM MENU
12:23:23     !! L does not offer "CLOSE" (shows "nil") -- not pressing
12:23:23   on page 'other': C=FIRE  U=SRCH PILOT LOS  R=NO MSL  D=TRACKING  FU=HOLD FIRE  FR=TGT PILOT  FD=SRCH 9K113 LOS  FL=CM MENU
12:23:23     !! L does not offer "CLOSE" (shows "nil") -- not pressing
12:23:23   on page 'other': C=FIRE  U=SRCH PILOT LOS  R=NO MSL  D=TRACKING  FU=HOLD FIRE  FR=TGT PILOT  FD=SRCH 9K113 LOS  FL=CM MENU
12:23:23     !! L does not offer "CLOSE" (shows "nil") -- not pressing
12:23:23   on page 'other': C=FIRE  U=SRCH PILOT LOS  R=NO MSL  D=TRACKING  FU=HOLD FIRE  FR=TGT PILOT  FD=SRCH 9K113 LOS  FL=CM MENU
12:23:23     !! L does not offer "CLOSE" (shows "nil") -- not pressing
12:23:23   on page 'other': C=FIRE  U=SRCH PILOT LOS  R=NO MSL  D=TRACKING  FU=HOLD FIRE  FR=TGT PILOT  FD=SRCH 9K113 LOS  FL=CM MENU
12:23:23     !! L does not offer "CLOSE" (shows "nil") -- not pressing
12:23:23   on page 'other': C=FIRE  U=SRCH PILOT LOS  R=NO MSL  D=TRACKING  FU=HOLD FIRE  FR=TGT PILOT  FD=SRCH 9K113 LOS  FL=CM MENU
12:23:23     !! L does not offer "CLOSE" (shows "nil") -- not pressing
12:23:23   on page 'other': C=FIRE  U=SRCH PILOT LOS  R=NO MSL  D=TRACKING  FU=HOLD FIRE  FR=TGT PILOT  FD=SRCH 9K113 LOS  FL=CM MENU
12:23:23     !! L does not offer "CLOSE" (shows "nil") -- not pressing
12:23:23   on page 'other': C=FIRE  U=SRCH PILOT LOS  R=NO MSL  D=TRACKING  FU=HOLD FIRE  FR=TGT PILOT  FD=SRCH 9K113 LOS  FL=CM MENU
12:23:23     !! L does not offer "CLOSE" (shows "nil") -- not pressing
12:23:23   on page 'other': C=FIRE  U=SRCH PILOT LOS  R=NO MSL  D=TRACKING  FU=HOLD FIRE  FR=TGT PILOT  FD=SRCH 9K113 LOS  FL=CM MENU
12:23:23     !! L does not offer "CLOSE" (shows "nil") -- not pressing
12:23:23   on page 'other': C=FIRE  U=SRCH PILOT LOS  R=NO MSL  D=TRACKING  FU=HOLD FIRE  FR=TGT PILOT  FD=SRCH 9K113 LOS  FL=CM MENU
12:23:23     !! L does not offer "CLOSE" (shows "nil") -- not pressing
12:23:23   on page 'other': C=FIRE  U=SRCH PILOT LOS  R=NO MSL  D=TRACKING  FU=HOLD FIRE  FR=TGT PILOT  FD=SRCH 9K113 LOS  FL=CM MENU
12:23:23     !! L does not offer "CLOSE" (shows "nil") -- not pressing
12:23:23   on page 'other': C=FIRE  U=SRCH PILOT LOS  R=NO MSL  D=TRACKING  FU=HOLD FIRE  FR=TGT PILOT  FD=SRCH 9K113 LOS  FL=CM MENU
12:23:23     !! L does not offer "CLOSE" (shows "nil") -- not pressing
12:23:23   on page 'other': C=FIRE  U=SRCH PILOT LOS  R=NO MSL  D=TRACKING  FU=HOLD FIRE  FR=TGT PILOT  FD=SRCH 9K113 LOS  FL=CM MENU
12:23:23     !! L does not offer "CLOSE" (shows "nil") -- not pressing
12:23:23   on page 'other': C=FIRE  U=SRCH PILOT LOS  R=NO MSL  D=TRACKING  FU=HOLD FIRE  FR=TGT PILOT  FD=SRCH 9K113 LOS  FL=CM MENU
12:23:23     !! L does not offer "CLOSE" (shows "nil") -- not pressing
12:23:23   on page 'other': C=FIRE  U=SRCH PILOT LOS  R=NO MSL  D=TRACKING  FU=HOLD FIRE  FR=TGT PILOT  FD=SRCH 9K113 LOS  FL=CM MENU
12:23:23     !! L does not offer "CLOSE" (shows "nil") -- not pressing
12:23:23   on page 'other': C=FIRE  U=SRCH PILOT LOS  R=NO MSL  D=TRACKING  FU=HOLD FIRE  FR=TGT PILOT  FD=SRCH 9K113 LOS  FL=CM MENU
12:23:23     !! L does not offer "CLOSE" (shows "nil") -- not pressing
12:23:23   on page 'other': C=FIRE  U=SRCH PILOT LOS  R=NO MSL  D=TRACKING  FU=HOLD FIRE  FR=TGT PILOT  FD=SRCH 9K113 LOS  FL=CM MENU
12:23:23     !! L does not offer "CLOSE" (shows "nil") -- not pressing
12:23:23   on page 'other': C=FIRE  U=SRCH PILOT LOS  R=NO MSL  D=TRACKING  FU=HOLD FIRE  FR=TGT PILOT  FD=SRCH 9K113 LOS  FL=CM MENU
12:23:23     !! L does not offer "CLOSE" (shows "nil") -- not pressing
12:23:23   on page 'other': C=FIRE  U=SRCH PILOT LOS  R=NO MSL  D=TRACKING  FU=HOLD FIRE  FR=TGT PILOT  FD=SRCH 9K113 LOS  FL=CM MENU
12:23:23     !! L does not offer "CLOSE" (shows "nil") -- not pressing
12:23:23   on page 'other': C=FIRE  U=SRCH PILOT LOS  R=NO MSL  D=TRACKING  FU=HOLD FIRE  FR=TGT PILOT  FD=SRCH 9K113 LOS  FL=CM MENU
12:23:23     !! L does not offer "CLOSE" (shows "nil") -- not pressing
12:23:23   on page 'other': C=FIRE  U=SRCH PILOT LOS  R=NO MSL  D=TRACKING  FU=HOLD FIRE  FR=TGT PILOT  FD=SRCH 9K113 LOS  FL=CM MENU
12:23:23     !! L does not offer "CLOSE" (shows "nil") -- not pressing
12:23:23   on page 'other': C=FIRE  U=SRCH PILOT LOS  R=NO MSL  D=TRACKING  FU=HOLD FIRE  FR=TGT PILOT  FD=SRCH 9K113 LOS  FL=CM MENU
12:23:23     !! L does not offer "CLOSE" (shows "nil") -- not pressing
12:23:23   on page 'other': C=FIRE  U=SRCH PILOT LOS  R=NO MSL  D=TRACKING  FU=HOLD FIRE  FR=TGT PILOT  FD=SRCH 9K113 LOS  FL=CM MENU
12:23:23     !! L does not offer "CLOSE" (shows "nil") -- not pressing
12:23:23   on page 'other': C=FIRE  U=SRCH PILOT LOS  R=NO MSL  D=TRACKING  FU=HOLD FIRE  FR=TGT PILOT  FD=SRCH 9K113 LOS  FL=CM MENU
12:23:23     !! L does not offer "CLOSE" (shows "nil") -- not pressing
12:23:23   on page 'other': C=FIRE  U=SRCH PILOT LOS  R=NO MSL  D=TRACKING  FU=HOLD FIRE  FR=TGT PILOT  FD=SRCH 9K113 LOS  FL=CM MENU
12:23:23     !! L does not offer "CLOSE" (shows "nil") -- not pressing
12:23:23   on page 'other': C=FIRE  U=SRCH PILOT LOS  R=NO MSL  D=TRACKING  FU=HOLD FIRE  FR=TGT PILOT  FD=SRCH 9K113 LOS  FL=CM MENU
12:23:23     !! L does not offer "CLOSE" (shows "nil") -- not pressing
12:23:23   on page 'other': C=FIRE  U=SRCH PILOT LOS  R=NO MSL  D=TRACKING  FU=HOLD FIRE  FR=TGT PILOT  FD=SRCH 9K113 LOS  FL=CM MENU
12:23:23     !! L does not offer "CLOSE" (shows "nil") -- not pressing
12:23:23   on page 'other': C=FIRE  U=SRCH PILOT LOS  R=NO MSL  D=TRACKING  FU=HOLD FIRE  FR=TGT PILOT  FD=SRCH 9K113 LOS  FL=CM MENU
12:23:23     !! L does not offer "CLOSE" (shows "nil") -- not pressing
12:23:23   on page 'other': C=FIRE  U=SRCH PILOT LOS  R=NO MSL  D=TRACKING  FU=HOLD FIRE  FR=TGT PILOT  FD=SRCH 9K113 LOS  FL=CM MENU
12:23:23     !! L does not offer "CLOSE" (shows "nil") -- not pressing
12:23:23   on page 'other': C=FIRE  U=SRCH PILOT LOS  R=NO MSL  D=TRACKING  FU=HOLD FIRE  FR=TGT PILOT  FD=SRCH 9K113 LOS  FL=CM MENU
12:23:23     !! L does not offer "CLOSE" (shows "nil") -- not pressing
12:23:23   on page 'other': C=FIRE  U=SRCH PILOT LOS  R=NO MSL  D=TRACKING  FU=HOLD FIRE  FR=TGT PILOT  FD=SRCH 9K113 LOS  FL=CM MENU
12:23:23     !! L does not offer "CLOSE" (shows "nil") -- not pressing
12:23:23   on page 'other': C=FIRE  U=SRCH PILOT LOS  R=NO MSL  D=TRACKING  FU=HOLD FIRE  FR=TGT PILOT  FD=SRCH 9K113 LOS  FL=CM MENU
12:23:23     !! L does not offer "CLOSE" (shows "nil") -- not pressing
12:23:23   on page 'other': C=FIRE  U=SRCH PILOT LOS  R=NO MSL  D=TRACKING  FU=HOLD FIRE  FR=TGT PILOT  FD=SRCH 9K113 LOS  FL=CM MENU
12:23:23     !! L does not offer "CLOSE" (shows "nil") -- not pressing
12:23:23   on page 'other': C=FIRE  U=SRCH PILOT LOS  R=NO MSL  D=TRACKING  FU=HOLD FIRE  FR=TGT PILOT  FD=SRCH 9K113 LOS  FL=CM MENU
12:23:23     !! L does not offer "CLOSE" (shows "nil") -- not pressing
12:23:23   on page 'other': C=FIRE  U=SRCH PILOT LOS  R=NO MSL  D=TRACKING  FU=HOLD FIRE  FR=TGT PILOT  FD=SRCH 9K113 LOS  FL=CM MENU
12:23:23     !! L does not offer "CLOSE" (shows "nil") -- not pressing
12:23:23   on page 'other': C=FIRE  U=SRCH PILOT LOS  R=NO MSL  D=TRACKING  FU=HOLD FIRE  FR=TGT PILOT  FD=SRCH 9K113 LOS  FL=CM MENU
12:23:23     !! L does not offer "CLOSE" (shows "nil") -- not pressing
12:23:23   on page 'other': C=FIRE  U=SRCH PILOT LOS  R=NO MSL  D=TRACKING  FU=HOLD FIRE  FR=TGT PILOT  FD=SRCH 9K113 LOS  FL=CM MENU
12:23:23     !! L does not offer "CLOSE" (shows "nil") -- not pressing
12:23:23   on page 'other': C=FIRE  U=SRCH PILOT LOS  R=NO MSL  D=TRACKING  FU=HOLD FIRE  FR=TGT PILOT  FD=SRCH 9K113 LOS  FL=CM MENU
12:23:23     !! L does not offer "CLOSE" (shows "nil") -- not pressing
12:23:23   on page 'other': C=FIRE  U=SRCH PILOT LOS  R=NO MSL  D=TRACKING  FU=HOLD FIRE  FR=TGT PILOT  FD=SRCH 9K113 LOS  FL=CM MENU
12:23:23     !! L does not offer "CLOSE" (shows "nil") -- not pressing
12:23:23   on page 'other': C=FIRE  U=SRCH PILOT LOS  R=NO MSL  D=TRACKING  FU=HOLD FIRE  FR=TGT PILOT  FD=SRCH 9K113 LOS  FL=CM MENU
12:23:23     !! L does not offer "CLOSE" (shows "nil") -- not pressing
12:23:23   on page 'other': C=FIRE  U=SRCH PILOT LOS  R=NO MSL  D=TRACKING  FU=HOLD FIRE  FR=TGT PILOT  FD=SRCH 9K113 LOS  FL=CM MENU
12:23:23     !! L does not offer "CLOSE" (shows "nil") -- not pressing
12:23:23   on page 'other': C=FIRE  U=SRCH PILOT LOS  R=NO MSL  D=TRACKING  FU=HOLD FIRE  FR=TGT PILOT  FD=SRCH 9K113 LOS  FL=CM MENU
12:23:23     !! L does not offer "CLOSE" (shows "nil") -- not pressing
12:23:23   on page 'other': C=FIRE  U=SRCH PILOT LOS  R=NO MSL  D=TRACKING  FU=HOLD FIRE  FR=TGT PILOT  FD=SRCH 9K113 LOS  FL=CM MENU
12:23:23     !! L does not offer "CLOSE" (shows "nil") -- not pressing
12:23:23   on page 'other': C=FIRE  U=SRCH PILOT LOS  R=NO MSL  D=TRACKING  FU=HOLD FIRE  FR=TGT PILOT  FD=SRCH 9K113 LOS  FL=CM MENU
12:23:23     !! L does not offer "CLOSE" (shows "nil") -- not pressing
12:23:23   on page 'other': C=FIRE  U=SRCH PILOT LOS  R=NO MSL  D=TRACKING  FU=HOLD FIRE  FR=TGT PILOT  FD=SRCH 9K113 LOS  FL=CM MENU
12:23:23     !! L does not offer "CLOSE" (shows "nil") -- not pressing
12:23:23   on page 'other': C=FIRE  U=SRCH PILOT LOS  R=NO MSL  D=TRACKING  FU=HOLD FIRE  FR=TGT PILOT  FD=SRCH 9K113 LOS  FL=CM MENU
12:23:23     !! L does not offer "CLOSE" (shows "nil") -- not pressing
12:23:23   on page 'other': C=FIRE  U=SRCH PILOT LOS  R=NO MSL  D=TRACKING  FU=HOLD FIRE  FR=TGT PILOT  FD=SRCH 9K113 LOS  FL=CM MENU
12:23:23     !! L does not offer "CLOSE" (shows "nil") -- not pressing
12:23:23   on page 'other': C=FIRE  U=SRCH PILOT LOS  R=NO MSL  D=TRACKING  FU=HOLD FIRE  FR=TGT PILOT  FD=SRCH 9K113 LOS  FL=CM MENU
12:23:23     !! L does not offer "CLOSE" (shows "nil") -- not pressing
12:23:23   on page 'other': C=FIRE  U=SRCH PILOT LOS  R=NO MSL  D=TRACKING  FU=HOLD FIRE  FR=TGT PILOT  FD=SRCH 9K113 LOS  FL=CM MENU
12:23:23     !! L does not offer "CLOSE" (shows "nil") -- not pressing
12:23:23   on page 'other': C=FIRE  U=SRCH PILOT LOS  R=NO MSL  D=TRACKING  FU=HOLD FIRE  FR=TGT PILOT  FD=SRCH 9K113 LOS  FL=CM MENU
12:23:23     !! L does not offer "CLOSE" (shows "nil") -- not pressing
12:23:23   on page 'other': C=FIRE  U=SRCH PILOT LOS  R=NO MSL  D=TRACKING  FU=HOLD FIRE  FR=TGT PILOT  FD=SRCH 9K113 LOS  FL=CM MENU
12:23:23     !! L does not offer "CLOSE" (shows "nil") -- not pressing
12:23:23   on page 'other': C=FIRE  U=SRCH PILOT LOS  R=NO MSL  D=TRACKING  FU=HOLD FIRE  FR=TGT PILOT  FD=SRCH 9K113 LOS  FL=CM MENU
12:23:23     !! L does not offer "CLOSE" (shows "nil") -- not pressing
12:23:23   on page 'other': C=FIRE  U=SRCH PILOT LOS  R=NO MSL  D=TRACKING  FU=HOLD FIRE  FR=TGT PILOT  FD=SRCH 9K113 LOS  FL=CM MENU
12:23:23     !! L does not offer "CLOSE" (shows "nil") -- not pressing
12:23:23   on page 'other': C=FIRE  U=SRCH PILOT LOS  R=NO MSL  D=TRACKING  FU=HOLD FIRE  FR=TGT PILOT  FD=SRCH 9K113 LOS  FL=CM MENU
12:23:23     !! L does not offer "CLOSE" (shows "nil") -- not pressing
12:23:23   on page 'other': C=FIRE  U=SRCH PILOT LOS  R=NO MSL  D=TRACKING  FU=HOLD FIRE  FR=TGT PILOT  FD=SRCH 9K113 LOS  FL=CM MENU
12:23:23     !! L does not offer "CLOSE" (shows "nil") -- not pressing
12:23:23   on page 'other': C=FIRE  U=SRCH PILOT LOS  R=NO MSL  D=TRACKING  FU=HOLD FIRE  FR=TGT PILOT  FD=SRCH 9K113 LOS  FL=CM MENU
12:23:23     !! L does not offer "CLOSE" (shows "nil") -- not pressing
12:23:23   on page 'other': C=FIRE  U=SRCH PILOT LOS  R=NO MSL  D=TRACKING  FU=HOLD FIRE  FR=TGT PILOT  FD=SRCH 9K113 LOS  FL=CM MENU
12:23:23     !! L does not offer "CLOSE" (shows "nil") -- not pressing
12:23:23   on page 'other': C=FIRE  U=SRCH PILOT LOS  R=NO MSL  D=TRACKING  FU=HOLD FIRE  FR=TGT PILOT  FD=SRCH 9K113 LOS  FL=CM MENU
12:23:23     !! L does not offer "CLOSE" (shows "nil") -- not pressing
12:23:23   on page 'other': C=FIRE  U=SRCH PILOT LOS  R=NO MSL  D=TRACKING  FU=HOLD FIRE  FR=TGT PILOT  FD=SRCH 9K113 LOS  FL=CM MENU
12:23:23     !! L does not offer "CLOSE" (shows "nil") -- not pressing
12:23:23   on page 'other': C=FIRE  U=SRCH PILOT LOS  R=NO MSL  D=TRACKING  FU=HOLD FIRE  FR=TGT PILOT  FD=SRCH 9K113 LOS  FL=CM MENU
12:23:23     !! L does not offer "CLOSE" (shows "nil") -- not pressing
12:23:23   on page 'other': C=FIRE  U=SRCH PILOT LOS  R=NO MSL  D=TRACKING  FU=HOLD FIRE  FR=TGT PILOT  FD=SRCH 9K113 LOS  FL=CM MENU
12:23:23     !! L does not offer "CLOSE" (shows "nil") -- not pressing
12:23:23   on page 'other': C=FIRE  U=SRCH PILOT LOS  R=NO MSL  D=TRACKING  FU=HOLD FIRE  FR=TGT PILOT  FD=SRCH 9K113 LOS  FL=CM MENU
12:23:23     !! L does not offer "CLOSE" (shows "nil") -- not pressing
12:23:23   on page 'other': C=FIRE  U=SRCH PILOT LOS  R=NO MSL  D=TRACKING  FU=HOLD FIRE  FR=TGT PILOT  FD=SRCH 9K113 LOS  FL=CM MENU
12:23:23     !! L does not offer "CLOSE" (shows "nil") -- not pressing
12:23:23   on page 'other': C=FIRE  U=SRCH PILOT LOS  R=NO MSL  D=TRACKING  FU=HOLD FIRE  FR=TGT PILOT  FD=SRCH 9K113 LOS  FL=CM MENU
12:23:23     !! L does not offer "CLOSE" (shows "nil") -- not pressing
12:23:23   on page 'other': C=FIRE  U=SRCH PILOT LOS  R=NO MSL  D=TRACKING  FU=HOLD FIRE  FR=TGT PILOT  FD=SRCH 9K113 LOS  FL=CM MENU
12:23:23     !! L does not offer "CLOSE" (shows "nil") -- not pressing
12:23:24   on page 'other': C=FIRE  U=SRCH PILOT LOS  R=NO MSL  D=TRACKING  FU=HOLD FIRE  FR=TGT PILOT  FD=SRCH 9K113 LOS  FL=CM MENU
12:23:24     !! L does not offer "CLOSE" (shows "nil") -- not pressing
12:23:24   on page 'other': C=FIRE  U=SRCH PILOT LOS  R=NO MSL  D=TRACKING  FU=HOLD FIRE  FR=TGT PILOT  FD=SRCH 9K113 LOS  FL=CM MENU
12:23:24     !! L does not offer "CLOSE" (shows "nil") -- not pressing
12:23:24   on page 'other': C=FIRE  U=SRCH PILOT LOS  R=NO MSL  D=TRACKING  FU=HOLD FIRE  FR=TGT PILOT  FD=SRCH 9K113 LOS  FL=CM MENU
12:23:24     !! L does not offer "CLOSE" (shows "nil") -- not pressing
12:23:24   on page 'other': C=FIRE  U=SRCH PILOT LOS  R=NO MSL  D=TRACKING  FU=HOLD FIRE  FR=TGT PILOT  FD=SRCH 9K113 LOS  FL=CM MENU
12:23:24     !! L does not offer "CLOSE" (shows "nil") -- not pressing
12:23:24   on page 'other': C=FIRE  U=SRCH PILOT LOS  R=NO MSL  D=TRACKING  FU=HOLD FIRE  FR=TGT PILOT  FD=SRCH 9K113 LOS  FL=CM MENU
12:23:24     !! L does not offer "CLOSE" (shows "nil") -- not pressing
12:23:24   on page 'other': C=FIRE  U=SRCH PILOT LOS  R=NO MSL  D=TRACKING  FU=HOLD FIRE  FR=TGT PILOT  FD=SRCH 9K113 LOS  FL=CM MENU
12:23:24     !! L does not offer "CLOSE" (shows "nil") -- not pressing
12:23:24   on page 'other': C=FIRE  U=SRCH PILOT LOS  R=NO MSL  D=TRACKING  FU=HOLD FIRE  FR=TGT PILOT  FD=SRCH 9K113 LOS  FL=CM MENU
12:23:24     !! L does not offer "CLOSE" (shows "nil") -- not pressing
12:23:24   on page 'other': C=FIRE  U=SRCH PILOT LOS  R=NO MSL  D=TRACKING  FU=HOLD FIRE  FR=TGT PILOT  FD=SRCH 9K113 LOS  FL=CM MENU
12:23:24     !! L does not offer "CLOSE" (shows "nil") -- not pressing
12:23:24   on page 'other': C=FIRE  U=SRCH PILOT LOS  R=NO MSL  D=TRACKING  FU=HOLD FIRE  FR=TGT PILOT  FD=SRCH 9K113 LOS  FL=CM MENU
12:23:24     !! L does not offer "CLOSE" (shows "nil") -- not pressing
12:23:24   on page 'other': C=FIRE  U=SRCH PILOT LOS  R=NO MSL  D=TRACKING  FU=HOLD FIRE  FR=TGT PILOT  FD=SRCH 9K113 LOS  FL=CM MENU
12:23:24     !! L does not offer "CLOSE" (shows "nil") -- not pressing
12:23:24   on page 'other': C=FIRE  U=SRCH PILOT LOS  R=NO MSL  D=TRACKING  FU=HOLD FIRE  FR=TGT PILOT  FD=SRCH 9K113 LOS  FL=CM MENU
12:23:24     !! L does not offer "CLOSE" (shows "nil") -- not pressing
12:23:24   on page 'other': C=FIRE  U=SRCH PILOT LOS  R=NO MSL  D=TRACKING  FU=HOLD FIRE  FR=TGT PILOT  FD=SRCH 9K113 LOS  FL=CM MENU
12:23:24     !! L does not offer "CLOSE" (shows "nil") -- not pressing
12:23:24   on page 'other': C=FIRE  U=SRCH PILOT LOS  R=NO MSL  D=TRACKING  FU=HOLD FIRE  FR=TGT PILOT  FD=SRCH 9K113 LOS  FL=CM MENU
12:23:24     !! L does not offer "CLOSE" (shows "nil") -- not pressing
12:23:24   on page 'other': C=FIRE  U=SRCH PILOT LOS  R=NO MSL  D=TRACKING  FU=HOLD FIRE  FR=TGT PILOT  FD=SRCH 9K113 LOS  FL=CM MENU
12:23:24     !! L does not offer "CLOSE" (shows "nil") -- not pressing
12:23:24   on page 'other': C=FIRE  U=SRCH PILOT LOS  R=NO MSL  D=TRACKING  FU=HOLD FIRE  FR=TGT PILOT  FD=SRCH 9K113 LOS  FL=CM MENU
12:23:24     !! L does not offer "CLOSE" (shows "nil") -- not pressing
12:23:24   on page 'other': C=FIRE  U=SRCH PILOT LOS  R=NO MSL  D=TRACKING  FU=HOLD FIRE  FR=TGT PILOT  FD=SRCH 9K113 LOS  FL=CM MENU
12:23:24     !! L does not offer "CLOSE" (shows "nil") -- not pressing
12:23:24   on page 'other': C=FIRE  U=SRCH PILOT LOS  R=NO MSL  D=TRACKING  FU=HOLD FIRE  FR=TGT PILOT  FD=SRCH 9K113 LOS  FL=CM MENU
12:23:24     !! L does not offer "CLOSE" (shows "nil") -- not pressing
12:23:24   on page 'other': C=FIRE  U=SRCH PILOT LOS  R=NO MSL  D=TRACKING  FU=HOLD FIRE  FR=TGT PILOT  FD=SRCH 9K113 LOS  FL=CM MENU
12:23:24     !! L does not offer "CLOSE" (shows "nil") -- not pressing
12:23:24   on page 'other': C=FIRE  U=SRCH PILOT LOS  R=NO MSL  D=TRACKING  FU=HOLD FIRE  FR=TGT PILOT  FD=SRCH 9K113 LOS  FL=CM MENU
12:23:24     !! L does not offer "CLOSE" (shows "nil") -- not pressing
12:23:24   on page 'other': C=FIRE  U=SRCH PILOT LOS  R=NO MSL  D=TRACKING  FU=HOLD FIRE  FR=TGT PILOT  FD=SRCH 9K113 LOS  FL=CM MENU
12:23:24     !! L does not offer "CLOSE" (shows "nil") -- not pressing
12:23:24   on page 'other': C=FIRE  U=SRCH PILOT LOS  R=NO MSL  D=TRACKING  FU=HOLD FIRE  FR=TGT PILOT  FD=SRCH 9K113 LOS  FL=CM MENU
12:23:24     !! L does not offer "CLOSE" (shows "nil") -- not pressing
12:23:24   on page 'other': C=FIRE  U=SRCH PILOT LOS  R=NO MSL  D=TRACKING  FU=HOLD FIRE  FR=TGT PILOT  FD=SRCH 9K113 LOS  FL=CM MENU
12:23:24     !! L does not offer "CLOSE" (shows "nil") -- not pressing
12:23:24   on page 'other': C=FIRE  U=SRCH PILOT LOS  R=NO MSL  D=TRACKING  FU=HOLD FIRE  FR=TGT PILOT  FD=SRCH 9K113 LOS  FL=CM MENU
12:23:24     !! L does not offer "CLOSE" (shows "nil") -- not pressing
12:23:24   on page 'other': C=FIRE  U=SRCH PILOT LOS  R=NO MSL  D=TRACKING  FU=HOLD FIRE  FR=TGT PILOT  FD=SRCH 9K113 LOS  FL=CM MENU
12:23:24     !! L does not offer "CLOSE" (shows "nil") -- not pressing
12:23:24   on page 'other': C=FIRE  U=SRCH PILOT LOS  R=NO MSL  D=TRACKING  FU=HOLD FIRE  FR=TGT PILOT  FD=SRCH 9K113 LOS  FL=CM MENU
12:23:24     !! L does not offer "CLOSE" (shows "nil") -- not pressing
12:23:24   on page 'other': C=FIRE  U=SRCH PILOT LOS  R=NO MSL  D=TRACKING  FU=HOLD FIRE  FR=TGT PILOT  FD=SRCH 9K113 LOS  FL=CM MENU
12:23:24     !! L does not offer "CLOSE" (shows "nil") -- not pressing
12:23:24   on page 'other': C=FIRE  U=SRCH PILOT LOS  R=NO MSL  D=TRACKING  FU=HOLD FIRE  FR=TGT PILOT  FD=SRCH 9K113 LOS  FL=CM MENU
12:23:24     !! L does not offer "CLOSE" (shows "nil") -- not pressing
12:23:24   on page 'other': C=FIRE  U=SRCH PILOT LOS  R=NO MSL  D=TRACKING  FU=HOLD FIRE  FR=TGT PILOT  FD=SRCH 9K113 LOS  FL=CM MENU
12:23:24     !! L does not offer "CLOSE" (shows "nil") -- not pressing
12:23:24   on page 'other': C=FIRE  U=SRCH PILOT LOS  R=NO MSL  D=TRACKING  FU=HOLD FIRE  FR=TGT PILOT  FD=SRCH 9K113 LOS  FL=CM MENU
12:23:24     !! L does not offer "CLOSE" (shows "nil") -- not pressing
12:23:24   on page 'other': C=FIRE  U=SRCH PILOT LOS  R=NO MSL  D=TRACKING  FU=HOLD FIRE  FR=TGT PILOT  FD=SRCH 9K113 LOS  FL=CM MENU
12:23:24     !! L does not offer "CLOSE" (shows "nil") -- not pressing
12:23:24   on page 'other': C=FIRE  U=SRCH PILOT LOS  R=NO MSL  D=TRACKING  FU=HOLD FIRE  FR=TGT PILOT  FD=SRCH 9K113 LOS  FL=CM MENU
12:23:24     !! L does not offer "CLOSE" (shows "nil") -- not pressing
12:23:24   on page 'other': C=FIRE  U=SRCH PILOT LOS  R=NO MSL  D=TRACKING  FU=HOLD FIRE  FR=TGT PILOT  FD=SRCH 9K113 LOS  FL=CM MENU
12:23:24     !! L does not offer "CLOSE" (shows "nil") -- not pressing
12:23:24   on page 'other': C=FIRE  U=SRCH PILOT LOS  R=NO MSL  D=TRACKING  FU=HOLD FIRE  FR=TGT PILOT  FD=SRCH 9K113 LOS  FL=CM MENU
12:23:24     !! L does not offer "CLOSE" (shows "nil") -- not pressing
12:23:24   on page 'other': C=FIRE  U=SRCH PILOT LOS  R=NO MSL  D=TRACKING  FU=HOLD FIRE  FR=TGT PILOT  FD=SRCH 9K113 LOS  FL=CM MENU
12:23:24     !! L does not offer "CLOSE" (shows "nil") -- not pressing
12:23:24   on page 'other': C=FIRE  U=SRCH PILOT LOS  R=NO MSL  D=TRACKING  FU=HOLD FIRE  FR=TGT PILOT  FD=SRCH 9K113 LOS  FL=CM MENU
12:23:24     !! L does not offer "CLOSE" (shows "nil") -- not pressing
12:23:24   on page 'other': C=FIRE  U=SRCH PILOT LOS  R=NO MSL  D=TRACKING  FU=HOLD FIRE  FR=TGT PILOT  FD=SRCH 9K113 LOS  FL=CM MENU
12:23:24     !! L does not offer "CLOSE" (shows "nil") -- not pressing
12:23:24   on page 'other': C=FIRE  U=SRCH PILOT LOS  R=NO MSL  D=TRACKING  FU=HOLD FIRE  FR=TGT PILOT  FD=SRCH 9K113 LOS  FL=CM MENU
12:23:24     !! L does not offer "CLOSE" (shows "nil") -- not pressing
12:23:24   on page 'other': C=FIRE  U=SRCH PILOT LOS  R=NO MSL  D=TRACKING  FU=HOLD FIRE  FR=TGT PILOT  FD=SRCH 9K113 LOS  FL=CM MENU
12:23:24     !! L does not offer "CLOSE" (shows "nil") -- not pressing
12:23:24   on page 'other': C=FIRE  U=SRCH PILOT LOS  R=NO MSL  D=TRACKING  FU=HOLD FIRE  FR=TGT PILOT  FD=SRCH 9K113 LOS  FL=CM MENU
12:23:24     !! L does not offer "CLOSE" (shows "nil") -- not pressing
12:23:24   on page 'other': C=FIRE  U=SRCH PILOT LOS  R=NO MSL  D=TRACKING  FU=HOLD FIRE  FR=TGT PILOT  FD=SRCH 9K113 LOS  FL=CM MENU
12:23:24     !! L does not offer "CLOSE" (shows "nil") -- not pressing
12:23:24   on page 'other': C=FIRE  U=SRCH PILOT LOS  R=NO MSL  D=TRACKING  FU=HOLD FIRE  FR=TGT PILOT  FD=SRCH 9K113 LOS  FL=CM MENU
12:23:24     !! L does not offer "CLOSE" (shows "nil") -- not pressing
12:23:24   on page 'other': C=FIRE  U=SRCH PILOT LOS  R=NO MSL  D=TRACKING  FU=HOLD FIRE  FR=TGT PILOT  FD=SRCH 9K113 LOS  FL=CM MENU
12:23:24     !! L does not offer "CLOSE" (shows "nil") -- not pressing
12:23:24   on page 'other': C=FIRE  U=SRCH PILOT LOS  R=NO MSL  D=TRACKING  FU=HOLD FIRE  FR=TGT PILOT  FD=SRCH 9K113 LOS  FL=CM MENU
12:23:24     !! L does not offer "CLOSE" (shows "nil") -- not pressing
12:23:24   on page 'other': C=FIRE  U=SRCH PILOT LOS  R=NO MSL  D=TRACKING  FU=HOLD FIRE  FR=TGT PILOT  FD=SRCH 9K113 LOS  FL=CM MENU
12:23:24     !! L does not offer "CLOSE" (shows "nil") -- not pressing
12:23:24   on page 'other': C=FIRE  U=SRCH PILOT LOS  R=NO MSL  D=TRACKING  FU=HOLD FIRE  FR=TGT PILOT  FD=SRCH 9K113 LOS  FL=CM MENU
12:23:24     !! L does not offer "CLOSE" (shows "nil") -- not pressing
12:23:24   on page 'other': C=FIRE  U=SRCH PILOT LOS  R=NO MSL  D=TRACKING  FU=HOLD FIRE  FR=TGT PILOT  FD=SRCH 9K113 LOS  FL=CM MENU
12:23:24     !! L does not offer "CLOSE" (shows "nil") -- not pressing
12:23:24   on page 'other': C=FIRE  U=SRCH PILOT LOS  R=NO MSL  D=TRACKING  FU=HOLD FIRE  FR=TGT PILOT  FD=SRCH 9K113 LOS  FL=CM MENU
12:23:24     !! L does not offer "CLOSE" (shows "nil") -- not pressing
12:23:24   on page 'other': C=FIRE  U=SRCH PILOT LOS  R=NO MSL  D=TRACKING  FU=HOLD FIRE  FR=TGT PILOT  FD=SRCH 9K113 LOS  FL=CM MENU
12:23:24     !! L does not offer "CLOSE" (shows "nil") -- not pressing
12:23:24   on page 'other': C=FIRE  U=SRCH PILOT LOS  R=NO MSL  D=TRACKING  FU=HOLD FIRE  FR=TGT PILOT  FD=SRCH 9K113 LOS  FL=CM MENU
12:23:24     !! L does not offer "CLOSE" (shows "nil") -- not pressing
12:23:24   on page 'other': C=FIRE  U=SRCH PILOT LOS  R=NO MSL  D=TRACKING  FU=HOLD FIRE  FR=TGT PILOT  FD=SRCH 9K113 LOS  FL=CM MENU
12:23:24     !! L does not offer "CLOSE" (shows "nil") -- not pressing
12:23:24   on page 'other': C=FIRE  U=SRCH PILOT LOS  R=NO MSL  D=TRACKING  FU=HOLD FIRE  FR=TGT PILOT  FD=SRCH 9K113 LOS  FL=CM MENU
12:23:24     !! L does not offer "CLOSE" (shows "nil") -- not pressing
12:23:24   on page 'other': C=FIRE  U=SRCH PILOT LOS  R=NO MSL  D=TRACKING  FU=HOLD FIRE  FR=TGT PILOT  FD=SRCH 9K113 LOS  FL=CM MENU
12:23:24     !! L does not offer "CLOSE" (shows "nil") -- not pressing
12:23:24   on page 'other': C=FIRE  U=SRCH PILOT LOS  R=NO MSL  D=TRACKING  FU=HOLD FIRE  FR=TGT PILOT  FD=SRCH 9K113 LOS  FL=CM MENU
12:23:24     !! L does not offer "CLOSE" (shows "nil") -- not pressing
12:23:24   on page 'other': C=FIRE  U=SRCH PILOT LOS  R=NO MSL  D=TRACKING  FU=HOLD FIRE  FR=TGT PILOT  FD=SRCH 9K113 LOS  FL=CM MENU
12:23:24     !! L does not offer "CLOSE" (shows "nil") -- not pressing
12:23:24   on page 'other': C=FIRE  U=SRCH PILOT LOS  R=NO MSL  D=TRACKING  FU=HOLD FIRE  FR=TGT PILOT  FD=SRCH 9K113 LOS  FL=CM MENU
12:23:24     !! L does not offer "CLOSE" (shows "nil") -- not pressing
12:23:24   on page 'other': C=FIRE  U=SRCH PILOT LOS  R=NO MSL  D=TRACKING  FU=HOLD FIRE  FR=TGT PILOT  FD=SRCH 9K113 LOS  FL=CM MENU
12:23:24     !! L does not offer "CLOSE" (shows "nil") -- not pressing
12:23:24   on page 'other': C=FIRE  U=SRCH PILOT LOS  R=NO MSL  D=TRACKING  FU=HOLD FIRE  FR=TGT PILOT  FD=SRCH 9K113 LOS  FL=CM MENU
12:23:24     !! L does not offer "CLOSE" (shows "nil") -- not pressing
12:23:24   on page 'other': C=FIRE  U=SRCH PILOT LOS  R=NO MSL  D=TRACKING  FU=HOLD FIRE  FR=TGT PILOT  FD=SRCH 9K113 LOS  FL=CM MENU
12:23:24     !! L does not offer "CLOSE" (shows "nil") -- not pressing
12:23:24   on page 'other': C=FIRE  U=SRCH PILOT LOS  R=NO MSL  D=TRACKING  FU=HOLD FIRE  FR=TGT PILOT  FD=SRCH 9K113 LOS  FL=CM MENU
12:23:24     !! L does not offer "CLOSE" (shows "nil") -- not pressing
12:23:24   on page 'other': C=FIRE  U=SRCH PILOT LOS  R=NO MSL  D=TRACKING  FU=HOLD FIRE  FR=TGT PILOT  FD=SRCH 9K113 LOS  FL=CM MENU
12:23:24     !! L does not offer "CLOSE" (shows "nil") -- not pressing
12:23:24   on page 'other': C=FIRE  U=SRCH PILOT LOS  R=NO MSL  D=TRACKING  FU=HOLD FIRE  FR=TGT PILOT  FD=SRCH 9K113 LOS  FL=CM MENU
12:23:24     !! L does not offer "CLOSE" (shows "nil") -- not pressing
12:23:24   on page 'other': C=FIRE  U=SRCH PILOT LOS  R=NO MSL  D=TRACKING  FU=HOLD FIRE  FR=TGT PILOT  FD=SRCH 9K113 LOS  FL=CM MENU
12:23:24     !! L does not offer "CLOSE" (shows "nil") -- not pressing
12:23:24   on page 'other': C=FIRE  U=SRCH PILOT LOS  R=NO MSL  D=TRACKING  FU=HOLD FIRE  FR=TGT PILOT  FD=SRCH 9K113 LOS  FL=CM MENU
12:23:24     !! L does not offer "CLOSE" (shows "nil") -- not pressing
12:23:24   on page 'other': C=FIRE  U=SRCH PILOT LOS  R=NO MSL  D=TRACKING  FU=HOLD FIRE  FR=TGT PILOT  FD=SRCH 9K113 LOS  FL=CM MENU
12:23:24     !! L does not offer "CLOSE" (shows "nil") -- not pressing
12:23:24   on page 'other': C=FIRE  U=SRCH PILOT LOS  R=NO MSL  D=TRACKING  FU=HOLD FIRE  FR=TGT PILOT  FD=SRCH 9K113 LOS  FL=CM MENU
12:23:24     !! L does not offer "CLOSE" (shows "nil") -- not pressing
12:23:24   on page 'other': C=FIRE  U=SRCH PILOT LOS  R=NO MSL  D=TRACKING  FU=HOLD FIRE  FR=TGT PILOT  FD=SRCH 9K113 LOS  FL=CM MENU
12:23:24     !! L does not offer "CLOSE" (shows "nil") -- not pressing
12:23:24   on page 'other': C=FIRE  U=SRCH PILOT LOS  R=NO MSL  D=TRACKING  FU=HOLD FIRE  FR=TGT PILOT  FD=SRCH 9K113 LOS  FL=CM MENU
12:23:24     !! L does not offer "CLOSE" (shows "nil") -- not pressing
12:23:24   on page 'other': C=FIRE  U=SRCH PILOT LOS  R=NO MSL  D=TRACKING  FU=HOLD FIRE  FR=TGT PILOT  FD=SRCH 9K113 LOS  FL=CM MENU
12:23:24     !! L does not offer "CLOSE" (shows "nil") -- not pressing
12:23:24   on page 'other': C=FIRE  U=SRCH PILOT LOS  R=NO MSL  D=TRACKING  FU=HOLD FIRE  FR=TGT PILOT  FD=SRCH 9K113 LOS  FL=CM MENU
12:23:24     !! L does not offer "CLOSE" (shows "nil") -- not pressing
12:23:24   on page 'other': C=FIRE  U=SRCH PILOT LOS  R=NO MSL  D=TRACKING  FU=HOLD FIRE  FR=TGT PILOT  FD=SRCH 9K113 LOS  FL=CM MENU
12:23:24     !! L does not offer "CLOSE" (shows "nil") -- not pressing
12:23:24   on page 'other': C=FIRE  U=SRCH PILOT LOS  R=NO MSL  D=TRACKING  FU=HOLD FIRE  FR=TGT PILOT  FD=SRCH 9K113 LOS  FL=CM MENU
12:23:24     !! L does not offer "CLOSE" (shows "nil") -- not pressing
12:23:24   on page 'other': C=FIRE  U=SRCH PILOT LOS  R=NO MSL  D=TRACKING  FU=HOLD FIRE  FR=TGT PILOT  FD=SRCH 9K113 LOS  FL=CM MENU
12:23:24     !! L does not offer "CLOSE" (shows "nil") -- not pressing
12:23:24   on page 'other': C=FIRE  U=SRCH PILOT LOS  R=NO MSL  D=TRACKING  FU=HOLD FIRE  FR=TGT PILOT  FD=SRCH 9K113 LOS  FL=CM MENU
12:23:24     !! L does not offer "CLOSE" (shows "nil") -- not pressing
12:23:24   on page 'other': C=FIRE  U=SRCH PILOT LOS  R=NO MSL  D=TRACKING  FU=HOLD FIRE  FR=TGT PILOT  FD=SRCH 9K113 LOS  FL=CM MENU
12:23:24     !! L does not offer "CLOSE" (shows "nil") -- not pressing
12:23:24   on page 'other': C=FIRE  U=SRCH PILOT LOS  R=NO MSL  D=TRACKING  FU=HOLD FIRE  FR=TGT PILOT  FD=SRCH 9K113 LOS  FL=CM MENU
12:23:24     !! L does not offer "CLOSE" (shows "nil") -- not pressing
12:23:24   on page 'other': C=FIRE  U=SRCH PILOT LOS  R=NO MSL  D=TRACKING  FU=HOLD FIRE  FR=TGT PILOT  FD=SRCH 9K113 LOS  FL=CM MENU
12:23:24     !! L does not offer "CLOSE" (shows "nil") -- not pressing
12:23:24   on page 'other': C=FIRE  U=SRCH PILOT LOS  R=NO MSL  D=TRACKING  FU=HOLD FIRE  FR=TGT PILOT  FD=SRCH 9K113 LOS  FL=CM MENU
12:23:24     !! L does not offer "CLOSE" (shows "nil") -- not pressing
12:23:24   on page 'other': C=FIRE  U=SRCH PILOT LOS  R=NO MSL  D=TRACKING  FU=HOLD FIRE  FR=TGT PILOT  FD=SRCH 9K113 LOS  FL=CM MENU
12:23:24     !! L does not offer "CLOSE" (shows "nil") -- not pressing
12:23:24   on page 'other': C=FIRE  U=SRCH PILOT LOS  R=NO MSL  D=TRACKING  FU=HOLD FIRE  FR=TGT PILOT  FD=SRCH 9K113 LOS  FL=CM MENU
12:23:24     !! L does not offer "CLOSE" (shows "nil") -- not pressing
12:23:24   on page 'other': C=FIRE  U=SRCH PILOT LOS  R=NO MSL  D=TRACKING  FU=HOLD FIRE  FR=TGT PILOT  FD=SRCH 9K113 LOS  FL=CM MENU
12:23:24     !! L does not offer "CLOSE" (shows "nil") -- not pressing
12:23:25   on page 'other': C=FIRE  U=SRCH PILOT LOS  R=NO MSL  D=TRACKING  FU=HOLD FIRE  FR=TGT PILOT  FD=SRCH 9K113 LOS  FL=CM MENU
12:23:25     !! L does not offer "CLOSE" (shows "nil") -- not pressing
12:23:25   on page 'other': C=FIRE  U=SRCH PILOT LOS  R=NO MSL  D=TRACKING  FU=HOLD FIRE  FR=TGT PILOT  FD=SRCH 9K113 LOS  FL=CM MENU
12:23:25     !! L does not offer "CLOSE" (shows "nil") -- not pressing
12:23:25   on page 'other': C=FIRE  U=SRCH PILOT LOS  R=NO MSL  D=TRACKING  FU=HOLD FIRE  FR=TGT PILOT  FD=SRCH 9K113 LOS  FL=CM MENU
12:23:25     !! L does not offer "CLOSE" (shows "nil") -- not pressing
12:23:25   on page 'other': C=FIRE  U=SRCH PILOT LOS  R=NO MSL  D=TRACKING  FU=HOLD FIRE  FR=TGT PILOT  FD=SRCH 9K113 LOS  FL=CM MENU
12:23:25     !! L does not offer "CLOSE" (shows "nil") -- not pressing
12:23:25   on page 'other': C=FIRE  U=SRCH PILOT LOS  R=NO MSL  D=TRACKING  FU=HOLD FIRE  FR=TGT PILOT  FD=SRCH 9K113 LOS  FL=CM MENU
12:23:25     !! L does not offer "CLOSE" (shows "nil") -- not pressing
12:23:25   on page 'other': C=FIRE  U=SRCH PILOT LOS  R=NO MSL  D=TRACKING  FU=HOLD FIRE  FR=TGT PILOT  FD=SRCH 9K113 LOS  FL=CM MENU
12:23:25     !! L does not offer "CLOSE" (shows "nil") -- not pressing
12:23:25   on page 'other': C=FIRE  U=SRCH PILOT LOS  R=NO MSL  D=TRACKING  FU=HOLD FIRE  FR=TGT PILOT  FD=SRCH 9K113 LOS  FL=CM MENU
12:23:25     !! L does not offer "CLOSE" (shows "nil") -- not pressing
12:23:25   on page 'other': C=FIRE  U=SRCH PILOT LOS  R=NO MSL  D=TRACKING  FU=HOLD FIRE  FR=TGT PILOT  FD=SRCH 9K113 LOS  FL=CM MENU
12:23:25     !! L does not offer "CLOSE" (shows "nil") -- not pressing
12:23:25   on page 'other': C=FIRE  U=SRCH PILOT LOS  R=NO MSL  D=TRACKING  FU=HOLD FIRE  FR=TGT PILOT  FD=SRCH 9K113 LOS  FL=CM MENU
12:23:25     !! L does not offer "CLOSE" (shows "nil") -- not pressing
12:23:25   on page 'other': C=FIRE  U=SRCH PILOT LOS  R=NO MSL  D=TRACKING  FU=HOLD FIRE  FR=TGT PILOT  FD=SRCH 9K113 LOS  FL=CM MENU
12:23:25     !! L does not offer "CLOSE" (shows "nil") -- not pressing
12:23:25   on page 'other': C=FIRE  U=SRCH PILOT LOS  R=NO MSL  D=TRACKING  FU=HOLD FIRE  FR=TGT PILOT  FD=SRCH 9K113 LOS  FL=CM MENU
12:23:25     !! L does not offer "CLOSE" (shows "nil") -- not pressing
12:23:25   on page 'other': C=FIRE  U=SRCH PILOT LOS  R=NO MSL  D=TRACKING  FU=HOLD FIRE  FR=TGT PILOT  FD=SRCH 9K113 LOS  FL=CM MENU
12:23:25     !! L does not offer "CLOSE" (shows "nil") -- not pressing
12:23:25   on page 'other': C=FIRE  U=SRCH PILOT LOS  R=NO MSL  D=TRACKING  FU=HOLD FIRE  FR=TGT PILOT  FD=SRCH 9K113 LOS  FL=CM MENU
12:23:25     !! L does not offer "CLOSE" (shows "nil") -- not pressing
12:23:25   on page 'other': C=FIRE  U=SRCH PILOT LOS  R=NO MSL  D=TRACKING  FU=HOLD FIRE  FR=TGT PILOT  FD=SRCH 9K113 LOS  FL=CM MENU
12:23:25     !! L does not offer "CLOSE" (shows "nil") -- not pressing
12:23:25   on page 'other': C=FIRE  U=SRCH PILOT LOS  R=NO MSL  D=TRACKING  FU=HOLD FIRE  FR=TGT PILOT  FD=SRCH 9K113 LOS  FL=CM MENU
12:23:25     !! L does not offer "CLOSE" (shows "nil") -- not pressing
12:23:25   on page 'other': C=FIRE  U=SRCH PILOT LOS  R=NO MSL  D=TRACKING  FU=HOLD FIRE  FR=TGT PILOT  FD=SRCH 9K113 LOS  FL=CM MENU
12:23:25     !! L does not offer "CLOSE" (shows "nil") -- not pressing
12:23:25   on page 'other': C=FIRE  U=SRCH PILOT LOS  R=NO MSL  D=TRACKING  FU=HOLD FIRE  FR=TGT PILOT  FD=SRCH 9K113 LOS  FL=CM MENU
12:23:25     !! L does not offer "CLOSE" (shows "nil") -- not pressing
12:23:25   on page 'other': C=FIRE  U=SRCH PILOT LOS  R=NO MSL  D=TRACKING  FU=HOLD FIRE  FR=TGT PILOT  FD=SRCH 9K113 LOS  FL=CM MENU
12:23:25     !! L does not offer "CLOSE" (shows "nil") -- not pressing
12:23:25   on page 'other': C=FIRE  U=SRCH PILOT LOS  R=NO MSL  D=TRACKING  FU=HOLD FIRE  FR=TGT PILOT  FD=SRCH 9K113 LOS  FL=CM MENU
12:23:25     !! L does not offer "CLOSE" (shows "nil") -- not pressing
12:23:25   on page 'other': C=FIRE  U=SRCH PILOT LOS  R=NO MSL  D=TRACKING  FU=HOLD FIRE  FR=TGT PILOT  FD=SRCH 9K113 LOS  FL=CM MENU
12:23:25     !! L does not offer "CLOSE" (shows "nil") -- not pressing
12:23:25   on page 'other': C=FIRE  U=SRCH PILOT LOS  R=NO MSL  D=TRACKING  FU=HOLD FIRE  FR=TGT PILOT  FD=SRCH 9K113 LOS  FL=CM MENU
12:23:25     !! L does not offer "CLOSE" (shows "nil") -- not pressing
12:23:25   on page 'other': C=FIRE  U=SRCH PILOT LOS  R=NO MSL  D=TRACKING  FU=HOLD FIRE  FR=TGT PILOT  FD=SRCH 9K113 LOS  FL=CM MENU
12:23:25     !! L does not offer "CLOSE" (shows "nil") -- not pressing
12:23:25   on page 'other': C=FIRE  U=SRCH PILOT LOS  R=NO MSL  D=TRACKING  FU=HOLD FIRE  FR=TGT PILOT  FD=SRCH 9K113 LOS  FL=CM MENU
12:23:25     !! L does not offer "CLOSE" (shows "nil") -- not pressing
12:23:25   on page 'other': C=FIRE  U=SRCH PILOT LOS  R=NO MSL  D=TRACKING  FU=HOLD FIRE  FR=TGT PILOT  FD=SRCH 9K113 LOS  FL=CM MENU
12:23:25     !! L does not offer "CLOSE" (shows "nil") -- not pressing
12:23:25   on page 'other': C=FIRE  U=SRCH PILOT LOS  R=NO MSL  D=TRACKING  FU=HOLD FIRE  FR=TGT PILOT  FD=SRCH 9K113 LOS  FL=CM MENU
12:23:25     !! L does not offer "CLOSE" (shows "nil") -- not pressing
12:23:25   on page 'other': C=FIRE  U=SRCH PILOT LOS  R=NO MSL  D=TRACKING  FU=HOLD FIRE  FR=TGT PILOT  FD=SRCH 9K113 LOS  FL=CM MENU
12:23:25     !! L does not offer "CLOSE" (shows "nil") -- not pressing
12:23:25   on page 'other': C=FIRE  U=SRCH PILOT LOS  R=NO MSL  D=TRACKING  FU=HOLD FIRE  FR=TGT PILOT  FD=SRCH 9K113 LOS  FL=CM MENU
12:23:25     !! L does not offer "CLOSE" (shows "nil") -- not pressing
12:23:25   on page 'other': C=FIRE  U=SRCH PILOT LOS  R=NO MSL  D=TRACKING  FU=HOLD FIRE  FR=TGT PILOT  FD=SRCH 9K113 LOS  FL=CM MENU
12:23:25     !! L does not offer "CLOSE" (shows "nil") -- not pressing
12:23:25   on page 'other': C=FIRE  U=SRCH PILOT LOS  R=NO MSL  D=TRACKING  FU=HOLD FIRE  FR=TGT PILOT  FD=SRCH 9K113 LOS  FL=CM MENU
12:23:25     !! L does not offer "CLOSE" (shows "nil") -- not pressing
12:23:25   on page 'other': C=FIRE  U=SRCH PILOT LOS  R=NO MSL  D=TRACKING  FU=HOLD FIRE  FR=TGT PILOT  FD=SRCH 9K113 LOS  FL=CM MENU
12:23:25     !! L does not offer "CLOSE" (shows "nil") -- not pressing
12:23:25   on page 'other': C=FIRE  U=SRCH PILOT LOS  R=NO MSL  D=TRACKING  FU=HOLD FIRE  FR=TGT PILOT  FD=SRCH 9K113 LOS  FL=CM MENU
12:23:25     !! L does not offer "CLOSE" (shows "nil") -- not pressing
12:23:25   on page 'other': C=FIRE  U=SRCH PILOT LOS  R=NO MSL  D=TRACKING  FU=HOLD FIRE  FR=TGT PILOT  FD=SRCH 9K113 LOS  FL=CM MENU
12:23:25     !! L does not offer "CLOSE" (shows "nil") -- not pressing
12:23:25   on page 'other': C=FIRE  U=SRCH PILOT LOS  R=NO MSL  D=TRACKING  FU=HOLD FIRE  FR=TGT PILOT  FD=SRCH 9K113 LOS  FL=CM MENU
12:23:25     !! L does not offer "CLOSE" (shows "nil") -- not pressing
12:23:25   on page 'other': C=FIRE  U=SRCH PILOT LOS  R=NO MSL  D=TRACKING  FU=HOLD FIRE  FR=TGT PILOT  FD=SRCH 9K113 LOS  FL=CM MENU
12:23:25     !! L does not offer "CLOSE" (shows "nil") -- not pressing
12:23:25   on page 'other': C=FIRE  U=SRCH PILOT LOS  R=NO MSL  D=TRACKING  FU=HOLD FIRE  FR=TGT PILOT  FD=SRCH 9K113 LOS  FL=CM MENU
12:23:25     !! L does not offer "CLOSE" (shows "nil") -- not pressing
12:23:25   on page 'other': C=FIRE  U=SRCH PILOT LOS  R=NO MSL  D=TRACKING  FU=HOLD FIRE  FR=TGT PILOT  FD=SRCH 9K113 LOS  FL=CM MENU
12:23:25     !! L does not offer "CLOSE" (shows "nil") -- not pressing
12:23:25   on page 'other': C=FIRE  U=SRCH PILOT LOS  R=NO MSL  D=TRACKING  FU=HOLD FIRE  FR=TGT PILOT  FD=SRCH 9K113 LOS  FL=CM MENU
12:23:25     !! L does not offer "CLOSE" (shows "nil") -- not pressing
12:23:25   on page 'other': C=FIRE  U=SRCH PILOT LOS  R=NO MSL  D=TRACKING  FU=HOLD FIRE  FR=TGT PILOT  FD=SRCH 9K113 LOS  FL=CM MENU
12:23:25     !! L does not offer "CLOSE" (shows "nil") -- not pressing
12:23:25   on page 'other': C=FIRE  U=SRCH PILOT LOS  R=NO MSL  D=TRACKING  FU=HOLD FIRE  FR=TGT PILOT  FD=SRCH 9K113 LOS  FL=CM MENU
12:23:25     !! L does not offer "CLOSE" (shows "nil") -- not pressing
12:23:25   on page 'other': C=FIRE  U=SRCH PILOT LOS  R=NO MSL  D=TRACKING  FU=HOLD FIRE  FR=TGT PILOT  FD=SRCH 9K113 LOS  FL=CM MENU
12:23:25     !! L does not offer "CLOSE" (shows "nil") -- not pressing
12:23:25   on page 'other': C=FIRE  U=SRCH PILOT LOS  R=NO MSL  D=TRACKING  FU=HOLD FIRE  FR=TGT PILOT  FD=SRCH 9K113 LOS  FL=CM MENU
12:23:25     !! L does not offer "CLOSE" (shows "nil") -- not pressing
12:23:25   on page 'other': C=FIRE  U=SRCH PILOT LOS  R=NO MSL  D=TRACKING  FU=HOLD FIRE  FR=TGT PILOT  FD=SRCH 9K113 LOS  FL=CM MENU
12:23:25     !! L does not offer "CLOSE" (shows "nil") -- not pressing
12:23:25   on page 'other': C=FIRE  U=SRCH PILOT LOS  R=NO MSL  D=TRACKING  FU=HOLD FIRE  FR=TGT PILOT  FD=SRCH 9K113 LOS  FL=CM MENU
12:23:25     !! L does not offer "CLOSE" (shows "nil") -- not pressing
12:23:25   on page 'other': C=FIRE  U=SRCH PILOT LOS  R=NO MSL  D=TRACKING  FU=HOLD FIRE  FR=TGT PILOT  FD=SRCH 9K113 LOS  FL=CM MENU
12:23:25     !! L does not offer "CLOSE" (shows "nil") -- not pressing
12:23:25   on page 'other': C=FIRE  U=SRCH PILOT LOS  R=NO MSL  D=TRACKING  FU=HOLD FIRE  FR=TGT PILOT  FD=SRCH 9K113 LOS  FL=CM MENU
12:23:25     !! L does not offer "CLOSE" (shows "nil") -- not pressing
12:23:25   on page 'other': C=FIRE  U=SRCH PILOT LOS  R=NO MSL  D=TRACKING  FU=HOLD FIRE  FR=TGT PILOT  FD=SRCH 9K113 LOS  FL=CM MENU
12:23:25     !! L does not offer "CLOSE" (shows "nil") -- not pressing
12:23:25   on page 'other': C=FIRE  U=SRCH PILOT LOS  R=NO MSL  D=TRACKING  FU=HOLD FIRE  FR=TGT PILOT  FD=SRCH 9K113 LOS  FL=CM MENU
12:23:25     !! L does not offer "CLOSE" (shows "nil") -- not pressing
12:23:25   on page 'other': C=FIRE  U=SRCH PILOT LOS  R=NO MSL  D=TRACKING  FU=HOLD FIRE  FR=TGT PILOT  FD=SRCH 9K113 LOS  FL=CM MENU
12:23:25     !! L does not offer "CLOSE" (shows "nil") -- not pressing
12:23:25   on page 'other': C=FIRE  U=SRCH PILOT LOS  R=NO MSL  D=TRACKING  FU=HOLD FIRE  FR=TGT PILOT  FD=SRCH 9K113 LOS  FL=CM MENU
12:23:25     !! L does not offer "CLOSE" (shows "nil") -- not pressing
12:23:25   on page 'other': C=FIRE  U=SRCH PILOT LOS  R=NO MSL  D=TRACKING  FU=HOLD FIRE  FR=TGT PILOT  FD=SRCH 9K113 LOS  FL=CM MENU
12:23:25     !! L does not offer "CLOSE" (shows "nil") -- not pressing
12:23:25   on page 'other': C=FIRE  U=SRCH PILOT LOS  R=NO MSL  D=TRACKING  FU=HOLD FIRE  FR=TGT PILOT  FD=SRCH 9K113 LOS  FL=CM MENU
12:23:25     !! L does not offer "CLOSE" (shows "nil") -- not pressing
12:23:25   on page 'other': C=FIRE  U=SRCH PILOT LOS  R=NO MSL  D=TRACKING  FU=HOLD FIRE  FR=TGT PILOT  FD=SRCH 9K113 LOS  FL=CM MENU
12:23:25     !! L does not offer "CLOSE" (shows "nil") -- not pressing
12:23:25   on page 'other': C=FIRE  U=SRCH PILOT LOS  R=NO MSL  D=TRACKING  FU=HOLD FIRE  FR=TGT PILOT  FD=SRCH 9K113 LOS  FL=CM MENU
12:23:25     !! L does not offer "CLOSE" (shows "nil") -- not pressing
12:23:25   on page 'other': C=FIRE  U=SRCH PILOT LOS  R=NO MSL  D=TRACKING  FU=HOLD FIRE  FR=TGT PILOT  FD=SRCH 9K113 LOS  FL=CM MENU
12:23:25     !! L does not offer "CLOSE" (shows "nil") -- not pressing
12:23:25   on page 'other': C=FIRE  U=SRCH PILOT LOS  R=NO MSL  D=TRACKING  FU=HOLD FIRE  FR=TGT PILOT  FD=SRCH 9K113 LOS  FL=CM MENU
12:23:25     !! L does not offer "CLOSE" (shows "nil") -- not pressing
12:23:25   on page 'other': C=FIRE  U=SRCH PILOT LOS  R=NO MSL  D=TRACKING  FU=HOLD FIRE  FR=TGT PILOT  FD=SRCH 9K113 LOS  FL=CM MENU
12:23:25     !! L does not offer "CLOSE" (shows "nil") -- not pressing
12:23:25   on page 'other': C=FIRE  U=SRCH PILOT LOS  R=NO MSL  D=TRACKING  FU=HOLD FIRE  FR=TGT PILOT  FD=SRCH 9K113 LOS  FL=CM MENU
12:23:25     !! L does not offer "CLOSE" (shows "nil") -- not pressing
12:23:25   on page 'other': C=FIRE  U=SRCH PILOT LOS  R=NO MSL  D=TRACKING  FU=HOLD FIRE  FR=TGT PILOT  FD=SRCH 9K113 LOS  FL=CM MENU
12:23:25     !! L does not offer "CLOSE" (shows "nil") -- not pressing
12:23:25   on page 'other': C=FIRE  U=SRCH PILOT LOS  R=NO MSL  D=TRACKING  FU=HOLD FIRE  FR=TGT PILOT  FD=SRCH 9K113 LOS  FL=CM MENU
12:23:25     !! L does not offer "CLOSE" (shows "nil") -- not pressing
12:23:25   on page 'other': C=FIRE  U=SRCH PILOT LOS  R=NO MSL  D=TRACKING  FU=HOLD FIRE  FR=TGT PILOT  FD=SRCH 9K113 LOS  FL=CM MENU
12:23:25     !! L does not offer "CLOSE" (shows "nil") -- not pressing
12:23:25   on page 'other': C=FIRE  U=SRCH PILOT LOS  R=NO MSL  D=TRACKING  FU=HOLD FIRE  FR=TGT PILOT  FD=SRCH 9K113 LOS  FL=CM MENU
12:23:25     !! L does not offer "CLOSE" (shows "nil") -- not pressing
12:23:25   on page 'other': C=FIRE  U=SRCH PILOT LOS  R=NO MSL  D=TRACKING  FU=HOLD FIRE  FR=TGT PILOT  FD=SRCH 9K113 LOS  FL=CM MENU
12:23:25     !! L does not offer "CLOSE" (shows "nil") -- not pressing
12:23:25   on page 'other': C=FIRE  U=SRCH PILOT LOS  R=NO MSL  D=TRACKING  FU=HOLD FIRE  FR=TGT PILOT  FD=SRCH 9K113 LOS  FL=CM MENU
12:23:25     !! L does not offer "CLOSE" (shows "nil") -- not pressing
12:23:25   on page 'other': C=FIRE  U=SRCH PILOT LOS  R=NO MSL  D=TRACKING  FU=HOLD FIRE  FR=TGT PILOT  FD=SRCH 9K113 LOS  FL=CM MENU
12:23:25     !! L does not offer "CLOSE" (shows "nil") -- not pressing
12:23:25   on page 'other': C=FIRE  U=SRCH PILOT LOS  R=NO MSL  D=TRACKING  FU=HOLD FIRE  FR=TGT PILOT  FD=SRCH 9K113 LOS  FL=CM MENU
12:23:25     !! L does not offer "CLOSE" (shows "nil") -- not pressing
12:23:25   on page 'other': C=FIRE  U=SRCH PILOT LOS  R=NO MSL  D=TRACKING  FU=HOLD FIRE  FR=TGT PILOT  FD=SRCH 9K113 LOS  FL=CM MENU
12:23:25     !! L does not offer "CLOSE" (shows "nil") -- not pressing
12:23:25   on page 'other': C=FIRE  U=SRCH PILOT LOS  R=NO MSL  D=TRACKING  FU=HOLD FIRE  FR=TGT PILOT  FD=SRCH 9K113 LOS  FL=CM MENU
12:23:25     !! L does not offer "CLOSE" (shows "nil") -- not pressing
12:23:25   on page 'other': C=FIRE  U=SRCH PILOT LOS  R=NO MSL  D=TRACKING  FU=HOLD FIRE  FR=TGT PILOT  FD=SRCH 9K113 LOS  FL=CM MENU
12:23:25     !! L does not offer "CLOSE" (shows "nil") -- not pressing
12:23:25   on page 'other': C=FIRE  U=SRCH PILOT LOS  R=NO MSL  D=TRACKING  FU=HOLD FIRE  FR=TGT PILOT  FD=SRCH 9K113 LOS  FL=CM MENU
12:23:25     !! L does not offer "CLOSE" (shows "nil") -- not pressing
12:23:25   on page 'other': C=FIRE  U=SRCH PILOT LOS  R=NO MSL  D=TRACKING  FU=HOLD FIRE  FR=TGT PILOT  FD=SRCH 9K113 LOS  FL=CM MENU
12:23:25     !! L does not offer "CLOSE" (shows "nil") -- not pressing
12:23:25   on page 'other': C=FIRE  U=SRCH PILOT LOS  R=NO MSL  D=TRACKING  FU=HOLD FIRE  FR=TGT PILOT  FD=SRCH 9K113 LOS  FL=CM MENU
12:23:25     !! L does not offer "CLOSE" (shows "nil") -- not pressing
12:23:25   on page 'other': C=FIRE  U=SRCH PILOT LOS  R=NO MSL  D=TRACKING  FU=HOLD FIRE  FR=TGT PILOT  FD=SRCH 9K113 LOS  FL=CM MENU
12:23:25     !! L does not offer "CLOSE" (shows "nil") -- not pressing
12:23:25   on page 'other': C=FIRE  U=SRCH PILOT LOS  R=NO MSL  D=TRACKING  FU=HOLD FIRE  FR=TGT PILOT  FD=SRCH 9K113 LOS  FL=CM MENU
12:23:25     !! L does not offer "CLOSE" (shows "nil") -- not pressing
12:23:25   on page 'other': C=FIRE  U=SRCH PILOT LOS  R=NO MSL  D=TRACKING  FU=HOLD FIRE  FR=TGT PILOT  FD=SRCH 9K113 LOS  FL=CM MENU
12:23:25     !! L does not offer "CLOSE" (shows "nil") -- not pressing
12:23:25   on page 'other': C=FIRE  U=SRCH PILOT LOS  R=NO MSL  D=TRACKING  FU=HOLD FIRE  FR=TGT PILOT  FD=SRCH 9K113 LOS  FL=CM MENU
12:23:25     !! L does not offer "CLOSE" (shows "nil") -- not pressing
12:23:25   on page 'other': C=FIRE  U=SRCH PILOT LOS  R=NO MSL  D=TRACKING  FU=HOLD FIRE  FR=TGT PILOT  FD=SRCH 9K113 LOS  FL=CM MENU
12:23:25     !! L does not offer "CLOSE" (shows "nil") -- not pressing
12:23:25   on page 'other': C=FIRE  U=SRCH PILOT LOS  R=NO MSL  D=TRACKING  FU=HOLD FIRE  FR=TGT PILOT  FD=SRCH 9K113 LOS  FL=CM MENU
12:23:25     !! L does not offer "CLOSE" (shows "nil") -- not pressing
12:23:25   on page 'other': C=FIRE  U=SRCH PILOT LOS  R=NO MSL  D=TRACKING  FU=HOLD FIRE  FR=TGT PILOT  FD=SRCH 9K113 LOS  FL=CM MENU
12:23:25     !! L does not offer "CLOSE" (shows "nil") -- not pressing
12:23:25   on page 'other': C=FIRE  U=SRCH PILOT LOS  R=NO MSL  D=TRACKING  FU=HOLD FIRE  FR=TGT PILOT  FD=SRCH 9K113 LOS  FL=CM MENU
12:23:25     !! L does not offer "CLOSE" (shows "nil") -- not pressing
12:23:25   on page 'other': C=FIRE  U=SRCH PILOT LOS  R=NO MSL  D=TRACKING  FU=HOLD FIRE  FR=TGT PILOT  FD=SRCH 9K113 LOS  FL=CM MENU
12:23:25     !! L does not offer "CLOSE" (shows "nil") -- not pressing
12:23:26   on page 'other': C=FIRE  U=SRCH PILOT LOS  R=NO MSL  D=TRACKING  FU=HOLD FIRE  FR=TGT PILOT  FD=SRCH 9K113 LOS  FL=CM MENU
12:23:26     !! L does not offer "CLOSE" (shows "nil") -- not pressing
12:23:26   on page 'other': C=FIRE  U=SRCH PILOT LOS  R=NO MSL  D=TRACKING  FU=HOLD FIRE  FR=TGT PILOT  FD=SRCH 9K113 LOS  FL=CM MENU
12:23:26     !! L does not offer "CLOSE" (shows "nil") -- not pressing
12:23:26   on page 'other': C=FIRE  U=SRCH PILOT LOS  R=NO MSL  D=TRACKING  FU=HOLD FIRE  FR=TGT PILOT  FD=SRCH 9K113 LOS  FL=CM MENU
12:23:26     !! L does not offer "CLOSE" (shows "nil") -- not pressing
12:23:26   on page 'other': C=FIRE  U=SRCH PILOT LOS  R=NO MSL  D=TRACKING  FU=HOLD FIRE  FR=TGT PILOT  FD=SRCH 9K113 LOS  FL=CM MENU
12:23:26     !! L does not offer "CLOSE" (shows "nil") -- not pressing
12:23:26   on page 'other': C=FIRE  U=SRCH PILOT LOS  R=NO MSL  D=TRACKING  FU=HOLD FIRE  FR=TGT PILOT  FD=SRCH 9K113 LOS  FL=CM MENU
12:23:26     !! L does not offer "CLOSE" (shows "nil") -- not pressing
12:23:26   on page 'other': C=FIRE  U=SRCH PILOT LOS  R=NO MSL  D=TRACKING  FU=HOLD FIRE  FR=TGT PILOT  FD=SRCH 9K113 LOS  FL=CM MENU
12:23:26     !! L does not offer "CLOSE" (shows "nil") -- not pressing
12:23:26   on page 'other': C=FIRE  U=SRCH PILOT LOS  R=NO MSL  D=TRACKING  FU=HOLD FIRE  FR=TGT PILOT  FD=SRCH 9K113 LOS  FL=CM MENU
12:23:26     !! L does not offer "CLOSE" (shows "nil") -- not pressing
12:23:26   on page 'other': C=FIRE  U=SRCH PILOT LOS  R=NO MSL  D=TRACKING  FU=HOLD FIRE  FR=TGT PILOT  FD=SRCH 9K113 LOS  FL=CM MENU
12:23:26     !! L does not offer "CLOSE" (shows "nil") -- not pressing
12:23:26   on page 'other': C=FIRE  U=SRCH PILOT LOS  R=NO MSL  D=TRACKING  FU=HOLD FIRE  FR=TGT PILOT  FD=SRCH 9K113 LOS  FL=CM MENU
12:23:26     !! L does not offer "CLOSE" (shows "nil") -- not pressing
12:23:26   on page 'other': C=FIRE  U=SRCH PILOT LOS  R=NO MSL  D=TRACKING  FU=HOLD FIRE  FR=TGT PILOT  FD=SRCH 9K113 LOS  FL=CM MENU
12:23:26     !! L does not offer "CLOSE" (shows "nil") -- not pressing
12:23:26   on page 'other': C=FIRE  U=SRCH PILOT LOS  R=NO MSL  D=TRACKING  FU=HOLD FIRE  FR=TGT PILOT  FD=SRCH 9K113 LOS  FL=CM MENU
12:23:26     !! L does not offer "CLOSE" (shows "nil") -- not pressing
12:23:26   on page 'other': C=FIRE  U=SRCH PILOT LOS  R=NO MSL  D=TRACKING  FU=HOLD FIRE  FR=TGT PILOT  FD=SRCH 9K113 LOS  FL=CM MENU
12:23:26     !! L does not offer "CLOSE" (shows "nil") -- not pressing
12:23:26   on page 'other': C=FIRE  U=SRCH PILOT LOS  R=NO MSL  D=TRACKING  FU=HOLD FIRE  FR=TGT PILOT  FD=SRCH 9K113 LOS  FL=CM MENU
12:23:26     !! L does not offer "CLOSE" (shows "nil") -- not pressing
12:23:26   on page 'other': C=FIRE  U=SRCH PILOT LOS  R=NO MSL  D=TRACKING  FU=HOLD FIRE  FR=TGT PILOT  FD=SRCH 9K113 LOS  FL=CM MENU
12:23:26     !! L does not offer "CLOSE" (shows "nil") -- not pressing
12:23:26   on page 'other': C=FIRE  U=SRCH PILOT LOS  R=NO MSL  D=TRACKING  FU=HOLD FIRE  FR=TGT PILOT  FD=SRCH 9K113 LOS  FL=CM MENU
12:23:26     !! L does not offer "CLOSE" (shows "nil") -- not pressing
12:23:26   on page 'other': C=FIRE  U=SRCH PILOT LOS  R=NO MSL  D=TRACKING  FU=HOLD FIRE  FR=TGT PILOT  FD=SRCH 9K113 LOS  FL=CM MENU
12:23:26     !! L does not offer "CLOSE" (shows "nil") -- not pressing
12:23:26   on page 'other': C=FIRE  U=SRCH PILOT LOS  R=NO MSL  D=TRACKING  FU=HOLD FIRE  FR=TGT PILOT  FD=SRCH 9K113 LOS  FL=CM MENU
12:23:26     !! L does not offer "CLOSE" (shows "nil") -- not pressing
12:23:26   on page 'other': C=FIRE  U=SRCH PILOT LOS  R=NO MSL  D=TRACKING  FU=HOLD FIRE  FR=TGT PILOT  FD=SRCH 9K113 LOS  FL=CM MENU
12:23:26     !! L does not offer "CLOSE" (shows "nil") -- not pressing
12:23:26   on page 'other': C=FIRE  U=SRCH PILOT LOS  R=NO MSL  D=TRACKING  FU=HOLD FIRE  FR=TGT PILOT  FD=SRCH 9K113 LOS  FL=CM MENU
12:23:26     !! L does not offer "CLOSE" (shows "nil") -- not pressing
12:23:26   on page 'other': C=FIRE  U=SRCH PILOT LOS  R=NO MSL  D=TRACKING  FU=HOLD FIRE  FR=TGT PILOT  FD=SRCH 9K113 LOS  FL=CM MENU
12:23:26     !! L does not offer "CLOSE" (shows "nil") -- not pressing
12:23:26   on page 'other': C=FIRE  U=SRCH PILOT LOS  R=NO MSL  D=TRACKING  FU=HOLD FIRE  FR=TGT PILOT  FD=SRCH 9K113 LOS  FL=CM MENU
12:23:26     !! L does not offer "CLOSE" (shows "nil") -- not pressing
12:23:26   on page 'other': C=FIRE  U=SRCH PILOT LOS  R=NO MSL  D=TRACKING  FU=HOLD FIRE  FR=TGT PILOT  FD=SRCH 9K113 LOS  FL=CM MENU
12:23:26     !! L does not offer "CLOSE" (shows "nil") -- not pressing
12:23:26   on page 'other': C=FIRE  U=SRCH PILOT LOS  R=NO MSL  D=TRACKING  FU=HOLD FIRE  FR=TGT PILOT  FD=SRCH 9K113 LOS  FL=CM MENU
12:23:26     !! L does not offer "CLOSE" (shows "nil") -- not pressing
12:23:26   on page 'other': C=FIRE  U=SRCH PILOT LOS  R=NO MSL  D=TRACKING  FU=HOLD FIRE  FR=TGT PILOT  FD=SRCH 9K113 LOS  FL=CM MENU
12:23:26     !! L does not offer "CLOSE" (shows "nil") -- not pressing
12:23:26   on page 'other': C=FIRE  U=SRCH PILOT LOS  R=NO MSL  D=TRACKING  FU=HOLD FIRE  FR=TGT PILOT  FD=SRCH 9K113 LOS  FL=CM MENU
12:23:26     !! L does not offer "CLOSE" (shows "nil") -- not pressing
12:23:26   on page 'other': C=FIRE  U=SRCH PILOT LOS  R=NO MSL  D=TRACKING  FU=HOLD FIRE  FR=TGT PILOT  FD=SRCH 9K113 LOS  FL=CM MENU
12:23:26     !! L does not offer "CLOSE" (shows "nil") -- not pressing
12:23:26   on page 'other': C=FIRE  U=SRCH PILOT LOS  R=NO MSL  D=TRACKING  FU=HOLD FIRE  FR=TGT PILOT  FD=SRCH 9K113 LOS  FL=CM MENU
12:23:26     !! L does not offer "CLOSE" (shows "nil") -- not pressing
12:23:26   on page 'other': C=FIRE  U=SRCH PILOT LOS  R=NO MSL  D=TRACKING  FU=HOLD FIRE  FR=TGT PILOT  FD=SRCH 9K113 LOS  FL=CM MENU
12:23:26     !! L does not offer "CLOSE" (shows "nil") -- not pressing
12:23:26   on page 'other': C=FIRE  U=SRCH PILOT LOS  R=NO MSL  D=TRACKING  FU=HOLD FIRE  FR=TGT PILOT  FD=SRCH 9K113 LOS  FL=CM MENU
12:23:26     !! L does not offer "CLOSE" (shows "nil") -- not pressing
12:23:26   on page 'other': C=FIRE  U=SRCH PILOT LOS  R=NO MSL  D=TRACKING  FU=HOLD FIRE  FR=TGT PILOT  FD=SRCH 9K113 LOS  FL=CM MENU
12:23:26     !! L does not offer "CLOSE" (shows "nil") -- not pressing
12:23:26   on page 'other': C=FIRE  U=SRCH PILOT LOS  R=NO MSL  D=TRACKING  FU=HOLD FIRE  FR=TGT PILOT  FD=SRCH 9K113 LOS  FL=CM MENU
12:23:26     !! L does not offer "CLOSE" (shows "nil") -- not pressing
12:23:26   on page 'other': C=FIRE  U=SRCH PILOT LOS  R=NO MSL  D=TRACKING  FU=HOLD FIRE  FR=TGT PILOT  FD=SRCH 9K113 LOS  FL=CM MENU
12:23:26     !! L does not offer "CLOSE" (shows "nil") -- not pressing
12:23:26   on page 'other': C=FIRE  U=SRCH PILOT LOS  R=NO MSL  D=TRACKING  FU=HOLD FIRE  FR=TGT PILOT  FD=SRCH 9K113 LOS  FL=CM MENU
12:23:26     !! L does not offer "CLOSE" (shows "nil") -- not pressing
12:23:26   on page 'other': C=FIRE  U=SRCH PILOT LOS  R=NO MSL  D=TRACKING  FU=HOLD FIRE  FR=TGT PILOT  FD=SRCH 9K113 LOS  FL=CM MENU
12:23:26     !! L does not offer "CLOSE" (shows "nil") -- not pressing
12:23:26   on page 'other': C=FIRE  U=SRCH PILOT LOS  R=NO MSL  D=TRACKING  FU=HOLD FIRE  FR=TGT PILOT  FD=SRCH 9K113 LOS  FL=CM MENU
12:23:26     !! L does not offer "CLOSE" (shows "nil") -- not pressing
12:23:26   on page 'other': C=FIRE  U=SRCH PILOT LOS  R=NO MSL  D=TRACKING  FU=HOLD FIRE  FR=TGT PILOT  FD=SRCH 9K113 LOS  FL=CM MENU
12:23:26     !! L does not offer "CLOSE" (shows "nil") -- not pressing
12:23:26   on page 'other': C=FIRE  U=SRCH PILOT LOS  R=NO MSL  D=TRACKING  FU=HOLD FIRE  FR=TGT PILOT  FD=SRCH 9K113 LOS  FL=CM MENU
12:23:26     !! L does not offer "CLOSE" (shows "nil") -- not pressing
12:23:26   on page 'other': C=FIRE  U=SRCH PILOT LOS  R=NO MSL  D=TRACKING  FU=HOLD FIRE  FR=TGT PILOT  FD=SRCH 9K113 LOS  FL=CM MENU
12:23:26     !! L does not offer "CLOSE" (shows "nil") -- not pressing
12:23:26   on page 'other': C=FIRE  U=SRCH PILOT LOS  R=NO MSL  D=TRACKING  FU=HOLD FIRE  FR=TGT PILOT  FD=SRCH 9K113 LOS  FL=CM MENU
12:23:26     !! L does not offer "CLOSE" (shows "nil") -- not pressing
12:23:26   on page 'other': C=FIRE  U=SRCH PILOT LOS  R=NO MSL  D=TRACKING  FU=HOLD FIRE  FR=TGT PILOT  FD=SRCH 9K113 LOS  FL=CM MENU
12:23:26     !! L does not offer "CLOSE" (shows "nil") -- not pressing
12:23:26   on page 'other': C=FIRE  U=SRCH PILOT LOS  R=NO MSL  D=TRACKING  FU=HOLD FIRE  FR=TGT PILOT  FD=SRCH 9K113 LOS  FL=CM MENU
12:23:26     !! L does not offer "CLOSE" (shows "nil") -- not pressing
12:23:26   on page 'other': C=FIRE  U=SRCH PILOT LOS  R=NO MSL  D=TRACKING  FU=HOLD FIRE  FR=TGT PILOT  FD=SRCH 9K113 LOS  FL=CM MENU
12:23:26     !! L does not offer "CLOSE" (shows "nil") -- not pressing
12:23:26   on page 'other': C=FIRE  U=SRCH PILOT LOS  R=NO MSL  D=TRACKING  FU=HOLD FIRE  FR=TGT PILOT  FD=SRCH 9K113 LOS  FL=CM MENU
12:23:26     !! L does not offer "CLOSE" (shows "nil") -- not pressing
12:23:26   on page 'other': C=FIRE  U=SRCH PILOT LOS  R=NO MSL  D=TRACKING  FU=HOLD FIRE  FR=TGT PILOT  FD=SRCH 9K113 LOS  FL=CM MENU
12:23:26     !! L does not offer "CLOSE" (shows "nil") -- not pressing
12:23:26   on page 'other': C=FIRE  U=SRCH PILOT LOS  R=NO MSL  D=TRACKING  FU=HOLD FIRE  FR=TGT PILOT  FD=SRCH 9K113 LOS  FL=CM MENU
12:23:26     !! L does not offer "CLOSE" (shows "nil") -- not pressing
12:23:26   on page 'other': C=FIRE  U=SRCH PILOT LOS  R=NO MSL  D=TRACKING  FU=HOLD FIRE  FR=TGT PILOT  FD=SRCH 9K113 LOS  FL=CM MENU
12:23:26     !! L does not offer "CLOSE" (shows "nil") -- not pressing
12:23:26   on page 'other': C=FIRE  U=SRCH PILOT LOS  R=NO MSL  D=TRACKING  FU=HOLD FIRE  FR=TGT PILOT  FD=SRCH 9K113 LOS  FL=CM MENU
12:23:26     !! L does not offer "CLOSE" (shows "nil") -- not pressing
12:23:26   on page 'other': C=FIRE  U=SRCH PILOT LOS  R=NO MSL  D=TRACKING  FU=HOLD FIRE  FR=TGT PILOT  FD=SRCH 9K113 LOS  FL=CM MENU
12:23:26     !! L does not offer "CLOSE" (shows "nil") -- not pressing
12:23:26   on page 'other': C=FIRE  U=SRCH PILOT LOS  R=NO MSL  D=TRACKING  FU=HOLD FIRE  FR=TGT PILOT  FD=SRCH 9K113 LOS  FL=CM MENU
12:23:26     !! L does not offer "CLOSE" (shows "nil") -- not pressing
12:23:26   on page 'other': C=FIRE  U=SRCH PILOT LOS  R=NO MSL  D=TRACKING  FU=HOLD FIRE  FR=TGT PILOT  FD=SRCH 9K113 LOS  FL=CM MENU
12:23:26     !! L does not offer "CLOSE" (shows "nil") -- not pressing
12:23:26   on page 'other': C=FIRE  U=SRCH PILOT LOS  R=NO MSL  D=TRACKING  FU=HOLD FIRE  FR=TGT PILOT  FD=SRCH 9K113 LOS  FL=CM MENU
12:23:26     !! L does not offer "CLOSE" (shows "nil") -- not pressing
12:23:26   on page 'other': C=FIRE  U=SRCH PILOT LOS  R=NO MSL  D=TRACKING  FU=HOLD FIRE  FR=TGT PILOT  FD=SRCH 9K113 LOS  FL=CM MENU
12:23:26     !! L does not offer "CLOSE" (shows "nil") -- not pressing
12:23:26   on page 'other': C=FIRE  U=SRCH PILOT LOS  R=NO MSL  D=TRACKING  FU=HOLD FIRE  FR=TGT PILOT  FD=SRCH 9K113 LOS  FL=CM MENU
12:23:26     !! L does not offer "CLOSE" (shows "nil") -- not pressing
12:23:26   on page 'other': C=FIRE  U=SRCH PILOT LOS  R=NO MSL  D=TRACKING  FU=HOLD FIRE  FR=TGT PILOT  FD=SRCH 9K113 LOS  FL=CM MENU
12:23:26     !! L does not offer "CLOSE" (shows "nil") -- not pressing
12:23:26   on page 'other': C=FIRE  U=SRCH PILOT LOS  R=NO MSL  D=TRACKING  FU=HOLD FIRE  FR=TGT PILOT  FD=SRCH 9K113 LOS  FL=CM MENU
12:23:26     !! L does not offer "CLOSE" (shows "nil") -- not pressing
12:23:26   on page 'other': C=FIRE  U=SRCH PILOT LOS  R=NO MSL  D=TRACKING  FU=HOLD FIRE  FR=TGT PILOT  FD=SRCH 9K113 LOS  FL=CM MENU
12:23:26     !! L does not offer "CLOSE" (shows "nil") -- not pressing
12:23:26   on page 'other': C=FIRE  U=SRCH PILOT LOS  R=NO MSL  D=TRACKING  FU=HOLD FIRE  FR=TGT PILOT  FD=SRCH 9K113 LOS  FL=CM MENU
12:23:26     !! L does not offer "CLOSE" (shows "nil") -- not pressing
12:23:26   on page 'other': C=FIRE  U=SRCH PILOT LOS  R=NO MSL  D=TRACKING  FU=HOLD FIRE  FR=TGT PILOT  FD=SRCH 9K113 LOS  FL=CM MENU
12:23:26     !! L does not offer "CLOSE" (shows "nil") -- not pressing
12:23:26   on page 'other': C=FIRE  U=SRCH PILOT LOS  R=NO MSL  D=TRACKING  FU=HOLD FIRE  FR=TGT PILOT  FD=SRCH 9K113 LOS  FL=CM MENU
12:23:26     !! L does not offer "CLOSE" (shows "nil") -- not pressing
12:23:26   on page 'other': C=FIRE  U=SRCH PILOT LOS  R=NO MSL  D=TRACKING  FU=HOLD FIRE  FR=TGT PILOT  FD=SRCH 9K113 LOS  FL=CM MENU
12:23:26     !! L does not offer "CLOSE" (shows "nil") -- not pressing
12:23:26   on page 'other': C=FIRE  U=SRCH PILOT LOS  R=NO MSL  D=TRACKING  FU=HOLD FIRE  FR=TGT PILOT  FD=SRCH 9K113 LOS  FL=CM MENU
12:23:26     !! L does not offer "CLOSE" (shows "nil") -- not pressing
12:23:26   on page 'other': C=FIRE  U=SRCH PILOT LOS  R=NO MSL  D=TRACKING  FU=HOLD FIRE  FR=TGT PILOT  FD=SRCH 9K113 LOS  FL=CM MENU
12:23:26     !! L does not offer "CLOSE" (shows "nil") -- not pressing
12:23:26   on page 'other': C=FIRE  U=SRCH PILOT LOS  R=NO MSL  D=TRACKING  FU=HOLD FIRE  FR=TGT PILOT  FD=SRCH 9K113 LOS  FL=CM MENU
12:23:26     !! L does not offer "CLOSE" (shows "nil") -- not pressing
12:23:26   on page 'other': C=FIRE  U=SRCH PILOT LOS  R=NO MSL  D=TRACKING  FU=HOLD FIRE  FR=TGT PILOT  FD=SRCH 9K113 LOS  FL=CM MENU
12:23:26     !! L does not offer "CLOSE" (shows "nil") -- not pressing
12:23:26   on page 'other': C=FIRE  U=SRCH PILOT LOS  R=NO MSL  D=TRACKING  FU=HOLD FIRE  FR=TGT PILOT  FD=SRCH 9K113 LOS  FL=CM MENU
12:23:26     !! L does not offer "CLOSE" (shows "nil") -- not pressing
12:23:26   on page 'other': C=FIRE  U=SRCH PILOT LOS  R=NO MSL  D=TRACKING  FU=HOLD FIRE  FR=TGT PILOT  FD=SRCH 9K113 LOS  FL=CM MENU
12:23:26     !! L does not offer "CLOSE" (shows "nil") -- not pressing
12:23:26   on page 'other': C=FIRE  U=SRCH PILOT LOS  R=NO MSL  D=TRACKING  FU=HOLD FIRE  FR=TGT PILOT  FD=SRCH 9K113 LOS  FL=CM MENU
12:23:26     !! L does not offer "CLOSE" (shows "nil") -- not pressing
12:23:26   on page 'other': C=FIRE  U=SRCH PILOT LOS  R=NO MSL  D=TRACKING  FU=HOLD FIRE  FR=TGT PILOT  FD=SRCH 9K113 LOS  FL=CM MENU
12:23:26     !! L does not offer "CLOSE" (shows "nil") -- not pressing
12:23:26   on page 'other': C=FIRE  U=SRCH PILOT LOS  R=NO MSL  D=TRACKING  FU=HOLD FIRE  FR=TGT PILOT  FD=SRCH 9K113 LOS  FL=CM MENU
12:23:26     !! L does not offer "CLOSE" (shows "nil") -- not pressing
12:23:26   on page 'other': C=FIRE  U=SRCH PILOT LOS  R=NO MSL  D=TRACKING  FU=HOLD FIRE  FR=TGT PILOT  FD=SRCH 9K113 LOS  FL=CM MENU
12:23:26     !! L does not offer "CLOSE" (shows "nil") -- not pressing
12:23:26   on page 'other': C=FIRE  U=SRCH PILOT LOS  R=NO MSL  D=TRACKING  FU=HOLD FIRE  FR=TGT PILOT  FD=SRCH 9K113 LOS  FL=CM MENU
12:23:26     !! L does not offer "CLOSE" (shows "nil") -- not pressing
12:23:26   on page 'other': C=FIRE  U=SRCH PILOT LOS  R=NO MSL  D=TRACKING  FU=HOLD FIRE  FR=TGT PILOT  FD=SRCH 9K113 LOS  FL=CM MENU
12:23:26     !! L does not offer "CLOSE" (shows "nil") -- not pressing
12:23:26   on page 'other': C=FIRE  U=SRCH PILOT LOS  R=NO MSL  D=TRACKING  FU=HOLD FIRE  FR=TGT PILOT  FD=SRCH 9K113 LOS  FL=CM MENU
12:23:26     !! L does not offer "CLOSE" (shows "nil") -- not pressing
12:23:26   on page 'other': C=FIRE  U=SRCH PILOT LOS  R=NO MSL  D=TRACKING  FU=HOLD FIRE  FR=TGT PILOT  FD=SRCH 9K113 LOS  FL=CM MENU
12:23:26     !! L does not offer "CLOSE" (shows "nil") -- not pressing
12:23:26   on page 'other': C=FIRE  U=SRCH PILOT LOS  R=NO MSL  D=TRACKING  FU=HOLD FIRE  FR=TGT PILOT  FD=SRCH 9K113 LOS  FL=CM MENU
12:23:26     !! L does not offer "CLOSE" (shows "nil") -- not pressing
12:23:26   on page 'other': C=FIRE  U=SRCH PILOT LOS  R=NO MSL  D=TRACKING  FU=HOLD FIRE  FR=TGT PILOT  FD=SRCH 9K113 LOS  FL=CM MENU
12:23:26     !! L does not offer "CLOSE" (shows "nil") -- not pressing
12:23:26   on page 'other': C=FIRE  U=SRCH PILOT LOS  R=NO MSL  D=TRACKING  FU=HOLD FIRE  FR=TGT PILOT  FD=SRCH 9K113 LOS  FL=CM MENU
12:23:26     !! L does not offer "CLOSE" (shows "nil") -- not pressing
12:23:26   on page 'other': C=FIRE  U=SRCH PILOT LOS  R=NO MSL  D=TRACKING  FU=HOLD FIRE  FR=TGT PILOT  FD=SRCH 9K113 LOS  FL=CM MENU
12:23:26     !! L does not offer "CLOSE" (shows "nil") -- not pressing
12:23:26   on page 'other': C=FIRE  U=SRCH PILOT LOS  R=NO MSL  D=TRACKING  FU=HOLD FIRE  FR=TGT PILOT  FD=SRCH 9K113 LOS  FL=CM MENU
12:23:26     !! L does not offer "CLOSE" (shows "nil") -- not pressing
12:23:26   on page 'other': C=FIRE  U=SRCH PILOT LOS  R=NO MSL  D=TRACKING  FU=HOLD FIRE  FR=TGT PILOT  FD=SRCH 9K113 LOS  FL=CM MENU
12:23:26     !! L does not offer "CLOSE" (shows "nil") -- not pressing
12:23:27   on page 'other': C=FIRE  U=SRCH PILOT LOS  R=NO MSL  D=TRACKING  FU=HOLD FIRE  FR=TGT PILOT  FD=SRCH 9K113 LOS  FL=CM MENU
12:23:27     !! L does not offer "CLOSE" (shows "nil") -- not pressing
12:23:27   on page 'other': C=FIRE  U=SRCH PILOT LOS  R=NO MSL  D=TRACKING  FU=HOLD FIRE  FR=TGT PILOT  FD=SRCH 9K113 LOS  FL=CM MENU
12:23:27     !! L does not offer "CLOSE" (shows "nil") -- not pressing
12:23:27   on page 'other': C=FIRE  U=SRCH PILOT LOS  R=NO MSL  D=TRACKING  FU=HOLD FIRE  FR=TGT PILOT  FD=SRCH 9K113 LOS  FL=CM MENU
12:23:27     !! L does not offer "CLOSE" (shows "nil") -- not pressing
12:23:27   on page 'other': C=FIRE  U=SRCH PILOT LOS  R=NO MSL  D=TRACKING  FU=HOLD FIRE  FR=TGT PILOT  FD=SRCH 9K113 LOS  FL=CM MENU
12:23:27     !! L does not offer "CLOSE" (shows "nil") -- not pressing
12:23:27   on page 'other': C=FIRE  U=SRCH PILOT LOS  R=NO MSL  D=TRACKING  FU=HOLD FIRE  FR=TGT PILOT  FD=SRCH 9K113 LOS  FL=CM MENU
12:23:27     !! L does not offer "CLOSE" (shows "nil") -- not pressing
12:23:27   on page 'other': C=FIRE  U=SRCH PILOT LOS  R=NO MSL  D=TRACKING  FU=HOLD FIRE  FR=TGT PILOT  FD=SRCH 9K113 LOS  FL=CM MENU
12:23:27     !! L does not offer "CLOSE" (shows "nil") -- not pressing
12:23:27   on page 'other': C=FIRE  U=SRCH PILOT LOS  R=NO MSL  D=TRACKING  FU=HOLD FIRE  FR=TGT PILOT  FD=SRCH 9K113 LOS  FL=CM MENU
12:23:27     !! L does not offer "CLOSE" (shows "nil") -- not pressing
12:23:27   on page 'other': C=FIRE  U=SRCH PILOT LOS  R=NO MSL  D=TRACKING  FU=HOLD FIRE  FR=TGT PILOT  FD=SRCH 9K113 LOS  FL=CM MENU
12:23:27     !! L does not offer "CLOSE" (shows "nil") -- not pressing
12:23:27   on page 'other': C=FIRE  U=SRCH PILOT LOS  R=NO MSL  D=TRACKING  FU=HOLD FIRE  FR=TGT PILOT  FD=SRCH 9K113 LOS  FL=CM MENU
12:23:27     !! L does not offer "CLOSE" (shows "nil") -- not pressing
12:23:27   on page 'other': C=FIRE  U=SRCH PILOT LOS  R=NO MSL  D=TRACKING  FU=HOLD FIRE  FR=TGT PILOT  FD=SRCH 9K113 LOS  FL=CM MENU
12:23:27     !! L does not offer "CLOSE" (shows "nil") -- not pressing
12:23:27   on page 'other': C=FIRE  U=SRCH PILOT LOS  R=NO MSL  D=TRACKING  FU=HOLD FIRE  FR=TGT PILOT  FD=SRCH 9K113 LOS  FL=CM MENU
12:23:27     !! L does not offer "CLOSE" (shows "nil") -- not pressing
12:23:27   on page 'other': C=FIRE  U=SRCH PILOT LOS  R=NO MSL  D=TRACKING  FU=HOLD FIRE  FR=TGT PILOT  FD=SRCH 9K113 LOS  FL=CM MENU
12:23:27     !! L does not offer "CLOSE" (shows "nil") -- not pressing
12:23:27   on page 'other': C=FIRE  U=SRCH PILOT LOS  R=NO MSL  D=TRACKING  FU=HOLD FIRE  FR=TGT PILOT  FD=SRCH 9K113 LOS  FL=CM MENU
12:23:27     !! L does not offer "CLOSE" (shows "nil") -- not pressing
12:23:27   on page 'other': C=FIRE  U=SRCH PILOT LOS  R=NO MSL  D=TRACKING  FU=HOLD FIRE  FR=TGT PILOT  FD=SRCH 9K113 LOS  FL=CM MENU
12:23:27     !! L does not offer "CLOSE" (shows "nil") -- not pressing
12:23:27   on page 'other': C=FIRE  U=SRCH PILOT LOS  R=NO MSL  D=TRACKING  FU=HOLD FIRE  FR=TGT PILOT  FD=SRCH 9K113 LOS  FL=CM MENU
12:23:27     !! L does not offer "CLOSE" (shows "nil") -- not pressing
12:23:27   on page 'other': C=FIRE  U=SRCH PILOT LOS  R=NO MSL  D=TRACKING  FU=HOLD FIRE  FR=TGT PILOT  FD=SRCH 9K113 LOS  FL=CM MENU
12:23:27     !! L does not offer "CLOSE" (shows "nil") -- not pressing
12:23:27   on page 'other': C=FIRE  U=SRCH PILOT LOS  R=NO MSL  D=TRACKING  FU=HOLD FIRE  FR=TGT PILOT  FD=SRCH 9K113 LOS  FL=CM MENU
12:23:27     !! L does not offer "CLOSE" (shows "nil") -- not pressing
12:23:27   on page 'other': C=FIRE  U=SRCH PILOT LOS  R=NO MSL  D=TRACKING  FU=HOLD FIRE  FR=TGT PILOT  FD=SRCH 9K113 LOS  FL=CM MENU
12:23:27     !! L does not offer "CLOSE" (shows "nil") -- not pressing
12:23:27   on page 'other': C=FIRE  U=SRCH PILOT LOS  R=NO MSL  D=TRACKING  FU=HOLD FIRE  FR=TGT PILOT  FD=SRCH 9K113 LOS  FL=CM MENU
12:23:27     !! L does not offer "CLOSE" (shows "nil") -- not pressing
12:23:27   on page 'other': C=FIRE  U=SRCH PILOT LOS  R=NO MSL  D=TRACKING  FU=HOLD FIRE  FR=TGT PILOT  FD=SRCH 9K113 LOS  FL=CM MENU
12:23:27     !! L does not offer "CLOSE" (shows "nil") -- not pressing
12:23:27   on page 'other': C=FIRE  U=SRCH PILOT LOS  R=NO MSL  D=TRACKING  FU=HOLD FIRE  FR=TGT PILOT  FD=SRCH 9K113 LOS  FL=CM MENU
12:23:27     !! L does not offer "CLOSE" (shows "nil") -- not pressing
12:23:27   on page 'other': C=FIRE  U=SRCH PILOT LOS  R=NO MSL  D=TRACKING  FU=HOLD FIRE  FR=TGT PILOT  FD=SRCH 9K113 LOS  FL=CM MENU
12:23:27     !! L does not offer "CLOSE" (shows "nil") -- not pressing
12:23:27   on page 'other': C=FIRE  U=SRCH PILOT LOS  R=NO MSL  D=TRACKING  FU=HOLD FIRE  FR=TGT PILOT  FD=SRCH 9K113 LOS  FL=CM MENU
12:23:27     !! L does not offer "CLOSE" (shows "nil") -- not pressing
12:23:27   on page 'other': C=FIRE  U=SRCH PILOT LOS  R=NO MSL  D=TRACKING  FU=HOLD FIRE  FR=TGT PILOT  FD=SRCH 9K113 LOS  FL=CM MENU
12:23:27     !! L does not offer "CLOSE" (shows "nil") -- not pressing
12:23:27   on page 'other': C=FIRE  U=SRCH PILOT LOS  R=NO MSL  D=TRACKING  FU=HOLD FIRE  FR=TGT PILOT  FD=SRCH 9K113 LOS  FL=CM MENU
12:23:27     !! L does not offer "CLOSE" (shows "nil") -- not pressing
12:23:27   on page 'other': C=FIRE  U=SRCH PILOT LOS  R=NO MSL  D=TRACKING  FU=HOLD FIRE  FR=TGT PILOT  FD=SRCH 9K113 LOS  FL=CM MENU
12:23:27     !! L does not offer "CLOSE" (shows "nil") -- not pressing
12:23:27   on page 'other': C=FIRE  U=SRCH PILOT LOS  R=NO MSL  D=TRACKING  FU=HOLD FIRE  FR=TGT PILOT  FD=SRCH 9K113 LOS  FL=CM MENU
12:23:27     !! L does not offer "CLOSE" (shows "nil") -- not pressing
12:23:27   on page 'other': C=FIRE  U=SRCH PILOT LOS  R=NO MSL  D=TRACKING  FU=HOLD FIRE  FR=TGT PILOT  FD=SRCH 9K113 LOS  FL=CM MENU
12:23:27     !! L does not offer "CLOSE" (shows "nil") -- not pressing
12:23:27   on page 'other': C=FIRE  U=SRCH PILOT LOS  R=NO MSL  D=TRACKING  FU=HOLD FIRE  FR=TGT PILOT  FD=SRCH 9K113 LOS  FL=CM MENU
12:23:27     !! L does not offer "CLOSE" (shows "nil") -- not pressing
12:23:27   on page 'other': C=FIRE  U=SRCH PILOT LOS  R=NO MSL  D=TRACKING  FU=HOLD FIRE  FR=TGT PILOT  FD=SRCH 9K113 LOS  FL=CM MENU
12:23:27     !! L does not offer "CLOSE" (shows "nil") -- not pressing
12:23:27   on page 'other': C=FIRE  U=SRCH PILOT LOS  R=NO MSL  D=TRACKING  FU=HOLD FIRE  FR=TGT PILOT  FD=SRCH 9K113 LOS  FL=CM MENU
12:23:27     !! L does not offer "CLOSE" (shows "nil") -- not pressing
12:23:27   on page 'other': C=FIRE  U=SRCH PILOT LOS  R=NO MSL  D=TRACKING  FU=HOLD FIRE  FR=TGT PILOT  FD=SRCH 9K113 LOS  FL=CM MENU
12:23:27     !! L does not offer "CLOSE" (shows "nil") -- not pressing
12:23:27   on page 'other': C=FIRE  U=SRCH PILOT LOS  R=NO MSL  D=TRACKING  FU=HOLD FIRE  FR=TGT PILOT  FD=SRCH 9K113 LOS  FL=CM MENU
12:23:27     !! L does not offer "CLOSE" (shows "nil") -- not pressing
12:23:27   on page 'other': C=FIRE  U=SRCH PILOT LOS  R=NO MSL  D=TRACKING  FU=HOLD FIRE  FR=TGT PILOT  FD=SRCH 9K113 LOS  FL=CM MENU
12:23:27     !! L does not offer "CLOSE" (shows "nil") -- not pressing
12:23:27   on page 'other': C=FIRE  U=SRCH PILOT LOS  R=NO MSL  D=TRACKING  FU=HOLD FIRE  FR=TGT PILOT  FD=SRCH 9K113 LOS  FL=CM MENU
12:23:27     !! L does not offer "CLOSE" (shows "nil") -- not pressing
12:23:27   on page 'other': C=FIRE  U=SRCH PILOT LOS  R=NO MSL  D=TRACKING  FU=HOLD FIRE  FR=TGT PILOT  FD=SRCH 9K113 LOS  FL=CM MENU
12:23:27     !! L does not offer "CLOSE" (shows "nil") -- not pressing
12:23:27   on page 'other': C=FIRE  U=SRCH PILOT LOS  R=NO MSL  D=TRACKING  FU=HOLD FIRE  FR=TGT PILOT  FD=SRCH 9K113 LOS  FL=CM MENU
12:23:27     !! L does not offer "CLOSE" (shows "nil") -- not pressing
12:23:27   on page 'other': C=FIRE  U=SRCH PILOT LOS  R=NO MSL  D=TRACKING  FU=HOLD FIRE  FR=TGT PILOT  FD=SRCH 9K113 LOS  FL=CM MENU
12:23:27     !! L does not offer "CLOSE" (shows "nil") -- not pressing
12:23:27   on page 'other': C=FIRE  U=SRCH PILOT LOS  R=NO MSL  D=TRACKING  FU=HOLD FIRE  FR=TGT PILOT  FD=SRCH 9K113 LOS  FL=CM MENU
12:23:27     !! L does not offer "CLOSE" (shows "nil") -- not pressing
12:23:27   on page 'other': C=FIRE  U=SRCH PILOT LOS  R=NO MSL  D=TRACKING  FU=HOLD FIRE  FR=TGT PILOT  FD=SRCH 9K113 LOS  FL=CM MENU
12:23:27     !! L does not offer "CLOSE" (shows "nil") -- not pressing
12:23:27   on page 'other': C=FIRE  U=SRCH PILOT LOS  R=NO MSL  D=TRACKING  FU=HOLD FIRE  FR=TGT PILOT  FD=SRCH 9K113 LOS  FL=CM MENU
12:23:27     !! L does not offer "CLOSE" (shows "nil") -- not pressing
12:23:27   on page 'other': C=FIRE  U=SRCH PILOT LOS  R=NO MSL  D=TRACKING  FU=HOLD FIRE  FR=TGT PILOT  FD=SRCH 9K113 LOS  FL=CM MENU
12:23:27     !! L does not offer "CLOSE" (shows "nil") -- not pressing
12:23:27   on page 'other': C=FIRE  U=SRCH PILOT LOS  R=NO MSL  D=TRACKING  FU=HOLD FIRE  FR=TGT PILOT  FD=SRCH 9K113 LOS  FL=CM MENU
12:23:27     !! L does not offer "CLOSE" (shows "nil") -- not pressing
12:23:27   on page 'other': C=FIRE  U=SRCH PILOT LOS  R=NO MSL  D=TRACKING  FU=HOLD FIRE  FR=TGT PILOT  FD=SRCH 9K113 LOS  FL=CM MENU
12:23:27     !! L does not offer "CLOSE" (shows "nil") -- not pressing
12:23:27   on page 'other': C=FIRE  U=SRCH PILOT LOS  R=NO MSL  D=TRACKING  FU=HOLD FIRE  FR=TGT PILOT  FD=SRCH 9K113 LOS  FL=CM MENU
12:23:27     !! L does not offer "CLOSE" (shows "nil") -- not pressing
12:23:27   on page 'other': C=FIRE  U=SRCH PILOT LOS  R=NO MSL  D=TRACKING  FU=HOLD FIRE  FR=TGT PILOT  FD=SRCH 9K113 LOS  FL=CM MENU
12:23:27     !! L does not offer "CLOSE" (shows "nil") -- not pressing
12:23:27   on page 'other': C=FIRE  U=SRCH PILOT LOS  R=NO MSL  D=TRACKING  FU=HOLD FIRE  FR=TGT PILOT  FD=SRCH 9K113 LOS  FL=CM MENU
12:23:27     !! L does not offer "CLOSE" (shows "nil") -- not pressing
12:23:27   on page 'other': C=FIRE  U=SRCH PILOT LOS  R=NO MSL  D=TRACKING  FU=HOLD FIRE  FR=TGT PILOT  FD=SRCH 9K113 LOS  FL=CM MENU
12:23:27     !! L does not offer "CLOSE" (shows "nil") -- not pressing
12:23:27   on page 'other': C=FIRE  U=SRCH PILOT LOS  R=NO MSL  D=TRACKING  FU=HOLD FIRE  FR=TGT PILOT  FD=SRCH 9K113 LOS  FL=CM MENU
12:23:27     !! L does not offer "CLOSE" (shows "nil") -- not pressing
12:23:27   on page 'other': C=FIRE  U=SRCH PILOT LOS  R=NO MSL  D=TRACKING  FU=HOLD FIRE  FR=TGT PILOT  FD=SRCH 9K113 LOS  FL=CM MENU
12:23:27     !! L does not offer "CLOSE" (shows "nil") -- not pressing
12:23:27   on page 'other': C=FIRE  U=SRCH PILOT LOS  R=NO MSL  D=TRACKING  FU=HOLD FIRE  FR=TGT PILOT  FD=SRCH 9K113 LOS  FL=CM MENU
12:23:27     !! L does not offer "CLOSE" (shows "nil") -- not pressing
12:23:27   on page 'other': C=FIRE  U=SRCH PILOT LOS  R=NO MSL  D=TRACKING  FU=HOLD FIRE  FR=TGT PILOT  FD=SRCH 9K113 LOS  FL=CM MENU
12:23:27     !! L does not offer "CLOSE" (shows "nil") -- not pressing
12:23:27   on page 'other': C=FIRE  U=SRCH PILOT LOS  R=NO MSL  D=TRACKING  FU=HOLD FIRE  FR=TGT PILOT  FD=SRCH 9K113 LOS  FL=CM MENU
12:23:27     !! L does not offer "CLOSE" (shows "nil") -- not pressing
12:23:27   on page 'other': C=FIRE  U=SRCH PILOT LOS  R=NO MSL  D=TRACKING  FU=HOLD FIRE  FR=TGT PILOT  FD=SRCH 9K113 LOS  FL=CM MENU
12:23:27     !! L does not offer "CLOSE" (shows "nil") -- not pressing
12:23:27   on page 'other': C=FIRE  U=SRCH PILOT LOS  R=NO MSL  D=TRACKING  FU=HOLD FIRE  FR=TGT PILOT  FD=SRCH 9K113 LOS  FL=CM MENU
12:23:27     !! L does not offer "CLOSE" (shows "nil") -- not pressing
12:23:27   on page 'other': C=FIRE  U=SRCH PILOT LOS  R=NO MSL  D=TRACKING  FU=HOLD FIRE  FR=TGT PILOT  FD=SRCH 9K113 LOS  FL=CM MENU
12:23:27     !! L does not offer "CLOSE" (shows "nil") -- not pressing
12:23:27   on page 'other': C=FIRE  U=SRCH PILOT LOS  R=NO MSL  D=TRACKING  FU=HOLD FIRE  FR=TGT PILOT  FD=SRCH 9K113 LOS  FL=CM MENU
12:23:27     !! L does not offer "CLOSE" (shows "nil") -- not pressing
12:23:27   on page 'other': C=FIRE  U=SRCH PILOT LOS  R=NO MSL  D=TRACKING  FU=HOLD FIRE  FR=TGT PILOT  FD=SRCH 9K113 LOS  FL=CM MENU
12:23:27     !! L does not offer "CLOSE" (shows "nil") -- not pressing
12:23:27   on page 'other': C=FIRE  U=SRCH PILOT LOS  R=NO MSL  D=TRACKING  FU=HOLD FIRE  FR=TGT PILOT  FD=SRCH 9K113 LOS  FL=CM MENU
12:23:27     !! L does not offer "CLOSE" (shows "nil") -- not pressing
12:23:27   on page 'other': C=FIRE  U=SRCH PILOT LOS  R=NO MSL  D=TRACKING  FU=HOLD FIRE  FR=TGT PILOT  FD=SRCH 9K113 LOS  FL=CM MENU
12:23:27     !! L does not offer "CLOSE" (shows "nil") -- not pressing
12:23:27   on page 'other': C=FIRE  U=SRCH PILOT LOS  R=NO MSL  D=TRACKING  FU=HOLD FIRE  FR=TGT PILOT  FD=SRCH 9K113 LOS  FL=CM MENU
12:23:27     !! L does not offer "CLOSE" (shows "nil") -- not pressing
12:23:27   on page 'other': C=FIRE  U=SRCH PILOT LOS  R=NO MSL  D=TRACKING  FU=HOLD FIRE  FR=TGT PILOT  FD=SRCH 9K113 LOS  FL=CM MENU
12:23:27     !! L does not offer "CLOSE" (shows "nil") -- not pressing
12:23:27   on page 'other': C=FIRE  U=SRCH PILOT LOS  R=NO MSL  D=TRACKING  FU=HOLD FIRE  FR=TGT PILOT  FD=SRCH 9K113 LOS  FL=CM MENU
12:23:27     !! L does not offer "CLOSE" (shows "nil") -- not pressing
12:23:27   on page 'other': C=FIRE  U=SRCH PILOT LOS  R=NO MSL  D=TRACKING  FU=HOLD FIRE  FR=TGT PILOT  FD=SRCH 9K113 LOS  FL=CM MENU
12:23:27     !! L does not offer "CLOSE" (shows "nil") -- not pressing
12:23:27   on page 'other': C=FIRE  U=SRCH PILOT LOS  R=NO MSL  D=TRACKING  FU=HOLD FIRE  FR=TGT PILOT  FD=SRCH 9K113 LOS  FL=CM MENU
12:23:27     !! L does not offer "CLOSE" (shows "nil") -- not pressing
12:23:27   on page 'other': C=FIRE  U=SRCH PILOT LOS  R=NO MSL  D=TRACKING  FU=HOLD FIRE  FR=TGT PILOT  FD=SRCH 9K113 LOS  FL=CM MENU
12:23:27     !! L does not offer "CLOSE" (shows "nil") -- not pressing
12:23:27   on page 'other': C=FIRE  U=SRCH PILOT LOS  R=NO MSL  D=TRACKING  FU=HOLD FIRE  FR=TGT PILOT  FD=SRCH 9K113 LOS  FL=CM MENU
12:23:27     !! L does not offer "CLOSE" (shows "nil") -- not pressing
12:23:27   on page 'other': C=FIRE  U=SRCH PILOT LOS  R=NO MSL  D=TRACKING  FU=HOLD FIRE  FR=TGT PILOT  FD=SRCH 9K113 LOS  FL=CM MENU
12:23:27     !! L does not offer "CLOSE" (shows "nil") -- not pressing
12:23:27   on page 'other': C=FIRE  U=SRCH PILOT LOS  R=NO MSL  D=TRACKING  FU=HOLD FIRE  FR=TGT PILOT  FD=SRCH 9K113 LOS  FL=CM MENU
12:23:27     !! L does not offer "CLOSE" (shows "nil") -- not pressing
12:23:27   on page 'other': C=FIRE  U=SRCH PILOT LOS  R=NO MSL  D=TRACKING  FU=HOLD FIRE  FR=TGT PILOT  FD=SRCH 9K113 LOS  FL=CM MENU
12:23:27     !! L does not offer "CLOSE" (shows "nil") -- not pressing
12:23:27   on page 'other': C=FIRE  U=SRCH PILOT LOS  R=NO MSL  D=TRACKING  FU=HOLD FIRE  FR=TGT PILOT  FD=SRCH 9K113 LOS  FL=CM MENU
12:23:27     !! L does not offer "CLOSE" (shows "nil") -- not pressing
12:23:27   on page 'other': C=FIRE  U=SRCH PILOT LOS  R=NO MSL  D=TRACKING  FU=HOLD FIRE  FR=TGT PILOT  FD=SRCH 9K113 LOS  FL=CM MENU
12:23:27     !! L does not offer "CLOSE" (shows "nil") -- not pressing
12:23:27   on page 'other': C=FIRE  U=SRCH PILOT LOS  R=NO MSL  D=TRACKING  FU=HOLD FIRE  FR=TGT PILOT  FD=SRCH 9K113 LOS  FL=CM MENU
12:23:27     !! L does not offer "CLOSE" (shows "nil") -- not pressing
12:23:27   on page 'other': C=FIRE  U=SRCH PILOT LOS  R=NO MSL  D=TRACKING  FU=HOLD FIRE  FR=TGT PILOT  FD=SRCH 9K113 LOS  FL=CM MENU
12:23:27     !! L does not offer "CLOSE" (shows "nil") -- not pressing
12:23:27   on page 'other': C=FIRE  U=SRCH PILOT LOS  R=NO MSL  D=TRACKING  FU=HOLD FIRE  FR=TGT PILOT  FD=SRCH 9K113 LOS  FL=CM MENU
12:23:27     !! L does not offer "CLOSE" (shows "nil") -- not pressing
12:23:27   on page 'other': C=FIRE  U=SRCH PILOT LOS  R=NO MSL  D=TRACKING  FU=HOLD FIRE  FR=TGT PILOT  FD=SRCH 9K113 LOS  FL=CM MENU
12:23:27     !! L does not offer "CLOSE" (shows "nil") -- not pressing
12:23:27   on page 'other': C=FIRE  U=SRCH PILOT LOS  R=NO MSL  D=TRACKING  FU=HOLD FIRE  FR=TGT PILOT  FD=SRCH 9K113 LOS  FL=CM MENU
12:23:27     !! L does not offer "CLOSE" (shows "nil") -- not pressing
12:23:27   on page 'other': C=FIRE  U=SRCH PILOT LOS  R=NO MSL  D=TRACKING  FU=HOLD FIRE  FR=TGT PILOT  FD=SRCH 9K113 LOS  FL=CM MENU
12:23:27     !! L does not offer "CLOSE" (shows "nil") -- not pressing
12:23:27   on page 'other': C=FIRE  U=SRCH PILOT LOS  R=NO MSL  D=TRACKING  FU=HOLD FIRE  FR=TGT PILOT  FD=SRCH 9K113 LOS  FL=CM MENU
12:23:27     !! L does not offer "CLOSE" (shows "nil") -- not pressing
12:23:27   on page 'other': C=FIRE  U=SRCH PILOT LOS  R=NO MSL  D=TRACKING  FU=HOLD FIRE  FR=TGT PILOT  FD=SRCH 9K113 LOS  FL=CM MENU
12:23:27     !! L does not offer "CLOSE" (shows "nil") -- not pressing
12:23:28   on page 'other': C=FIRE  U=SRCH PILOT LOS  R=NO MSL  D=TRACKING  FU=HOLD FIRE  FR=TGT PILOT  FD=SRCH 9K113 LOS  FL=CM MENU
12:23:28     !! L does not offer "CLOSE" (shows "nil") -- not pressing
12:23:28   on page 'other': C=FIRE  U=SRCH PILOT LOS  R=NO MSL  D=TRACKING  FU=HOLD FIRE  FR=TGT PILOT  FD=SRCH 9K113 LOS  FL=CM MENU
12:23:28     !! L does not offer "CLOSE" (shows "nil") -- not pressing
12:23:28   on page 'other': C=FIRE  U=SRCH PILOT LOS  R=NO MSL  D=TRACKING  FU=HOLD FIRE  FR=TGT PILOT  FD=SRCH 9K113 LOS  FL=CM MENU
12:23:28     !! L does not offer "CLOSE" (shows "nil") -- not pressing
12:23:28   on page 'other': C=FIRE  U=SRCH PILOT LOS  R=NO MSL  D=TRACKING  FU=HOLD FIRE  FR=TGT PILOT  FD=SRCH 9K113 LOS  FL=CM MENU
12:23:28     !! L does not offer "CLOSE" (shows "nil") -- not pressing
12:23:28   on page 'other': C=FIRE  U=SRCH PILOT LOS  R=NO MSL  D=TRACKING  FU=HOLD FIRE  FR=TGT PILOT  FD=SRCH 9K113 LOS  FL=CM MENU
12:23:28     !! L does not offer "CLOSE" (shows "nil") -- not pressing
12:23:28   on page 'other': C=FIRE  U=SRCH PILOT LOS  R=NO MSL  D=TRACKING  FU=HOLD FIRE  FR=TGT PILOT  FD=SRCH 9K113 LOS  FL=CM MENU
12:23:28     !! L does not offer "CLOSE" (shows "nil") -- not pressing
12:23:28   on page 'other': C=FIRE  U=SRCH PILOT LOS  R=NO MSL  D=TRACKING  FU=HOLD FIRE  FR=TGT PILOT  FD=SRCH 9K113 LOS  FL=CM MENU
12:23:28     !! L does not offer "CLOSE" (shows "nil") -- not pressing
12:23:28   on page 'other': C=FIRE  U=SRCH PILOT LOS  R=NO MSL  D=TRACKING  FU=HOLD FIRE  FR=TGT PILOT  FD=SRCH 9K113 LOS  FL=CM MENU
12:23:28     !! L does not offer "CLOSE" (shows "nil") -- not pressing
12:23:28   on page 'other': C=FIRE  U=SRCH PILOT LOS  R=NO MSL  D=TRACKING  FU=HOLD FIRE  FR=TGT PILOT  FD=SRCH 9K113 LOS  FL=CM MENU
12:23:28     !! L does not offer "CLOSE" (shows "nil") -- not pressing
12:23:28   on page 'other': C=FIRE  U=SRCH PILOT LOS  R=NO MSL  D=TRACKING  FU=HOLD FIRE  FR=TGT PILOT  FD=SRCH 9K113 LOS  FL=CM MENU
12:23:28     !! L does not offer "CLOSE" (shows "nil") -- not pressing
12:23:28   on page 'other': C=FIRE  U=SRCH PILOT LOS  R=NO MSL  D=TRACKING  FU=HOLD FIRE  FR=TGT PILOT  FD=SRCH 9K113 LOS  FL=CM MENU
12:23:28     !! L does not offer "CLOSE" (shows "nil") -- not pressing
12:23:28   on page 'other': C=FIRE  U=SRCH PILOT LOS  R=NO MSL  D=TRACKING  FU=HOLD FIRE  FR=TGT PILOT  FD=SRCH 9K113 LOS  FL=CM MENU
12:23:28     !! L does not offer "CLOSE" (shows "nil") -- not pressing
12:23:28   on page 'other': C=FIRE  U=SRCH PILOT LOS  R=NO MSL  D=TRACKING  FU=HOLD FIRE  FR=TGT PILOT  FD=SRCH 9K113 LOS  FL=CM MENU
12:23:28     !! L does not offer "CLOSE" (shows "nil") -- not pressing
12:23:28   on page 'other': C=FIRE  U=SRCH PILOT LOS  R=NO MSL  D=TRACKING  FU=HOLD FIRE  FR=TGT PILOT  FD=SRCH 9K113 LOS  FL=CM MENU
12:23:28     !! L does not offer "CLOSE" (shows "nil") -- not pressing
12:23:28   on page 'other': C=FIRE  U=SRCH PILOT LOS  R=NO MSL  D=TRACKING  FU=HOLD FIRE  FR=TGT PILOT  FD=SRCH 9K113 LOS  FL=CM MENU
12:23:28     !! L does not offer "CLOSE" (shows "nil") -- not pressing
12:23:28   on page 'other': C=FIRE  U=SRCH PILOT LOS  R=NO MSL  D=TRACKING  FU=HOLD FIRE  FR=TGT PILOT  FD=SRCH 9K113 LOS  FL=CM MENU
12:23:28     !! L does not offer "CLOSE" (shows "nil") -- not pressing
12:23:28   on page 'other': C=FIRE  U=SRCH PILOT LOS  R=NO MSL  D=TRACKING  FU=HOLD FIRE  FR=TGT PILOT  FD=SRCH 9K113 LOS  FL=CM MENU
12:23:28     !! L does not offer "CLOSE" (shows "nil") -- not pressing
12:23:28   on page 'other': C=FIRE  U=SRCH PILOT LOS  R=NO MSL  D=TRACKING  FU=HOLD FIRE  FR=TGT PILOT  FD=SRCH 9K113 LOS  FL=CM MENU
12:23:28     !! L does not offer "CLOSE" (shows "nil") -- not pressing
12:23:28   on page 'other': C=FIRE  U=SRCH PILOT LOS  R=NO MSL  D=TRACKING  FU=HOLD FIRE  FR=TGT PILOT  FD=SRCH 9K113 LOS  FL=CM MENU
12:23:28     !! L does not offer "CLOSE" (shows "nil") -- not pressing
12:23:28   on page 'other': C=FIRE  U=SRCH PILOT LOS  R=NO MSL  D=TRACKING  FU=HOLD FIRE  FR=TGT PILOT  FD=SRCH 9K113 LOS  FL=CM MENU
12:23:28     !! L does not offer "CLOSE" (shows "nil") -- not pressing
12:23:28   on page 'other': C=FIRE  U=SRCH PILOT LOS  R=NO MSL  D=TRACKING  FU=HOLD FIRE  FR=TGT PILOT  FD=SRCH 9K113 LOS  FL=CM MENU
12:23:28     !! L does not offer "CLOSE" (shows "nil") -- not pressing
12:23:28   on page 'other': C=FIRE  U=SRCH PILOT LOS  R=NO MSL  D=TRACKING  FU=HOLD FIRE  FR=TGT PILOT  FD=SRCH 9K113 LOS  FL=CM MENU
12:23:28     !! L does not offer "CLOSE" (shows "nil") -- not pressing
12:23:28   on page 'other': C=FIRE  U=SRCH PILOT LOS  R=NO MSL  D=TRACKING  FU=HOLD FIRE  FR=TGT PILOT  FD=SRCH 9K113 LOS  FL=CM MENU
12:23:28     !! L does not offer "CLOSE" (shows "nil") -- not pressing
12:23:28   on page 'other': C=FIRE  U=SRCH PILOT LOS  R=NO MSL  D=TRACKING  FU=HOLD FIRE  FR=TGT PILOT  FD=SRCH 9K113 LOS  FL=CM MENU
12:23:28     !! L does not offer "CLOSE" (shows "nil") -- not pressing
12:23:28   on page 'other': C=FIRE  U=SRCH PILOT LOS  R=NO MSL  D=TRACKING  FU=HOLD FIRE  FR=TGT PILOT  FD=SRCH 9K113 LOS  FL=CM MENU
12:23:28     !! L does not offer "CLOSE" (shows "nil") -- not pressing
12:23:28   on page 'other': C=FIRE  U=SRCH PILOT LOS  R=NO MSL  D=TRACKING  FU=HOLD FIRE  FR=TGT PILOT  FD=SRCH 9K113 LOS  FL=CM MENU
12:23:28     !! L does not offer "CLOSE" (shows "nil") -- not pressing
12:23:28   on page 'other': C=FIRE  U=SRCH PILOT LOS  R=NO MSL  D=TRACKING  FU=HOLD FIRE  FR=TGT PILOT  FD=SRCH 9K113 LOS  FL=CM MENU
12:23:28     !! L does not offer "CLOSE" (shows "nil") -- not pressing
12:23:28   on page 'other': C=FIRE  U=SRCH PILOT LOS  R=NO MSL  D=TRACKING  FU=HOLD FIRE  FR=TGT PILOT  FD=SRCH 9K113 LOS  FL=CM MENU
12:23:28     !! L does not offer "CLOSE" (shows "nil") -- not pressing
12:23:28   on page 'other': C=FIRE  U=SRCH PILOT LOS  R=NO MSL  D=TRACKING  FU=HOLD FIRE  FR=TGT PILOT  FD=SRCH 9K113 LOS  FL=CM MENU
12:23:28     !! L does not offer "CLOSE" (shows "nil") -- not pressing
12:23:28   on page 'other': C=FIRE  U=SRCH PILOT LOS  R=NO MSL  D=TRACKING  FU=HOLD FIRE  FR=TGT PILOT  FD=SRCH 9K113 LOS  FL=CM MENU
12:23:28     !! L does not offer "CLOSE" (shows "nil") -- not pressing
12:23:28   on page 'other': C=FIRE  U=SRCH PILOT LOS  R=NO MSL  D=TRACKING  FU=HOLD FIRE  FR=TGT PILOT  FD=SRCH 9K113 LOS  FL=CM MENU
12:23:28     !! L does not offer "CLOSE" (shows "nil") -- not pressing
12:23:28   on page 'other': C=FIRE  U=SRCH PILOT LOS  R=NO MSL  D=TRACKING  FU=HOLD FIRE  FR=TGT PILOT  FD=SRCH 9K113 LOS  FL=CM MENU
12:23:28     !! L does not offer "CLOSE" (shows "nil") -- not pressing
12:23:28   on page 'other': C=FIRE  U=SRCH PILOT LOS  R=NO MSL  D=TRACKING  FU=HOLD FIRE  FR=TGT PILOT  FD=SRCH 9K113 LOS  FL=CM MENU
12:23:28     !! L does not offer "CLOSE" (shows "nil") -- not pressing
12:23:28   on page 'other': C=FIRE  U=SRCH PILOT LOS  R=NO MSL  D=TRACKING  FU=HOLD FIRE  FR=TGT PILOT  FD=SRCH 9K113 LOS  FL=CM MENU
12:23:28     !! L does not offer "CLOSE" (shows "nil") -- not pressing
12:23:28   on page 'other': C=FIRE  U=SRCH PILOT LOS  R=NO MSL  D=TRACKING  FU=HOLD FIRE  FR=TGT PILOT  FD=SRCH 9K113 LOS  FL=CM MENU
12:23:28     !! L does not offer "CLOSE" (shows "nil") -- not pressing
12:23:28   on page 'other': C=FIRE  U=SRCH PILOT LOS  R=NO MSL  D=TRACKING  FU=HOLD FIRE  FR=TGT PILOT  FD=SRCH 9K113 LOS  FL=CM MENU
12:23:28     !! L does not offer "CLOSE" (shows "nil") -- not pressing
12:23:28   on page 'other': C=FIRE  U=SRCH PILOT LOS  R=NO MSL  D=TRACKING  FU=HOLD FIRE  FR=TGT PILOT  FD=SRCH 9K113 LOS  FL=CM MENU
12:23:28     !! L does not offer "CLOSE" (shows "nil") -- not pressing
12:23:28   on page 'other': C=FIRE  U=SRCH PILOT LOS  R=NO MSL  D=TRACKING  FU=HOLD FIRE  FR=TGT PILOT  FD=SRCH 9K113 LOS  FL=CM MENU
12:23:28     !! L does not offer "CLOSE" (shows "nil") -- not pressing
12:23:28   on page 'other': C=FIRE  U=SRCH PILOT LOS  R=NO MSL  D=TRACKING  FU=HOLD FIRE  FR=TGT PILOT  FD=SRCH 9K113 LOS  FL=CM MENU
12:23:28     !! L does not offer "CLOSE" (shows "nil") -- not pressing
12:23:28   on page 'other': C=FIRE  U=SRCH PILOT LOS  R=NO MSL  D=TRACKING  FU=HOLD FIRE  FR=TGT PILOT  FD=SRCH 9K113 LOS  FL=CM MENU
12:23:28     !! L does not offer "CLOSE" (shows "nil") -- not pressing
12:23:28   on page 'other': C=FIRE  U=SRCH PILOT LOS  R=NO MSL  D=TRACKING  FU=HOLD FIRE  FR=TGT PILOT  FD=SRCH 9K113 LOS  FL=CM MENU
12:23:28     !! L does not offer "CLOSE" (shows "nil") -- not pressing
12:23:28   on page 'other': C=FIRE  U=SRCH PILOT LOS  R=NO MSL  D=TRACKING  FU=HOLD FIRE  FR=TGT PILOT  FD=SRCH 9K113 LOS  FL=CM MENU
12:23:28     !! L does not offer "CLOSE" (shows "nil") -- not pressing
12:23:28   on page 'other': C=FIRE  U=SRCH PILOT LOS  R=NO MSL  D=TRACKING  FU=HOLD FIRE  FR=TGT PILOT  FD=SRCH 9K113 LOS  FL=CM MENU
12:23:28     !! L does not offer "CLOSE" (shows "nil") -- not pressing
12:23:28   on page 'other': C=FIRE  U=SRCH PILOT LOS  R=NO MSL  D=TRACKING  FU=HOLD FIRE  FR=TGT PILOT  FD=SRCH 9K113 LOS  FL=CM MENU
12:23:28     !! L does not offer "CLOSE" (shows "nil") -- not pressing
12:23:28   on page 'other': C=FIRE  U=SRCH PILOT LOS  R=NO MSL  D=TRACKING  FU=HOLD FIRE  FR=TGT PILOT  FD=SRCH 9K113 LOS  FL=CM MENU
12:23:28     !! L does not offer "CLOSE" (shows "nil") -- not pressing
12:23:28   on page 'other': C=FIRE  U=SRCH PILOT LOS  R=NO MSL  D=TRACKING  FU=HOLD FIRE  FR=TGT PILOT  FD=SRCH 9K113 LOS  FL=CM MENU
12:23:28     !! L does not offer "CLOSE" (shows "nil") -- not pressing
12:23:28   on page 'other': C=FIRE  U=SRCH PILOT LOS  R=NO MSL  D=TRACKING  FU=HOLD FIRE  FR=TGT PILOT  FD=SRCH 9K113 LOS  FL=CM MENU
12:23:28     !! L does not offer "CLOSE" (shows "nil") -- not pressing
12:23:28   on page 'other': C=FIRE  U=SRCH PILOT LOS  R=NO MSL  D=TRACKING  FU=HOLD FIRE  FR=TGT PILOT  FD=SRCH 9K113 LOS  FL=CM MENU
12:23:28     !! L does not offer "CLOSE" (shows "nil") -- not pressing
12:23:28   on page 'other': C=FIRE  U=SRCH PILOT LOS  R=NO MSL  D=TRACKING  FU=HOLD FIRE  FR=TGT PILOT  FD=SRCH 9K113 LOS  FL=CM MENU
12:23:28     !! L does not offer "CLOSE" (shows "nil") -- not pressing
12:23:28   on page 'other': C=FIRE  U=SRCH PILOT LOS  R=NO MSL  D=TRACKING  FU=HOLD FIRE  FR=TGT PILOT  FD=SRCH 9K113 LOS  FL=CM MENU
12:23:28     !! L does not offer "CLOSE" (shows "nil") -- not pressing
12:23:28   on page 'other': C=FIRE  U=SRCH PILOT LOS  R=NO MSL  D=TRACKING  FU=HOLD FIRE  FR=TGT PILOT  FD=SRCH 9K113 LOS  FL=CM MENU
12:23:28     !! L does not offer "CLOSE" (shows "nil") -- not pressing
12:23:28   on page 'other': C=FIRE  U=SRCH PILOT LOS  R=NO MSL  D=TRACKING  FU=HOLD FIRE  FR=TGT PILOT  FD=SRCH 9K113 LOS  FL=CM MENU
12:23:28     !! L does not offer "CLOSE" (shows "nil") -- not pressing
12:23:28   on page 'other': C=FIRE  U=SRCH PILOT LOS  R=NO MSL  D=TRACKING  FU=HOLD FIRE  FR=TGT PILOT  FD=SRCH 9K113 LOS  FL=CM MENU
12:23:28     !! L does not offer "CLOSE" (shows "nil") -- not pressing
12:23:28   on page 'other': C=FIRE  U=SRCH PILOT LOS  R=NO MSL  D=TRACKING  FU=HOLD FIRE  FR=TGT PILOT  FD=SRCH 9K113 LOS  FL=CM MENU
12:23:28     !! L does not offer "CLOSE" (shows "nil") -- not pressing
12:23:28   on page 'other': C=FIRE  U=SRCH PILOT LOS  R=NO MSL  D=TRACKING  FU=HOLD FIRE  FR=TGT PILOT  FD=SRCH 9K113 LOS  FL=CM MENU
12:23:28     !! L does not offer "CLOSE" (shows "nil") -- not pressing
12:23:28   on page 'other': C=FIRE  U=SRCH PILOT LOS  R=NO MSL  D=TRACKING  FU=HOLD FIRE  FR=TGT PILOT  FD=SRCH 9K113 LOS  FL=CM MENU
12:23:28     !! L does not offer "CLOSE" (shows "nil") -- not pressing
12:23:28   on page 'other': C=FIRE  U=SRCH PILOT LOS  R=NO MSL  D=TRACKING  FU=HOLD FIRE  FR=TGT PILOT  FD=SRCH 9K113 LOS  FL=CM MENU
12:23:28     !! L does not offer "CLOSE" (shows "nil") -- not pressing
12:23:28   on page 'other': C=FIRE  U=SRCH PILOT LOS  R=NO MSL  D=TRACKING  FU=HOLD FIRE  FR=TGT PILOT  FD=SRCH 9K113 LOS  FL=CM MENU
12:23:28     !! L does not offer "CLOSE" (shows "nil") -- not pressing
12:23:28   on page 'other': C=FIRE  U=SRCH PILOT LOS  R=NO MSL  D=TRACKING  FU=HOLD FIRE  FR=TGT PILOT  FD=SRCH 9K113 LOS  FL=CM MENU
12:23:28     !! L does not offer "CLOSE" (shows "nil") -- not pressing
12:23:28   on page 'other': C=FIRE  U=SRCH PILOT LOS  R=NO MSL  D=TRACKING  FU=HOLD FIRE  FR=TGT PILOT  FD=SRCH 9K113 LOS  FL=CM MENU
12:23:28     !! L does not offer "CLOSE" (shows "nil") -- not pressing
12:23:28   on page 'other': C=FIRE  U=SRCH PILOT LOS  R=NO MSL  D=TRACKING  FU=HOLD FIRE  FR=TGT PILOT  FD=SRCH 9K113 LOS  FL=CM MENU
12:23:28     !! L does not offer "CLOSE" (shows "nil") -- not pressing
12:23:28   on page 'other': C=FIRE  U=SRCH PILOT LOS  R=NO MSL  D=TRACKING  FU=HOLD FIRE  FR=TGT PILOT  FD=SRCH 9K113 LOS  FL=CM MENU
12:23:28     !! L does not offer "CLOSE" (shows "nil") -- not pressing
12:23:28   on page 'other': C=FIRE  U=SRCH PILOT LOS  R=NO MSL  D=TRACKING  FU=HOLD FIRE  FR=TGT PILOT  FD=SRCH 9K113 LOS  FL=CM MENU
12:23:28     !! L does not offer "CLOSE" (shows "nil") -- not pressing
12:23:28   on page 'other': C=FIRE  U=SRCH PILOT LOS  R=NO MSL  D=TRACKING  FU=HOLD FIRE  FR=TGT PILOT  FD=SRCH 9K113 LOS  FL=CM MENU
12:23:28     !! L does not offer "CLOSE" (shows "nil") -- not pressing
12:23:28   on page 'other': C=FIRE  U=SRCH PILOT LOS  R=NO MSL  D=TRACKING  FU=HOLD FIRE  FR=TGT PILOT  FD=SRCH 9K113 LOS  FL=CM MENU
12:23:28     !! L does not offer "CLOSE" (shows "nil") -- not pressing
12:23:28   on page 'other': C=FIRE  U=SRCH PILOT LOS  R=NO MSL  D=TRACKING  FU=HOLD FIRE  FR=TGT PILOT  FD=SRCH 9K113 LOS  FL=CM MENU
12:23:28     !! L does not offer "CLOSE" (shows "nil") -- not pressing
12:23:28   on page 'other': C=FIRE  U=SRCH PILOT LOS  R=NO MSL  D=TRACKING  FU=HOLD FIRE  FR=TGT PILOT  FD=SRCH 9K113 LOS  FL=CM MENU
12:23:28     !! L does not offer "CLOSE" (shows "nil") -- not pressing
12:23:28   on page 'other': C=FIRE  U=SRCH PILOT LOS  R=NO MSL  D=TRACKING  FU=HOLD FIRE  FR=TGT PILOT  FD=SRCH 9K113 LOS  FL=CM MENU
12:23:28     !! L does not offer "CLOSE" (shows "nil") -- not pressing
12:23:28   on page 'other': C=FIRE  U=SRCH PILOT LOS  R=NO MSL  D=TRACKING  FU=HOLD FIRE  FR=TGT PILOT  FD=SRCH 9K113 LOS  FL=CM MENU
12:23:28     !! L does not offer "CLOSE" (shows "nil") -- not pressing
12:23:28   on page 'other': C=FIRE  U=SRCH PILOT LOS  R=NO MSL  D=TRACKING  FU=HOLD FIRE  FR=TGT PILOT  FD=SRCH 9K113 LOS  FL=CM MENU
12:23:28     !! L does not offer "CLOSE" (shows "nil") -- not pressing
12:23:28   on page 'other': C=FIRE  U=SRCH PILOT LOS  R=NO MSL  D=TRACKING  FU=HOLD FIRE  FR=TGT PILOT  FD=SRCH 9K113 LOS  FL=CM MENU
12:23:28     !! L does not offer "CLOSE" (shows "nil") -- not pressing
12:23:28   on page 'other': C=FIRE  U=SRCH PILOT LOS  R=NO MSL  D=TRACKING  FU=HOLD FIRE  FR=TGT PILOT  FD=SRCH 9K113 LOS  FL=CM MENU
12:23:28     !! L does not offer "CLOSE" (shows "nil") -- not pressing
12:23:28   on page 'other': C=FIRE  U=SRCH PILOT LOS  R=NO MSL  D=TRACKING  FU=HOLD FIRE  FR=TGT PILOT  FD=SRCH 9K113 LOS  FL=CM MENU
12:23:28     !! L does not offer "CLOSE" (shows "nil") -- not pressing
12:23:28   on page 'other': C=FIRE  U=SRCH PILOT LOS  R=NO MSL  D=TRACKING  FU=HOLD FIRE  FR=TGT PILOT  FD=SRCH 9K113 LOS  FL=CM MENU
12:23:28     !! L does not offer "CLOSE" (shows "nil") -- not pressing
12:23:28   on page 'other': C=FIRE  U=SRCH PILOT LOS  R=NO MSL  D=TRACKING  FU=HOLD FIRE  FR=TGT PILOT  FD=SRCH 9K113 LOS  FL=CM MENU
12:23:28     !! L does not offer "CLOSE" (shows "nil") -- not pressing
12:23:28   on page 'other': C=FIRE  U=SRCH PILOT LOS  R=NO MSL  D=TRACKING  FU=HOLD FIRE  FR=TGT PILOT  FD=SRCH 9K113 LOS  FL=CM MENU
12:23:28     !! L does not offer "CLOSE" (shows "nil") -- not pressing
12:23:28   on page 'other': C=FIRE  U=SRCH PILOT LOS  R=NO MSL  D=TRACKING  FU=HOLD FIRE  FR=TGT PILOT  FD=SRCH 9K113 LOS  FL=CM MENU
12:23:28     !! L does not offer "CLOSE" (shows "nil") -- not pressing
12:23:28   on page 'other': C=FIRE  U=SRCH PILOT LOS  R=NO MSL  D=TRACKING  FU=HOLD FIRE  FR=TGT PILOT  FD=SRCH 9K113 LOS  FL=CM MENU
12:23:28     !! L does not offer "CLOSE" (shows "nil") -- not pressing
12:23:28   on page 'other': C=FIRE  U=SRCH PILOT LOS  R=NO MSL  D=TRACKING  FU=HOLD FIRE  FR=TGT PILOT  FD=SRCH 9K113 LOS  FL=CM MENU
12:23:28     !! L does not offer "CLOSE" (shows "nil") -- not pressing
12:23:28   on page 'other': C=FIRE  U=SRCH PILOT LOS  R=NO MSL  D=TRACKING  FU=HOLD FIRE  FR=TGT PILOT  FD=SRCH 9K113 LOS  FL=CM MENU
12:23:28     !! L does not offer "CLOSE" (shows "nil") -- not pressing
12:23:29   on page 'other': C=FIRE  U=SRCH PILOT LOS  R=NO MSL  D=TRACKING  FU=HOLD FIRE  FR=TGT PILOT  FD=SRCH 9K113 LOS  FL=CM MENU
12:23:29     !! L does not offer "CLOSE" (shows "nil") -- not pressing
12:23:29   on page 'other': C=FIRE  U=SRCH PILOT LOS  R=NO MSL  D=TRACKING  FU=HOLD FIRE  FR=TGT PILOT  FD=SRCH 9K113 LOS  FL=CM MENU
12:23:29     !! L does not offer "CLOSE" (shows "nil") -- not pressing
12:23:29   on page 'other': C=FIRE  U=SRCH PILOT LOS  R=NO MSL  D=TRACKING  FU=HOLD FIRE  FR=TGT PILOT  FD=SRCH 9K113 LOS  FL=CM MENU
12:23:29     !! L does not offer "CLOSE" (shows "nil") -- not pressing
12:23:29   on page 'other': C=FIRE  U=SRCH PILOT LOS  R=NO MSL  D=TRACKING  FU=HOLD FIRE  FR=TGT PILOT  FD=SRCH 9K113 LOS  FL=CM MENU
12:23:29     !! L does not offer "CLOSE" (shows "nil") -- not pressing
12:23:29   on page 'other': C=FIRE  U=SRCH PILOT LOS  R=NO MSL  D=TRACKING  FU=HOLD FIRE  FR=TGT PILOT  FD=SRCH 9K113 LOS  FL=CM MENU
12:23:29     !! L does not offer "CLOSE" (shows "nil") -- not pressing
12:23:29   on page 'other': C=FIRE  U=SRCH PILOT LOS  R=NO MSL  D=TRACKING  FU=HOLD FIRE  FR=TGT PILOT  FD=SRCH 9K113 LOS  FL=CM MENU
12:23:29     !! L does not offer "CLOSE" (shows "nil") -- not pressing
12:23:29   on page 'other': C=FIRE  U=SRCH PILOT LOS  R=NO MSL  D=TRACKING  FU=HOLD FIRE  FR=TGT PILOT  FD=SRCH 9K113 LOS  FL=CM MENU
12:23:29     !! L does not offer "CLOSE" (shows "nil") -- not pressing
12:23:29   on page 'other': C=FIRE  U=SRCH PILOT LOS  R=NO MSL  D=TRACKING  FU=HOLD FIRE  FR=TGT PILOT  FD=SRCH 9K113 LOS  FL=CM MENU
12:23:29     !! L does not offer "CLOSE" (shows "nil") -- not pressing
12:23:29   on page 'other': C=FIRE  U=SRCH PILOT LOS  R=NO MSL  D=TRACKING  FU=HOLD FIRE  FR=TGT PILOT  FD=SRCH 9K113 LOS  FL=CM MENU
12:23:29     !! L does not offer "CLOSE" (shows "nil") -- not pressing
12:23:29   on page 'other': C=FIRE  U=SRCH PILOT LOS  R=NO MSL  D=TRACKING  FU=HOLD FIRE  FR=TGT PILOT  FD=SRCH 9K113 LOS  FL=CM MENU
12:23:29     !! L does not offer "CLOSE" (shows "nil") -- not pressing
12:23:29   on page 'other': C=FIRE  U=SRCH PILOT LOS  R=NO MSL  D=TRACKING  FU=HOLD FIRE  FR=TGT PILOT  FD=SRCH 9K113 LOS  FL=CM MENU
12:23:29     !! L does not offer "CLOSE" (shows "nil") -- not pressing
12:23:29   on page 'other': C=FIRE  U=SRCH PILOT LOS  R=NO MSL  D=TRACKING  FU=HOLD FIRE  FR=TGT PILOT  FD=SRCH 9K113 LOS  FL=CM MENU
12:23:29     !! L does not offer "CLOSE" (shows "nil") -- not pressing
12:23:29   on page 'other': C=FIRE  U=SRCH PILOT LOS  R=NO MSL  D=TRACKING  FU=HOLD FIRE  FR=TGT PILOT  FD=SRCH 9K113 LOS  FL=CM MENU
12:23:29     !! L does not offer "CLOSE" (shows "nil") -- not pressing
12:23:29   on page 'other': C=FIRE  U=SRCH PILOT LOS  R=NO MSL  D=TRACKING  FU=HOLD FIRE  FR=TGT PILOT  FD=SRCH 9K113 LOS  FL=CM MENU
12:23:29     !! L does not offer "CLOSE" (shows "nil") -- not pressing
12:23:29   on page 'other': C=FIRE  U=SRCH PILOT LOS  R=NO MSL  D=TRACKING  FU=HOLD FIRE  FR=TGT PILOT  FD=SRCH 9K113 LOS  FL=CM MENU
12:23:29     !! L does not offer "CLOSE" (shows "nil") -- not pressing
12:23:29   on page 'other': C=FIRE  U=SRCH PILOT LOS  R=NO MSL  D=TRACKING  FU=HOLD FIRE  FR=TGT PILOT  FD=SRCH 9K113 LOS  FL=CM MENU
12:23:29     !! L does not offer "CLOSE" (shows "nil") -- not pressing
12:23:29   on page 'other': C=FIRE  U=SRCH PILOT LOS  R=NO MSL  D=TRACKING  FU=HOLD FIRE  FR=TGT PILOT  FD=SRCH 9K113 LOS  FL=CM MENU
12:23:29     !! L does not offer "CLOSE" (shows "nil") -- not pressing
12:23:29   on page 'other': C=FIRE  U=SRCH PILOT LOS  R=NO MSL  D=TRACKING  FU=HOLD FIRE  FR=TGT PILOT  FD=SRCH 9K113 LOS  FL=CM MENU
12:23:29     !! L does not offer "CLOSE" (shows "nil") -- not pressing
12:23:29   on page 'other': C=FIRE  U=SRCH PILOT LOS  R=NO MSL  D=TRACKING  FU=HOLD FIRE  FR=TGT PILOT  FD=SRCH 9K113 LOS  FL=CM MENU
12:23:29     !! L does not offer "CLOSE" (shows "nil") -- not pressing
12:23:29   on page 'other': C=FIRE  U=SRCH PILOT LOS  R=NO MSL  D=TRACKING  FU=HOLD FIRE  FR=TGT PILOT  FD=SRCH 9K113 LOS  FL=CM MENU
12:23:29     !! L does not offer "CLOSE" (shows "nil") -- not pressing
12:23:29   on page 'other': C=FIRE  U=SRCH PILOT LOS  R=NO MSL  D=TRACKING  FU=HOLD FIRE  FR=TGT PILOT  FD=SRCH 9K113 LOS  FL=CM MENU
12:23:29     !! L does not offer "CLOSE" (shows "nil") -- not pressing
12:23:29   on page 'other': C=FIRE  U=SRCH PILOT LOS  R=NO MSL  D=TRACKING  FU=HOLD FIRE  FR=TGT PILOT  FD=SRCH 9K113 LOS  FL=CM MENU
12:23:29     !! L does not offer "CLOSE" (shows "nil") -- not pressing
12:23:29   on page 'other': C=FIRE  U=SRCH PILOT LOS  R=NO MSL  D=TRACKING  FU=HOLD FIRE  FR=TGT PILOT  FD=SRCH 9K113 LOS  FL=CM MENU
12:23:29     !! L does not offer "CLOSE" (shows "nil") -- not pressing
12:23:29   on page 'other': C=FIRE  U=SRCH PILOT LOS  R=NO MSL  D=TRACKING  FU=HOLD FIRE  FR=TGT PILOT  FD=SRCH 9K113 LOS  FL=CM MENU
12:23:29     !! L does not offer "CLOSE" (shows "nil") -- not pressing
12:23:29   on page 'other': C=FIRE  U=SRCH PILOT LOS  R=NO MSL  D=TRACKING  FU=HOLD FIRE  FR=TGT PILOT  FD=SRCH 9K113 LOS  FL=CM MENU
12:23:29     !! L does not offer "CLOSE" (shows "nil") -- not pressing
12:23:29   on page 'other': C=FIRE  U=SRCH PILOT LOS  R=NO MSL  D=TRACKING  FU=HOLD FIRE  FR=TGT PILOT  FD=SRCH 9K113 LOS  FL=CM MENU
12:23:29     !! L does not offer "CLOSE" (shows "nil") -- not pressing
12:23:29   on page 'other': C=FIRE  U=SRCH PILOT LOS  R=NO MSL  D=TRACKING  FU=HOLD FIRE  FR=TGT PILOT  FD=SRCH 9K113 LOS  FL=CM MENU
12:23:29     !! L does not offer "CLOSE" (shows "nil") -- not pressing
12:23:29   on page 'other': C=FIRE  U=SRCH PILOT LOS  R=NO MSL  D=TRACKING  FU=HOLD FIRE  FR=TGT PILOT  FD=SRCH 9K113 LOS  FL=CM MENU
12:23:29     !! L does not offer "CLOSE" (shows "nil") -- not pressing
12:23:29   on page 'other': C=FIRE  U=SRCH PILOT LOS  R=NO MSL  D=TRACKING  FU=HOLD FIRE  FR=TGT PILOT  FD=SRCH 9K113 LOS  FL=CM MENU
12:23:29     !! L does not offer "CLOSE" (shows "nil") -- not pressing
12:23:29   on page 'other': C=FIRE  U=SRCH PILOT LOS  R=NO MSL  D=TRACKING  FU=HOLD FIRE  FR=TGT PILOT  FD=SRCH 9K113 LOS  FL=CM MENU
12:23:29     !! L does not offer "CLOSE" (shows "nil") -- not pressing
12:23:29   on page 'other': C=FIRE  U=SRCH PILOT LOS  R=NO MSL  D=TRACKING  FU=HOLD FIRE  FR=TGT PILOT  FD=SRCH 9K113 LOS  FL=CM MENU
12:23:29     !! L does not offer "CLOSE" (shows "nil") -- not pressing
12:23:29   on page 'other': C=FIRE  U=SRCH PILOT LOS  R=NO MSL  D=TRACKING  FU=HOLD FIRE  FR=TGT PILOT  FD=SRCH 9K113 LOS  FL=CM MENU
12:23:29     !! L does not offer "CLOSE" (shows "nil") -- not pressing
12:23:29   on page 'other': C=FIRE  U=SRCH PILOT LOS  R=NO MSL  D=TRACKING  FU=HOLD FIRE  FR=TGT PILOT  FD=SRCH 9K113 LOS  FL=CM MENU
12:23:29     !! L does not offer "CLOSE" (shows "nil") -- not pressing
12:23:29   on page 'other': C=FIRE  U=SRCH PILOT LOS  R=NO MSL  D=TRACKING  FU=HOLD FIRE  FR=TGT PILOT  FD=SRCH 9K113 LOS  FL=CM MENU
12:23:29     !! L does not offer "CLOSE" (shows "nil") -- not pressing
12:23:29   on page 'other': C=FIRE  U=SRCH PILOT LOS  R=NO MSL  D=TRACKING  FU=HOLD FIRE  FR=TGT PILOT  FD=SRCH 9K113 LOS  FL=CM MENU
12:23:29     !! L does not offer "CLOSE" (shows "nil") -- not pressing
12:23:29   on page 'other': C=FIRE  U=SRCH PILOT LOS  R=NO MSL  D=TRACKING  FU=HOLD FIRE  FR=TGT PILOT  FD=SRCH 9K113 LOS  FL=CM MENU
12:23:29     !! L does not offer "CLOSE" (shows "nil") -- not pressing
12:23:29   on page 'other': C=FIRE  U=SRCH PILOT LOS  R=NO MSL  D=TRACKING  FU=HOLD FIRE  FR=TGT PILOT  FD=SRCH 9K113 LOS  FL=CM MENU
12:23:29     !! L does not offer "CLOSE" (shows "nil") -- not pressing
12:23:29   on page 'other': C=FIRE  U=SRCH PILOT LOS  R=NO MSL  D=TRACKING  FU=HOLD FIRE  FR=TGT PILOT  FD=SRCH 9K113 LOS  FL=CM MENU
12:23:29     !! L does not offer "CLOSE" (shows "nil") -- not pressing
12:23:29   on page 'other': C=FIRE  U=SRCH PILOT LOS  R=NO MSL  D=TRACKING  FU=HOLD FIRE  FR=TGT PILOT  FD=SRCH 9K113 LOS  FL=CM MENU
12:23:29     !! L does not offer "CLOSE" (shows "nil") -- not pressing
12:23:29   on page 'other': C=FIRE  U=SRCH PILOT LOS  R=NO MSL  D=TRACKING  FU=HOLD FIRE  FR=TGT PILOT  FD=SRCH 9K113 LOS  FL=CM MENU
12:23:29     !! L does not offer "CLOSE" (shows "nil") -- not pressing
12:23:29   on page 'other': C=FIRE  U=SRCH PILOT LOS  R=NO MSL  D=TRACKING  FU=HOLD FIRE  FR=TGT PILOT  FD=SRCH 9K113 LOS  FL=CM MENU
12:23:29     !! L does not offer "CLOSE" (shows "nil") -- not pressing
12:23:29   on page 'other': C=FIRE  U=SRCH PILOT LOS  R=NO MSL  D=TRACKING  FU=HOLD FIRE  FR=TGT PILOT  FD=SRCH 9K113 LOS  FL=CM MENU
12:23:29     !! L does not offer "CLOSE" (shows "nil") -- not pressing
12:23:29   on page 'other': C=FIRE  U=SRCH PILOT LOS  R=NO MSL  D=TRACKING  FU=HOLD FIRE  FR=TGT PILOT  FD=SRCH 9K113 LOS  FL=CM MENU
12:23:29     !! L does not offer "CLOSE" (shows "nil") -- not pressing
12:23:29   on page 'other': C=FIRE  U=SRCH PILOT LOS  R=NO MSL  D=TRACKING  FU=HOLD FIRE  FR=TGT PILOT  FD=SRCH 9K113 LOS  FL=CM MENU
12:23:29     !! L does not offer "CLOSE" (shows "nil") -- not pressing
12:23:29   on page 'other': C=FIRE  U=SRCH PILOT LOS  R=NO MSL  D=TRACKING  FU=HOLD FIRE  FR=TGT PILOT  FD=SRCH 9K113 LOS  FL=CM MENU
12:23:29     !! L does not offer "CLOSE" (shows "nil") -- not pressing
12:23:29   on page 'other': C=FIRE  U=SRCH PILOT LOS  R=NO MSL  D=TRACKING  FU=HOLD FIRE  FR=TGT PILOT  FD=SRCH 9K113 LOS  FL=CM MENU
12:23:29     !! L does not offer "CLOSE" (shows "nil") -- not pressing
12:23:29   on page 'other': C=FIRE  U=SRCH PILOT LOS  R=NO MSL  D=TRACKING  FU=HOLD FIRE  FR=TGT PILOT  FD=SRCH 9K113 LOS  FL=CM MENU
12:23:29     !! L does not offer "CLOSE" (shows "nil") -- not pressing
12:23:29   on page 'other': C=FIRE  U=SRCH PILOT LOS  R=NO MSL  D=TRACKING  FU=HOLD FIRE  FR=TGT PILOT  FD=SRCH 9K113 LOS  FL=CM MENU
12:23:29     !! L does not offer "CLOSE" (shows "nil") -- not pressing
12:23:29   on page 'other': C=FIRE  U=SRCH PILOT LOS  R=NO MSL  D=TRACKING  FU=HOLD FIRE  FR=TGT PILOT  FD=SRCH 9K113 LOS  FL=CM MENU
12:23:29     !! L does not offer "CLOSE" (shows "nil") -- not pressing
12:23:29   on page 'other': C=FIRE  U=SRCH PILOT LOS  R=NO MSL  D=TRACKING  FU=HOLD FIRE  FR=TGT PILOT  FD=SRCH 9K113 LOS  FL=CM MENU
12:23:29     !! L does not offer "CLOSE" (shows "nil") -- not pressing
12:23:29   on page 'other': C=FIRE  U=SRCH PILOT LOS  R=NO MSL  D=TRACKING  FU=HOLD FIRE  FR=TGT PILOT  FD=SRCH 9K113 LOS  FL=CM MENU
12:23:29     !! L does not offer "CLOSE" (shows "nil") -- not pressing
12:23:29   on page 'other': C=FIRE  U=SRCH PILOT LOS  R=NO MSL  D=TRACKING  FU=HOLD FIRE  FR=TGT PILOT  FD=SRCH 9K113 LOS  FL=CM MENU
12:23:29     !! L does not offer "CLOSE" (shows "nil") -- not pressing
12:23:29   on page 'other': C=FIRE  U=SRCH PILOT LOS  R=NO MSL  D=TRACKING  FU=HOLD FIRE  FR=TGT PILOT  FD=SRCH 9K113 LOS  FL=CM MENU
12:23:29     !! L does not offer "CLOSE" (shows "nil") -- not pressing
12:23:29   on page 'other': C=FIRE  U=SRCH PILOT LOS  R=NO MSL  D=TRACKING  FU=HOLD FIRE  FR=TGT PILOT  FD=SRCH 9K113 LOS  FL=CM MENU
12:23:29     !! L does not offer "CLOSE" (shows "nil") -- not pressing
12:23:29   on page 'other': C=FIRE  U=SRCH PILOT LOS  R=NO MSL  D=TRACKING  FU=HOLD FIRE  FR=TGT PILOT  FD=SRCH 9K113 LOS  FL=CM MENU
12:23:29     !! L does not offer "CLOSE" (shows "nil") -- not pressing
12:23:29   on page 'other': C=FIRE  U=SRCH PILOT LOS  R=NO MSL  D=TRACKING  FU=HOLD FIRE  FR=TGT PILOT  FD=SRCH 9K113 LOS  FL=CM MENU
12:23:29     !! L does not offer "CLOSE" (shows "nil") -- not pressing
12:23:29   on page 'other': C=FIRE  U=SRCH PILOT LOS  R=NO MSL  D=TRACKING  FU=HOLD FIRE  FR=TGT PILOT  FD=SRCH 9K113 LOS  FL=CM MENU
12:23:29     !! L does not offer "CLOSE" (shows "nil") -- not pressing
12:23:29   on page 'other': C=FIRE  U=SRCH PILOT LOS  R=NO MSL  D=TRACKING  FU=HOLD FIRE  FR=TGT PILOT  FD=SRCH 9K113 LOS  FL=CM MENU
12:23:29     !! L does not offer "CLOSE" (shows "nil") -- not pressing
12:23:29   on page 'other': C=FIRE  U=SRCH PILOT LOS  R=NO MSL  D=TRACKING  FU=HOLD FIRE  FR=TGT PILOT  FD=SRCH 9K113 LOS  FL=CM MENU
12:23:29     !! L does not offer "CLOSE" (shows "nil") -- not pressing
12:23:29   on page 'other': C=FIRE  U=SRCH PILOT LOS  R=NO MSL  D=TRACKING  FU=HOLD FIRE  FR=TGT PILOT  FD=SRCH 9K113 LOS  FL=CM MENU
12:23:29     !! L does not offer "CLOSE" (shows "nil") -- not pressing
12:23:29   on page 'other': C=FIRE  U=SRCH PILOT LOS  R=NO MSL  D=TRACKING  FU=HOLD FIRE  FR=TGT PILOT  FD=SRCH 9K113 LOS  FL=CM MENU
12:23:29     !! L does not offer "CLOSE" (shows "nil") -- not pressing
12:23:29   on page 'other': C=FIRE  U=SRCH PILOT LOS  R=NO MSL  D=TRACKING  FU=HOLD FIRE  FR=TGT PILOT  FD=SRCH 9K113 LOS  FL=CM MENU
12:23:29     !! L does not offer "CLOSE" (shows "nil") -- not pressing
12:23:29   on page 'other': C=FIRE  U=SRCH PILOT LOS  R=NO MSL  D=TRACKING  FU=HOLD FIRE  FR=TGT PILOT  FD=SRCH 9K113 LOS  FL=CM MENU
12:23:29     !! L does not offer "CLOSE" (shows "nil") -- not pressing
12:23:29   on page 'other': C=FIRE  U=SRCH PILOT LOS  R=NO MSL  D=TRACKING  FU=HOLD FIRE  FR=TGT PILOT  FD=SRCH 9K113 LOS  FL=CM MENU
12:23:29     !! L does not offer "CLOSE" (shows "nil") -- not pressing
12:23:29   on page 'other': C=FIRE  U=SRCH PILOT LOS  R=NO MSL  D=TRACKING  FU=HOLD FIRE  FR=TGT PILOT  FD=SRCH 9K113 LOS  FL=CM MENU
12:23:29     !! L does not offer "CLOSE" (shows "nil") -- not pressing
12:23:29   on page 'other': C=FIRE  U=SRCH PILOT LOS  R=NO MSL  D=TRACKING  FU=HOLD FIRE  FR=TGT PILOT  FD=SRCH 9K113 LOS  FL=CM MENU
12:23:29     !! L does not offer "CLOSE" (shows "nil") -- not pressing
12:23:29   on page 'other': C=FIRE  U=SRCH PILOT LOS  R=NO MSL  D=TRACKING  FU=HOLD FIRE  FR=TGT PILOT  FD=SRCH 9K113 LOS  FL=CM MENU
12:23:29     !! L does not offer "CLOSE" (shows "nil") -- not pressing
12:23:29   on page 'other': C=FIRE  U=SRCH PILOT LOS  R=NO MSL  D=TRACKING  FU=HOLD FIRE  FR=TGT PILOT  FD=SRCH 9K113 LOS  FL=CM MENU
12:23:29     !! L does not offer "CLOSE" (shows "nil") -- not pressing
12:23:29   on page 'other': C=FIRE  U=SRCH PILOT LOS  R=NO MSL  D=TRACKING  FU=HOLD FIRE  FR=TGT PILOT  FD=SRCH 9K113 LOS  FL=CM MENU
12:23:29     !! L does not offer "CLOSE" (shows "nil") -- not pressing
12:23:29   on page 'other': C=FIRE  U=SRCH PILOT LOS  R=NO MSL  D=TRACKING  FU=HOLD FIRE  FR=TGT PILOT  FD=SRCH 9K113 LOS  FL=CM MENU
12:23:29     !! L does not offer "CLOSE" (shows "nil") -- not pressing
12:23:29   on page 'other': C=FIRE  U=SRCH PILOT LOS  R=NO MSL  D=TRACKING  FU=HOLD FIRE  FR=TGT PILOT  FD=SRCH 9K113 LOS  FL=CM MENU
12:23:29     !! L does not offer "CLOSE" (shows "nil") -- not pressing
12:23:29   on page 'other': C=FIRE  U=SRCH PILOT LOS  R=NO MSL  D=TRACKING  FU=HOLD FIRE  FR=TGT PILOT  FD=SRCH 9K113 LOS  FL=CM MENU
12:23:29     !! L does not offer "CLOSE" (shows "nil") -- not pressing
12:23:29   on page 'other': C=FIRE  U=SRCH PILOT LOS  R=NO MSL  D=TRACKING  FU=HOLD FIRE  FR=TGT PILOT  FD=SRCH 9K113 LOS  FL=CM MENU
12:23:29     !! L does not offer "CLOSE" (shows "nil") -- not pressing
12:23:29   on page 'other': C=FIRE  U=SRCH PILOT LOS  R=NO MSL  D=TRACKING  FU=HOLD FIRE  FR=TGT PILOT  FD=SRCH 9K113 LOS  FL=CM MENU
12:23:29     !! L does not offer "CLOSE" (shows "nil") -- not pressing
12:23:29   on page 'other': C=FIRE  U=SRCH PILOT LOS  R=NO MSL  D=TRACKING  FU=HOLD FIRE  FR=TGT PILOT  FD=SRCH 9K113 LOS  FL=CM MENU
12:23:29     !! L does not offer "CLOSE" (shows "nil") -- not pressing
12:23:29   on page 'other': C=FIRE  U=SRCH PILOT LOS  R=NO MSL  D=TRACKING  FU=HOLD FIRE  FR=TGT PILOT  FD=SRCH 9K113 LOS  FL=CM MENU
12:23:29     !! L does not offer "CLOSE" (shows "nil") -- not pressing
12:23:29   on page 'other': C=FIRE  U=SRCH PILOT LOS  R=NO MSL  D=TRACKING  FU=HOLD FIRE  FR=TGT PILOT  FD=SRCH 9K113 LOS  FL=CM MENU
12:23:29     !! L does not offer "CLOSE" (shows "nil") -- not pressing
12:23:29   on page 'other': C=FIRE  U=SRCH PILOT LOS  R=NO MSL  D=TRACKING  FU=HOLD FIRE  FR=TGT PILOT  FD=SRCH 9K113 LOS  FL=CM MENU
12:23:29     !! L does not offer "CLOSE" (shows "nil") -- not pressing
12:23:29   on page 'other': C=FIRE  U=SRCH PILOT LOS  R=NO MSL  D=TRACKING  FU=HOLD FIRE  FR=TGT PILOT  FD=SRCH 9K113 LOS  FL=CM MENU
12:23:29     !! L does not offer "CLOSE" (shows "nil") -- not pressing
12:23:29   on page 'other': C=FIRE  U=SRCH PILOT LOS  R=NO MSL  D=TRACKING  FU=HOLD FIRE  FR=TGT PILOT  FD=SRCH 9K113 LOS  FL=CM MENU
12:23:29     !! L does not offer "CLOSE" (shows "nil") -- not pressing
12:23:30   on page 'other': C=FIRE  U=SRCH PILOT LOS  R=NO MSL  D=TRACKING  FU=HOLD FIRE  FR=TGT PILOT  FD=SRCH 9K113 LOS  FL=CM MENU
12:23:30     !! L does not offer "CLOSE" (shows "nil") -- not pressing
12:23:30   on page 'other': C=FIRE  U=SRCH PILOT LOS  R=NO MSL  D=TRACKING  FU=HOLD FIRE  FR=TGT PILOT  FD=SRCH 9K113 LOS  FL=CM MENU
12:23:30     !! L does not offer "CLOSE" (shows "nil") -- not pressing
12:23:30   on page 'other': C=FIRE  U=SRCH PILOT LOS  R=NO MSL  D=TRACKING  FU=HOLD FIRE  FR=TGT PILOT  FD=SRCH 9K113 LOS  FL=CM MENU
12:23:30     !! L does not offer "CLOSE" (shows "nil") -- not pressing
12:23:30   on page 'other': C=FIRE  U=SRCH PILOT LOS  R=NO MSL  D=TRACKING  FU=HOLD FIRE  FR=TGT PILOT  FD=SRCH 9K113 LOS  FL=CM MENU
12:23:30     !! L does not offer "CLOSE" (shows "nil") -- not pressing
12:23:30   on page 'other': C=FIRE  U=SRCH PILOT LOS  R=NO MSL  D=TRACKING  FU=HOLD FIRE  FR=TGT PILOT  FD=SRCH 9K113 LOS  FL=CM MENU
12:23:30     !! L does not offer "CLOSE" (shows "nil") -- not pressing
12:23:30   on page 'other': C=FIRE  U=SRCH PILOT LOS  R=NO MSL  D=TRACKING  FU=HOLD FIRE  FR=TGT PILOT  FD=SRCH 9K113 LOS  FL=CM MENU
12:23:30     !! L does not offer "CLOSE" (shows "nil") -- not pressing
12:23:30   on page 'other': C=FIRE  U=SRCH PILOT LOS  R=NO MSL  D=TRACKING  FU=HOLD FIRE  FR=TGT PILOT  FD=SRCH 9K113 LOS  FL=CM MENU
12:23:30     !! L does not offer "CLOSE" (shows "nil") -- not pressing
12:23:30   on page 'other': C=FIRE  U=SRCH PILOT LOS  R=NO MSL  D=TRACKING  FU=HOLD FIRE  FR=TGT PILOT  FD=SRCH 9K113 LOS  FL=CM MENU
12:23:30     !! L does not offer "CLOSE" (shows "nil") -- not pressing
12:23:30   on page 'other': C=FIRE  U=SRCH PILOT LOS  R=NO MSL  D=TRACKING  FU=HOLD FIRE  FR=TGT PILOT  FD=SRCH 9K113 LOS  FL=CM MENU
12:23:30     !! L does not offer "CLOSE" (shows "nil") -- not pressing
12:23:30   on page 'other': C=FIRE  U=SRCH PILOT LOS  R=NO MSL  D=TRACKING  FU=HOLD FIRE  FR=TGT PILOT  FD=SRCH 9K113 LOS  FL=CM MENU
12:23:30     !! L does not offer "CLOSE" (shows "nil") -- not pressing
12:23:30   on page 'other': C=FIRE  U=SRCH PILOT LOS  R=NO MSL  D=TRACKING  FU=HOLD FIRE  FR=TGT PILOT  FD=SRCH 9K113 LOS  FL=CM MENU
12:23:30     !! L does not offer "CLOSE" (shows "nil") -- not pressing
12:23:30   on page 'other': C=FIRE  U=SRCH PILOT LOS  R=NO MSL  D=TRACKING  FU=HOLD FIRE  FR=TGT PILOT  FD=SRCH 9K113 LOS  FL=CM MENU
12:23:30     !! L does not offer "CLOSE" (shows "nil") -- not pressing
12:23:30   on page 'other': C=FIRE  U=SRCH PILOT LOS  R=NO MSL  D=TRACKING  FU=HOLD FIRE  FR=TGT PILOT  FD=SRCH 9K113 LOS  FL=CM MENU
12:23:30     !! L does not offer "CLOSE" (shows "nil") -- not pressing
12:23:30   on page 'other': C=FIRE  U=SRCH PILOT LOS  R=NO MSL  D=TRACKING  FU=HOLD FIRE  FR=TGT PILOT  FD=SRCH 9K113 LOS  FL=CM MENU
12:23:30     !! L does not offer "CLOSE" (shows "nil") -- not pressing
12:23:30   on page 'other': C=FIRE  U=SRCH PILOT LOS  R=NO MSL  D=TRACKING  FU=HOLD FIRE  FR=TGT PILOT  FD=SRCH 9K113 LOS  FL=CM MENU
12:23:30     !! L does not offer "CLOSE" (shows "nil") -- not pressing
12:23:30   on page 'other': C=FIRE  U=SRCH PILOT LOS  R=NO MSL  D=TRACKING  FU=HOLD FIRE  FR=TGT PILOT  FD=SRCH 9K113 LOS  FL=CM MENU
12:23:30     !! L does not offer "CLOSE" (shows "nil") -- not pressing
12:23:30   on page 'other': C=FIRE  U=SRCH PILOT LOS  R=NO MSL  D=TRACKING  FU=HOLD FIRE  FR=TGT PILOT  FD=SRCH 9K113 LOS  FL=CM MENU
12:23:30     !! L does not offer "CLOSE" (shows "nil") -- not pressing
12:23:30   on page 'other': C=FIRE  U=SRCH PILOT LOS  R=NO MSL  D=TRACKING  FU=HOLD FIRE  FR=TGT PILOT  FD=SRCH 9K113 LOS  FL=CM MENU
12:23:30     !! L does not offer "CLOSE" (shows "nil") -- not pressing
12:23:30   on page 'other': C=FIRE  U=SRCH PILOT LOS  R=NO MSL  D=TRACKING  FU=HOLD FIRE  FR=TGT PILOT  FD=SRCH 9K113 LOS  FL=CM MENU
12:23:30     !! L does not offer "CLOSE" (shows "nil") -- not pressing
12:23:30   on page 'other': C=FIRE  U=SRCH PILOT LOS  R=NO MSL  D=TRACKING  FU=HOLD FIRE  FR=TGT PILOT  FD=SRCH 9K113 LOS  FL=CM MENU
12:23:30     !! L does not offer "CLOSE" (shows "nil") -- not pressing
12:23:30   on page 'other': C=FIRE  U=SRCH PILOT LOS  R=NO MSL  D=TRACKING  FU=HOLD FIRE  FR=TGT PILOT  FD=SRCH 9K113 LOS  FL=CM MENU
12:23:30     !! L does not offer "CLOSE" (shows "nil") -- not pressing
12:23:30   on page 'other': C=FIRE  U=SRCH PILOT LOS  R=NO MSL  D=TRACKING  FU=HOLD FIRE  FR=TGT PILOT  FD=SRCH 9K113 LOS  FL=CM MENU
12:23:30     !! L does not offer "CLOSE" (shows "nil") -- not pressing
12:23:30   on page 'other': C=FIRE  U=SRCH PILOT LOS  R=NO MSL  D=TRACKING  FU=HOLD FIRE  FR=TGT PILOT  FD=SRCH 9K113 LOS  FL=CM MENU
12:23:30     !! L does not offer "CLOSE" (shows "nil") -- not pressing
12:23:30   on page 'other': C=FIRE  U=SRCH PILOT LOS  R=NO MSL  D=TRACKING  FU=HOLD FIRE  FR=TGT PILOT  FD=SRCH 9K113 LOS  FL=CM MENU
12:23:30     !! L does not offer "CLOSE" (shows "nil") -- not pressing
12:23:30   on page 'other': C=FIRE  U=SRCH PILOT LOS  R=NO MSL  D=TRACKING  FU=HOLD FIRE  FR=TGT PILOT  FD=SRCH 9K113 LOS  FL=CM MENU
12:23:30     !! L does not offer "CLOSE" (shows "nil") -- not pressing
12:23:30   on page 'other': C=FIRE  U=SRCH PILOT LOS  R=NO MSL  D=TRACKING  FU=HOLD FIRE  FR=TGT PILOT  FD=SRCH 9K113 LOS  FL=CM MENU
12:23:30     !! L does not offer "CLOSE" (shows "nil") -- not pressing
12:23:30   on page 'other': C=FIRE  U=SRCH PILOT LOS  R=NO MSL  D=TRACKING  FU=HOLD FIRE  FR=TGT PILOT  FD=SRCH 9K113 LOS  FL=CM MENU
12:23:30     !! L does not offer "CLOSE" (shows "nil") -- not pressing
12:23:30   on page 'other': C=FIRE  U=SRCH PILOT LOS  R=NO MSL  D=TRACKING  FU=HOLD FIRE  FR=TGT PILOT  FD=SRCH 9K113 LOS  FL=CM MENU
12:23:30     !! L does not offer "CLOSE" (shows "nil") -- not pressing
12:23:30   on page 'other': C=FIRE  U=SRCH PILOT LOS  R=NO MSL  D=TRACKING  FU=HOLD FIRE  FR=TGT PILOT  FD=SRCH 9K113 LOS  FL=CM MENU
12:23:30     !! L does not offer "CLOSE" (shows "nil") -- not pressing
12:23:30   on page 'other': C=FIRE  U=SRCH PILOT LOS  R=NO MSL  D=TRACKING  FU=HOLD FIRE  FR=TGT PILOT  FD=SRCH 9K113 LOS  FL=CM MENU
12:23:30     !! L does not offer "CLOSE" (shows "nil") -- not pressing
12:23:30   on page 'other': C=FIRE  U=SRCH PILOT LOS  R=NO MSL  D=TRACKING  FU=HOLD FIRE  FR=TGT PILOT  FD=SRCH 9K113 LOS  FL=CM MENU
12:23:30     !! L does not offer "CLOSE" (shows "nil") -- not pressing
12:23:30   on page 'other': C=FIRE  U=SRCH PILOT LOS  R=NO MSL  D=TRACKING  FU=HOLD FIRE  FR=TGT PILOT  FD=SRCH 9K113 LOS  FL=CM MENU
12:23:30     !! L does not offer "CLOSE" (shows "nil") -- not pressing
12:23:30   on page 'other': C=FIRE  U=SRCH PILOT LOS  R=NO MSL  D=TRACKING  FU=HOLD FIRE  FR=TGT PILOT  FD=SRCH 9K113 LOS  FL=CM MENU
12:23:30     !! L does not offer "CLOSE" (shows "nil") -- not pressing
12:23:30   on page 'other': C=FIRE  U=SRCH PILOT LOS  R=NO MSL  D=TRACKING  FU=HOLD FIRE  FR=TGT PILOT  FD=SRCH 9K113 LOS  FL=CM MENU
12:23:30     !! L does not offer "CLOSE" (shows "nil") -- not pressing
12:23:30   on page 'other': C=FIRE  U=SRCH PILOT LOS  R=NO MSL  D=TRACKING  FU=HOLD FIRE  FR=TGT PILOT  FD=SRCH 9K113 LOS  FL=CM MENU
12:23:30     !! L does not offer "CLOSE" (shows "nil") -- not pressing
12:23:30   on page 'other': C=FIRE  U=SRCH PILOT LOS  R=NO MSL  D=TRACKING  FU=HOLD FIRE  FR=TGT PILOT  FD=SRCH 9K113 LOS  FL=CM MENU
12:23:30     !! L does not offer "CLOSE" (shows "nil") -- not pressing
12:23:30   on page 'other': C=FIRE  U=SRCH PILOT LOS  R=NO MSL  D=TRACKING  FU=HOLD FIRE  FR=TGT PILOT  FD=SRCH 9K113 LOS  FL=CM MENU
12:23:30     !! L does not offer "CLOSE" (shows "nil") -- not pressing
12:23:30   on page 'other': C=FIRE  U=SRCH PILOT LOS  R=NO MSL  D=TRACKING  FU=HOLD FIRE  FR=TGT PILOT  FD=SRCH 9K113 LOS  FL=CM MENU
12:23:30     !! L does not offer "CLOSE" (shows "nil") -- not pressing
12:23:30   on page 'other': C=FIRE  U=SRCH PILOT LOS  R=NO MSL  D=TRACKING  FU=HOLD FIRE  FR=TGT PILOT  FD=SRCH 9K113 LOS  FL=CM MENU
12:23:30     !! L does not offer "CLOSE" (shows "nil") -- not pressing
12:23:30   on page 'other': C=FIRE  U=SRCH PILOT LOS  R=NO MSL  D=TRACKING  FU=HOLD FIRE  FR=TGT PILOT  FD=SRCH 9K113 LOS  FL=CM MENU
12:23:30     !! L does not offer "CLOSE" (shows "nil") -- not pressing
12:23:30   on page 'other': C=FIRE  U=SRCH PILOT LOS  R=NO MSL  D=TRACKING  FU=HOLD FIRE  FR=TGT PILOT  FD=SRCH 9K113 LOS  FL=CM MENU
12:23:30     !! L does not offer "CLOSE" (shows "nil") -- not pressing
12:23:30   on page 'other': C=FIRE  U=SRCH PILOT LOS  R=NO MSL  D=TRACKING  FU=HOLD FIRE  FR=TGT PILOT  FD=SRCH 9K113 LOS  FL=CM MENU
12:23:30     !! L does not offer "CLOSE" (shows "nil") -- not pressing
12:23:30   on page 'other': C=FIRE  U=SRCH PILOT LOS  R=NO MSL  D=TRACKING  FU=HOLD FIRE  FR=TGT PILOT  FD=SRCH 9K113 LOS  FL=CM MENU
12:23:30     !! L does not offer "CLOSE" (shows "nil") -- not pressing
12:23:30   on page 'other': C=FIRE  U=SRCH PILOT LOS  R=NO MSL  D=TRACKING  FU=HOLD FIRE  FR=TGT PILOT  FD=SRCH 9K113 LOS  FL=CM MENU
12:23:30     !! L does not offer "CLOSE" (shows "nil") -- not pressing
12:23:30   on page 'other': C=FIRE  U=SRCH PILOT LOS  R=NO MSL  D=TRACKING  FU=HOLD FIRE  FR=TGT PILOT  FD=SRCH 9K113 LOS  FL=CM MENU
12:23:30     !! L does not offer "CLOSE" (shows "nil") -- not pressing
12:23:30   on page 'other': C=FIRE  U=SRCH PILOT LOS  R=NO MSL  D=TRACKING  FU=HOLD FIRE  FR=TGT PILOT  FD=SRCH 9K113 LOS  FL=CM MENU
12:23:30     !! L does not offer "CLOSE" (shows "nil") -- not pressing
12:23:30   on page 'other': C=FIRE  U=SRCH PILOT LOS  R=NO MSL  D=TRACKING  FU=HOLD FIRE  FR=TGT PILOT  FD=SRCH 9K113 LOS  FL=CM MENU
12:23:30     !! L does not offer "CLOSE" (shows "nil") -- not pressing
12:23:30   on page 'other': C=FIRE  U=SRCH PILOT LOS  R=NO MSL  D=TRACKING  FU=HOLD FIRE  FR=TGT PILOT  FD=SRCH 9K113 LOS  FL=CM MENU
12:23:30     !! L does not offer "CLOSE" (shows "nil") -- not pressing
12:23:30   on page 'other': C=FIRE  U=SRCH PILOT LOS  R=NO MSL  D=TRACKING  FU=HOLD FIRE  FR=TGT PILOT  FD=SRCH 9K113 LOS  FL=CM MENU
12:23:30     !! L does not offer "CLOSE" (shows "nil") -- not pressing
12:23:30   on page 'other': C=FIRE  U=SRCH PILOT LOS  R=NO MSL  D=TRACKING  FU=HOLD FIRE  FR=TGT PILOT  FD=SRCH 9K113 LOS  FL=CM MENU
12:23:30     !! L does not offer "CLOSE" (shows "nil") -- not pressing
12:23:30   on page 'other': C=FIRE  U=SRCH PILOT LOS  R=NO MSL  D=TRACKING  FU=HOLD FIRE  FR=TGT PILOT  FD=SRCH 9K113 LOS  FL=CM MENU
12:23:30     !! L does not offer "CLOSE" (shows "nil") -- not pressing
12:23:30   on page 'other': C=FIRE  U=SRCH PILOT LOS  R=NO MSL  D=TRACKING  FU=HOLD FIRE  FR=TGT PILOT  FD=SRCH 9K113 LOS  FL=CM MENU
12:23:30     !! L does not offer "CLOSE" (shows "nil") -- not pressing
12:23:30   on page 'other': C=FIRE  U=SRCH PILOT LOS  R=NO MSL  D=TRACKING  FU=HOLD FIRE  FR=TGT PILOT  FD=SRCH 9K113 LOS  FL=CM MENU
12:23:30     !! L does not offer "CLOSE" (shows "nil") -- not pressing
12:23:30   on page 'other': C=FIRE  U=SRCH PILOT LOS  R=NO MSL  D=TRACKING  FU=HOLD FIRE  FR=TGT PILOT  FD=SRCH 9K113 LOS  FL=CM MENU
12:23:30     !! L does not offer "CLOSE" (shows "nil") -- not pressing
12:23:30   on page 'other': C=FIRE  U=SRCH PILOT LOS  R=NO MSL  D=TRACKING  FU=HOLD FIRE  FR=TGT PILOT  FD=SRCH 9K113 LOS  FL=CM MENU
12:23:30     !! L does not offer "CLOSE" (shows "nil") -- not pressing
12:23:30   on page 'other': C=FIRE  U=SRCH PILOT LOS  R=NO MSL  D=TRACKING  FU=HOLD FIRE  FR=TGT PILOT  FD=SRCH 9K113 LOS  FL=CM MENU
12:23:30     !! L does not offer "CLOSE" (shows "nil") -- not pressing
12:23:30   on page 'other': C=FIRE  U=SRCH PILOT LOS  R=NO MSL  D=TRACKING  FU=HOLD FIRE  FR=TGT PILOT  FD=SRCH 9K113 LOS  FL=CM MENU
12:23:30     !! L does not offer "CLOSE" (shows "nil") -- not pressing
12:23:30   on page 'other': C=FIRE  U=SRCH PILOT LOS  R=NO MSL  D=TRACKING  FU=HOLD FIRE  FR=TGT PILOT  FD=SRCH 9K113 LOS  FL=CM MENU
12:23:30     !! L does not offer "CLOSE" (shows "nil") -- not pressing
12:23:30   on page 'other': C=FIRE  U=SRCH PILOT LOS  R=NO MSL  D=TRACKING  FU=HOLD FIRE  FR=TGT PILOT  FD=SRCH 9K113 LOS  FL=CM MENU
12:23:30     !! L does not offer "CLOSE" (shows "nil") -- not pressing
12:23:30   on page 'other': C=FIRE  U=SRCH PILOT LOS  R=NO MSL  D=TRACKING  FU=HOLD FIRE  FR=TGT PILOT  FD=SRCH 9K113 LOS  FL=CM MENU
12:23:30     !! L does not offer "CLOSE" (shows "nil") -- not pressing
12:23:30   on page 'other': C=FIRE  U=SRCH PILOT LOS  R=NO MSL  D=TRACKING  FU=HOLD FIRE  FR=TGT PILOT  FD=SRCH 9K113 LOS  FL=CM MENU
12:23:30     !! L does not offer "CLOSE" (shows "nil") -- not pressing
12:23:30   on page 'other': C=FIRE  U=SRCH PILOT LOS  R=NO MSL  D=TRACKING  FU=HOLD FIRE  FR=TGT PILOT  FD=SRCH 9K113 LOS  FL=CM MENU
12:23:30     !! L does not offer "CLOSE" (shows "nil") -- not pressing
12:23:30   on page 'other': C=FIRE  U=SRCH PILOT LOS  R=NO MSL  D=TRACKING  FU=HOLD FIRE  FR=TGT PILOT  FD=SRCH 9K113 LOS  FL=CM MENU
12:23:30     !! L does not offer "CLOSE" (shows "nil") -- not pressing
12:23:30   on page 'other': C=FIRE  U=SRCH PILOT LOS  R=NO MSL  D=TRACKING  FU=HOLD FIRE  FR=TGT PILOT  FD=SRCH 9K113 LOS  FL=CM MENU
12:23:30     !! L does not offer "CLOSE" (shows "nil") -- not pressing
12:23:30   on page 'other': C=FIRE  U=SRCH PILOT LOS  R=NO MSL  D=TRACKING  FU=HOLD FIRE  FR=TGT PILOT  FD=SRCH 9K113 LOS  FL=CM MENU
12:23:30     !! L does not offer "CLOSE" (shows "nil") -- not pressing
12:23:30   on page 'other': C=FIRE  U=SRCH PILOT LOS  R=NO MSL  D=TRACKING  FU=HOLD FIRE  FR=TGT PILOT  FD=SRCH 9K113 LOS  FL=CM MENU
12:23:30     !! L does not offer "CLOSE" (shows "nil") -- not pressing
12:23:30   on page 'other': C=FIRE  U=SRCH PILOT LOS  R=NO MSL  D=TRACKING  FU=HOLD FIRE  FR=TGT PILOT  FD=SRCH 9K113 LOS  FL=CM MENU
12:23:30     !! L does not offer "CLOSE" (shows "nil") -- not pressing
12:23:30   on page 'other': C=FIRE  U=SRCH PILOT LOS  R=NO MSL  D=TRACKING  FU=HOLD FIRE  FR=TGT PILOT  FD=SRCH 9K113 LOS  FL=CM MENU
12:23:30     !! L does not offer "CLOSE" (shows "nil") -- not pressing
12:23:30   on page 'other': C=FIRE  U=SRCH PILOT LOS  R=NO MSL  D=TRACKING  FU=HOLD FIRE  FR=TGT PILOT  FD=SRCH 9K113 LOS  FL=CM MENU
12:23:30     !! L does not offer "CLOSE" (shows "nil") -- not pressing
12:23:30   on page 'other': C=FIRE  U=SRCH PILOT LOS  R=NO MSL  D=TRACKING  FU=HOLD FIRE  FR=TGT PILOT  FD=SRCH 9K113 LOS  FL=CM MENU
12:23:30     !! L does not offer "CLOSE" (shows "nil") -- not pressing
12:23:30   on page 'other': C=FIRE  U=SRCH PILOT LOS  R=NO MSL  D=TRACKING  FU=HOLD FIRE  FR=TGT PILOT  FD=SRCH 9K113 LOS  FL=CM MENU
12:23:30     !! L does not offer "CLOSE" (shows "nil") -- not pressing
12:23:30   on page 'other': C=FIRE  U=SRCH PILOT LOS  R=NO MSL  D=TRACKING  FU=HOLD FIRE  FR=TGT PILOT  FD=SRCH 9K113 LOS  FL=CM MENU
12:23:30     !! L does not offer "CLOSE" (shows "nil") -- not pressing
12:23:30   on page 'other': C=FIRE  U=SRCH PILOT LOS  R=NO MSL  D=TRACKING  FU=HOLD FIRE  FR=TGT PILOT  FD=SRCH 9K113 LOS  FL=CM MENU
12:23:30     !! L does not offer "CLOSE" (shows "nil") -- not pressing
12:23:30   on page 'other': C=FIRE  U=SRCH PILOT LOS  R=NO MSL  D=TRACKING  FU=HOLD FIRE  FR=TGT PILOT  FD=SRCH 9K113 LOS  FL=CM MENU
12:23:30     !! L does not offer "CLOSE" (shows "nil") -- not pressing
12:23:30   on page 'other': C=FIRE  U=SRCH PILOT LOS  R=NO MSL  D=TRACKING  FU=HOLD FIRE  FR=TGT PILOT  FD=SRCH 9K113 LOS  FL=CM MENU
12:23:30     !! L does not offer "CLOSE" (shows "nil") -- not pressing
12:23:30   on page 'other': C=FIRE  U=SRCH PILOT LOS  R=NO MSL  D=TRACKING  FU=HOLD FIRE  FR=TGT PILOT  FD=SRCH 9K113 LOS  FL=CM MENU
12:23:30     !! L does not offer "CLOSE" (shows "nil") -- not pressing
12:23:30   on page 'other': C=FIRE  U=SRCH PILOT LOS  R=NO MSL  D=TRACKING  FU=HOLD FIRE  FR=TGT PILOT  FD=SRCH 9K113 LOS  FL=CM MENU
12:23:30     !! L does not offer "CLOSE" (shows "nil") -- not pressing
12:23:30   on page 'other': C=FIRE  U=SRCH PILOT LOS  R=NO MSL  D=TRACKING  FU=HOLD FIRE  FR=TGT PILOT  FD=SRCH 9K113 LOS  FL=CM MENU
12:23:30     !! L does not offer "CLOSE" (shows "nil") -- not pressing
12:23:30   on page 'other': C=FIRE  U=SRCH PILOT LOS  R=NO MSL  D=TRACKING  FU=HOLD FIRE  FR=TGT PILOT  FD=SRCH 9K113 LOS  FL=CM MENU
12:23:30     !! L does not offer "CLOSE" (shows "nil") -- not pressing
12:23:30   on page 'other': C=FIRE  U=SRCH PILOT LOS  R=NO MSL  D=TRACKING  FU=HOLD FIRE  FR=TGT PILOT  FD=SRCH 9K113 LOS  FL=CM MENU
12:23:30     !! L does not offer "CLOSE" (shows "nil") -- not pressing
12:23:30   on page 'other': C=FIRE  U=SRCH PILOT LOS  R=NO MSL  D=TRACKING  FU=HOLD FIRE  FR=TGT PILOT  FD=SRCH 9K113 LOS  FL=CM MENU
12:23:30     !! L does not offer "CLOSE" (shows "nil") -- not pressing
12:23:31   on page 'other': C=FIRE  U=SRCH PILOT LOS  R=NO MSL  D=TRACKING  FU=HOLD FIRE  FR=TGT PILOT  FD=SRCH 9K113 LOS  FL=CM MENU
12:23:31     !! L does not offer "CLOSE" (shows "nil") -- not pressing
12:23:31   on page 'other': C=FIRE  U=SRCH PILOT LOS  R=NO MSL  D=TRACKING  FU=HOLD FIRE  FR=TGT PILOT  FD=SRCH 9K113 LOS  FL=CM MENU
12:23:31     !! L does not offer "CLOSE" (shows "nil") -- not pressing
12:23:31   on page 'other': C=FIRE  U=SRCH PILOT LOS  R=NO MSL  D=TRACKING  FU=HOLD FIRE  FR=TGT PILOT  FD=SRCH 9K113 LOS  FL=CM MENU
12:23:31     !! L does not offer "CLOSE" (shows "nil") -- not pressing
12:23:31   on page 'other': C=FIRE  U=SRCH PILOT LOS  R=NO MSL  D=TRACKING  FU=HOLD FIRE  FR=TGT PILOT  FD=SRCH 9K113 LOS  FL=CM MENU
12:23:31     !! L does not offer "CLOSE" (shows "nil") -- not pressing
12:23:31   on page 'other': C=FIRE  U=SRCH PILOT LOS  R=NO MSL  D=TRACKING  FU=HOLD FIRE  FR=TGT PILOT  FD=SRCH 9K113 LOS  FL=CM MENU
12:23:31     !! L does not offer "CLOSE" (shows "nil") -- not pressing
12:23:31   on page 'other': C=FIRE  U=SRCH PILOT LOS  R=NO MSL  D=TRACKING  FU=HOLD FIRE  FR=TGT PILOT  FD=SRCH 9K113 LOS  FL=CM MENU
12:23:31     !! L does not offer "CLOSE" (shows "nil") -- not pressing
12:23:31   on page 'other': C=FIRE  U=SRCH PILOT LOS  R=NO MSL  D=TRACKING  FU=HOLD FIRE  FR=TGT PILOT  FD=SRCH 9K113 LOS  FL=CM MENU
12:23:31     !! L does not offer "CLOSE" (shows "nil") -- not pressing
12:23:31   on page 'other': C=FIRE  U=SRCH PILOT LOS  R=NO MSL  D=TRACKING  FU=HOLD FIRE  FR=TGT PILOT  FD=SRCH 9K113 LOS  FL=CM MENU
12:23:31     !! L does not offer "CLOSE" (shows "nil") -- not pressing
12:23:31   on page 'other': C=FIRE  U=SRCH PILOT LOS  R=NO MSL  D=TRACKING  FU=HOLD FIRE  FR=TGT PILOT  FD=SRCH 9K113 LOS  FL=CM MENU
12:23:31     !! L does not offer "CLOSE" (shows "nil") -- not pressing
12:23:31   on page 'other': C=FIRE  U=SRCH PILOT LOS  R=NO MSL  D=TRACKING  FU=HOLD FIRE  FR=TGT PILOT  FD=SRCH 9K113 LOS  FL=CM MENU
12:23:31     !! L does not offer "CLOSE" (shows "nil") -- not pressing
12:23:31   on page 'other': C=FIRE  U=SRCH PILOT LOS  R=NO MSL  D=TRACKING  FU=HOLD FIRE  FR=TGT PILOT  FD=SRCH 9K113 LOS  FL=CM MENU
12:23:31     !! L does not offer "CLOSE" (shows "nil") -- not pressing
12:23:31   on page 'other': C=FIRE  U=SRCH PILOT LOS  R=NO MSL  D=TRACKING  FU=HOLD FIRE  FR=TGT PILOT  FD=SRCH 9K113 LOS  FL=CM MENU
12:23:31     !! L does not offer "CLOSE" (shows "nil") -- not pressing
12:23:31   on page 'other': C=FIRE  U=SRCH PILOT LOS  R=NO MSL  D=TRACKING  FU=HOLD FIRE  FR=TGT PILOT  FD=SRCH 9K113 LOS  FL=CM MENU
12:23:31     !! L does not offer "CLOSE" (shows "nil") -- not pressing
12:23:31   on page 'other': C=FIRE  U=SRCH PILOT LOS  R=NO MSL  D=TRACKING  FU=HOLD FIRE  FR=TGT PILOT  FD=SRCH 9K113 LOS  FL=CM MENU
12:23:31     !! L does not offer "CLOSE" (shows "nil") -- not pressing
12:23:31   on page 'other': C=FIRE  U=SRCH PILOT LOS  R=NO MSL  D=TRACKING  FU=HOLD FIRE  FR=TGT PILOT  FD=SRCH 9K113 LOS  FL=CM MENU
12:23:31     !! L does not offer "CLOSE" (shows "nil") -- not pressing
12:23:31   on page 'other': C=FIRE  U=SRCH PILOT LOS  R=NO MSL  D=TRACKING  FU=HOLD FIRE  FR=TGT PILOT  FD=SRCH 9K113 LOS  FL=CM MENU
12:23:31     !! L does not offer "CLOSE" (shows "nil") -- not pressing
12:23:31   on page 'other': C=FIRE  U=SRCH PILOT LOS  R=NO MSL  D=TRACKING  FU=HOLD FIRE  FR=TGT PILOT  FD=SRCH 9K113 LOS  FL=CM MENU
12:23:31     !! L does not offer "CLOSE" (shows "nil") -- not pressing
12:23:31   on page 'other': C=FIRE  U=SRCH PILOT LOS  R=NO MSL  D=TRACKING  FU=HOLD FIRE  FR=TGT PILOT  FD=SRCH 9K113 LOS  FL=CM MENU
12:23:31     !! L does not offer "CLOSE" (shows "nil") -- not pressing
12:23:31   on page 'other': C=FIRE  U=SRCH PILOT LOS  R=NO MSL  D=TRACKING  FU=HOLD FIRE  FR=TGT PILOT  FD=SRCH 9K113 LOS  FL=CM MENU
12:23:31     !! L does not offer "CLOSE" (shows "nil") -- not pressing
12:23:31   on page 'other': C=FIRE  U=SRCH PILOT LOS  R=NO MSL  D=TRACKING  FU=HOLD FIRE  FR=TGT PILOT  FD=SRCH 9K113 LOS  FL=CM MENU
12:23:31     !! L does not offer "CLOSE" (shows "nil") -- not pressing
12:23:31   on page 'other': C=FIRE  U=SRCH PILOT LOS  R=NO MSL  D=TRACKING  FU=HOLD FIRE  FR=TGT PILOT  FD=SRCH 9K113 LOS  FL=CM MENU
12:23:31     !! L does not offer "CLOSE" (shows "nil") -- not pressing
12:23:31   on page 'other': C=FIRE  U=SRCH PILOT LOS  R=NO MSL  D=TRACKING  FU=HOLD FIRE  FR=TGT PILOT  FD=SRCH 9K113 LOS  FL=CM MENU
12:23:31     !! L does not offer "CLOSE" (shows "nil") -- not pressing
12:23:31   on page 'other': C=FIRE  U=SRCH PILOT LOS  R=NO MSL  D=TRACKING  FU=HOLD FIRE  FR=TGT PILOT  FD=SRCH 9K113 LOS  FL=CM MENU
12:23:31     !! L does not offer "CLOSE" (shows "nil") -- not pressing
12:23:31   on page 'other': C=FIRE  U=SRCH PILOT LOS  R=NO MSL  D=TRACKING  FU=HOLD FIRE  FR=TGT PILOT  FD=SRCH 9K113 LOS  FL=CM MENU
12:23:31     !! L does not offer "CLOSE" (shows "nil") -- not pressing
12:23:31   on page 'other': C=FIRE  U=SRCH PILOT LOS  R=NO MSL  D=TRACKING  FU=HOLD FIRE  FR=TGT PILOT  FD=SRCH 9K113 LOS  FL=CM MENU
12:23:31     !! L does not offer "CLOSE" (shows "nil") -- not pressing
12:23:31   on page 'other': C=FIRE  U=SRCH PILOT LOS  R=NO MSL  D=TRACKING  FU=HOLD FIRE  FR=TGT PILOT  FD=SRCH 9K113 LOS  FL=CM MENU
12:23:31     !! L does not offer "CLOSE" (shows "nil") -- not pressing
12:23:31   on page 'other': C=FIRE  U=SRCH PILOT LOS  R=NO MSL  D=TRACKING  FU=HOLD FIRE  FR=TGT PILOT  FD=SRCH 9K113 LOS  FL=CM MENU
12:23:31     !! L does not offer "CLOSE" (shows "nil") -- not pressing
12:23:31   on page 'other': C=FIRE  U=SRCH PILOT LOS  R=NO MSL  D=TRACKING  FU=HOLD FIRE  FR=TGT PILOT  FD=SRCH 9K113 LOS  FL=CM MENU
12:23:31     !! L does not offer "CLOSE" (shows "nil") -- not pressing
12:23:31   on page 'other': C=FIRE  U=SRCH PILOT LOS  R=NO MSL  D=TRACKING  FU=HOLD FIRE  FR=TGT PILOT  FD=SRCH 9K113 LOS  FL=CM MENU
12:23:31     !! L does not offer "CLOSE" (shows "nil") -- not pressing
12:23:31   on page 'other': C=FIRE  U=SRCH PILOT LOS  R=NO MSL  D=TRACKING  FU=HOLD FIRE  FR=TGT PILOT  FD=SRCH 9K113 LOS  FL=CM MENU
12:23:31     !! L does not offer "CLOSE" (shows "nil") -- not pressing
12:23:31   on page 'other': C=FIRE  U=SRCH PILOT LOS  R=NO MSL  D=TRACKING  FU=HOLD FIRE  FR=TGT PILOT  FD=SRCH 9K113 LOS  FL=CM MENU
12:23:31     !! L does not offer "CLOSE" (shows "nil") -- not pressing
12:23:31   on page 'other': C=FIRE  U=SRCH PILOT LOS  R=NO MSL  D=TRACKING  FU=HOLD FIRE  FR=TGT PILOT  FD=SRCH 9K113 LOS  FL=CM MENU
12:23:31     !! L does not offer "CLOSE" (shows "nil") -- not pressing
12:23:31   on page 'other': C=FIRE  U=SRCH PILOT LOS  R=NO MSL  D=TRACKING  FU=HOLD FIRE  FR=TGT PILOT  FD=SRCH 9K113 LOS  FL=CM MENU
12:23:31     !! L does not offer "CLOSE" (shows "nil") -- not pressing
12:23:31   on page 'other': C=FIRE  U=SRCH PILOT LOS  R=NO MSL  D=TRACKING  FU=HOLD FIRE  FR=TGT PILOT  FD=SRCH 9K113 LOS  FL=CM MENU
12:23:31     !! L does not offer "CLOSE" (shows "nil") -- not pressing
12:23:31   on page 'other': C=FIRE  U=SRCH PILOT LOS  R=NO MSL  D=TRACKING  FU=HOLD FIRE  FR=TGT PILOT  FD=SRCH 9K113 LOS  FL=CM MENU
12:23:31     !! L does not offer "CLOSE" (shows "nil") -- not pressing
12:23:31   on page 'other': C=FIRE  U=SRCH PILOT LOS  R=NO MSL  D=TRACKING  FU=HOLD FIRE  FR=TGT PILOT  FD=SRCH 9K113 LOS  FL=CM MENU
12:23:31     !! L does not offer "CLOSE" (shows "nil") -- not pressing
12:23:31   on page 'other': C=FIRE  U=SRCH PILOT LOS  R=NO MSL  D=TRACKING  FU=HOLD FIRE  FR=TGT PILOT  FD=SRCH 9K113 LOS  FL=CM MENU
12:23:31     !! L does not offer "CLOSE" (shows "nil") -- not pressing
12:23:31   on page 'other': C=FIRE  U=SRCH PILOT LOS  R=NO MSL  D=TRACKING  FU=HOLD FIRE  FR=TGT PILOT  FD=SRCH 9K113 LOS  FL=CM MENU
12:23:31     !! L does not offer "CLOSE" (shows "nil") -- not pressing
12:23:31   on page 'other': C=FIRE  U=SRCH PILOT LOS  R=NO MSL  D=TRACKING  FU=HOLD FIRE  FR=TGT PILOT  FD=SRCH 9K113 LOS  FL=CM MENU
12:23:31     !! L does not offer "CLOSE" (shows "nil") -- not pressing
12:23:31   on page 'other': C=FIRE  U=SRCH PILOT LOS  R=NO MSL  D=TRACKING  FU=HOLD FIRE  FR=TGT PILOT  FD=SRCH 9K113 LOS  FL=CM MENU
12:23:31     !! L does not offer "CLOSE" (shows "nil") -- not pressing
12:23:31   on page 'other': C=FIRE  U=SRCH PILOT LOS  R=NO MSL  D=TRACKING  FU=HOLD FIRE  FR=TGT PILOT  FD=SRCH 9K113 LOS  FL=CM MENU
12:23:31     !! L does not offer "CLOSE" (shows "nil") -- not pressing
12:23:31   on page 'other': C=FIRE  U=SRCH PILOT LOS  R=NO MSL  D=TRACKING  FU=HOLD FIRE  FR=TGT PILOT  FD=SRCH 9K113 LOS  FL=CM MENU
12:23:31     !! L does not offer "CLOSE" (shows "nil") -- not pressing
12:23:31   on page 'other': C=FIRE  U=SRCH PILOT LOS  R=NO MSL  D=TRACKING  FU=HOLD FIRE  FR=TGT PILOT  FD=SRCH 9K113 LOS  FL=CM MENU
12:23:31     !! L does not offer "CLOSE" (shows "nil") -- not pressing
12:23:31   on page 'other': C=FIRE  U=SRCH PILOT LOS  R=NO MSL  D=TRACKING  FU=HOLD FIRE  FR=TGT PILOT  FD=SRCH 9K113 LOS  FL=CM MENU
12:23:31     !! L does not offer "CLOSE" (shows "nil") -- not pressing
12:23:31   on page 'other': C=FIRE  U=SRCH PILOT LOS  R=NO MSL  D=TRACKING  FU=HOLD FIRE  FR=TGT PILOT  FD=SRCH 9K113 LOS  FL=CM MENU
12:23:31     !! L does not offer "CLOSE" (shows "nil") -- not pressing
12:23:31   on page 'other': C=FIRE  U=SRCH PILOT LOS  R=NO MSL  D=TRACKING  FU=HOLD FIRE  FR=TGT PILOT  FD=SRCH 9K113 LOS  FL=CM MENU
12:23:31     !! L does not offer "CLOSE" (shows "nil") -- not pressing
12:23:31   on page 'other': C=FIRE  U=SRCH PILOT LOS  R=NO MSL  D=TRACKING  FU=HOLD FIRE  FR=TGT PILOT  FD=SRCH 9K113 LOS  FL=CM MENU
12:23:31     !! L does not offer "CLOSE" (shows "nil") -- not pressing
12:23:31   on page 'other': C=FIRE  U=SRCH PILOT LOS  R=NO MSL  D=TRACKING  FU=HOLD FIRE  FR=TGT PILOT  FD=SRCH 9K113 LOS  FL=CM MENU
12:23:31     !! L does not offer "CLOSE" (shows "nil") -- not pressing
12:23:31   on page 'other': C=FIRE  U=SRCH PILOT LOS  R=NO MSL  D=TRACKING  FU=HOLD FIRE  FR=TGT PILOT  FD=SRCH 9K113 LOS  FL=CM MENU
12:23:31     !! L does not offer "CLOSE" (shows "nil") -- not pressing
12:23:31   on page 'other': C=FIRE  U=SRCH PILOT LOS  R=NO MSL  D=TRACKING  FU=HOLD FIRE  FR=TGT PILOT  FD=SRCH 9K113 LOS  FL=CM MENU
12:23:31     !! L does not offer "CLOSE" (shows "nil") -- not pressing
12:23:31   on page 'other': C=FIRE  U=SRCH PILOT LOS  R=NO MSL  D=TRACKING  FU=HOLD FIRE  FR=TGT PILOT  FD=SRCH 9K113 LOS  FL=CM MENU
12:23:31     !! L does not offer "CLOSE" (shows "nil") -- not pressing
12:23:31   on page 'other': C=FIRE  U=SRCH PILOT LOS  R=NO MSL  D=TRACKING  FU=HOLD FIRE  FR=TGT PILOT  FD=SRCH 9K113 LOS  FL=CM MENU
12:23:31     !! L does not offer "CLOSE" (shows "nil") -- not pressing
12:23:31   on page 'other': C=FIRE  U=SRCH PILOT LOS  R=NO MSL  D=TRACKING  FU=HOLD FIRE  FR=TGT PILOT  FD=SRCH 9K113 LOS  FL=CM MENU
12:23:31     !! L does not offer "CLOSE" (shows "nil") -- not pressing
12:23:31   on page 'other': C=FIRE  U=SRCH PILOT LOS  R=NO MSL  D=TRACKING  FU=HOLD FIRE  FR=TGT PILOT  FD=SRCH 9K113 LOS  FL=CM MENU
12:23:31     !! L does not offer "CLOSE" (shows "nil") -- not pressing
12:23:31   on page 'other': C=FIRE  U=SRCH PILOT LOS  R=NO MSL  D=TRACKING  FU=HOLD FIRE  FR=TGT PILOT  FD=SRCH 9K113 LOS  FL=CM MENU
12:23:31     !! L does not offer "CLOSE" (shows "nil") -- not pressing
12:23:31   on page 'other': C=FIRE  U=SRCH PILOT LOS  R=NO MSL  D=TRACKING  FU=HOLD FIRE  FR=TGT PILOT  FD=SRCH 9K113 LOS  FL=CM MENU
12:23:31     !! L does not offer "CLOSE" (shows "nil") -- not pressing
12:23:31   on page 'other': C=FIRE  U=SRCH PILOT LOS  R=NO MSL  D=TRACKING  FU=HOLD FIRE  FR=TGT PILOT  FD=SRCH 9K113 LOS  FL=CM MENU
12:23:31     !! L does not offer "CLOSE" (shows "nil") -- not pressing
12:23:31   on page 'other': C=FIRE  U=SRCH PILOT LOS  R=NO MSL  D=TRACKING  FU=HOLD FIRE  FR=TGT PILOT  FD=SRCH 9K113 LOS  FL=CM MENU
12:23:31     !! L does not offer "CLOSE" (shows "nil") -- not pressing
12:23:31   on page 'other': C=FIRE  U=SRCH PILOT LOS  R=NO MSL  D=TRACKING  FU=HOLD FIRE  FR=TGT PILOT  FD=SRCH 9K113 LOS  FL=CM MENU
12:23:31     !! L does not offer "CLOSE" (shows "nil") -- not pressing
12:23:31   on page 'other': C=FIRE  U=SRCH PILOT LOS  R=NO MSL  D=TRACKING  FU=HOLD FIRE  FR=TGT PILOT  FD=SRCH 9K113 LOS  FL=CM MENU
12:23:31     !! L does not offer "CLOSE" (shows "nil") -- not pressing
12:23:31   on page 'other': C=FIRE  U=SRCH PILOT LOS  R=NO MSL  D=TRACKING  FU=HOLD FIRE  FR=TGT PILOT  FD=SRCH 9K113 LOS  FL=CM MENU
12:23:31     !! L does not offer "CLOSE" (shows "nil") -- not pressing
12:23:31   on page 'other': C=FIRE  U=SRCH PILOT LOS  R=NO MSL  D=TRACKING  FU=HOLD FIRE  FR=TGT PILOT  FD=SRCH 9K113 LOS  FL=CM MENU
12:23:31     !! L does not offer "CLOSE" (shows "nil") -- not pressing
12:23:31   on page 'other': C=FIRE  U=SRCH PILOT LOS  R=NO MSL  D=TRACKING  FU=HOLD FIRE  FR=TGT PILOT  FD=SRCH 9K113 LOS  FL=CM MENU
12:23:31     !! L does not offer "CLOSE" (shows "nil") -- not pressing
12:23:31   on page 'other': C=FIRE  U=SRCH PILOT LOS  R=NO MSL  D=TRACKING  FU=HOLD FIRE  FR=TGT PILOT  FD=SRCH 9K113 LOS  FL=CM MENU
12:23:31     !! L does not offer "CLOSE" (shows "nil") -- not pressing
12:23:31   on page 'other': C=FIRE  U=SRCH PILOT LOS  R=NO MSL  D=TRACKING  FU=HOLD FIRE  FR=TGT PILOT  FD=SRCH 9K113 LOS  FL=CM MENU
12:23:31     !! L does not offer "CLOSE" (shows "nil") -- not pressing
12:23:31   on page 'other': C=FIRE  U=SRCH PILOT LOS  R=NO MSL  D=TRACKING  FU=HOLD FIRE  FR=TGT PILOT  FD=SRCH 9K113 LOS  FL=CM MENU
12:23:31     !! L does not offer "CLOSE" (shows "nil") -- not pressing
12:23:31   on page 'other': C=FIRE  U=SRCH PILOT LOS  R=NO MSL  D=TRACKING  FU=HOLD FIRE  FR=TGT PILOT  FD=SRCH 9K113 LOS  FL=CM MENU
12:23:31     !! L does not offer "CLOSE" (shows "nil") -- not pressing
12:23:31   on page 'other': C=FIRE  U=SRCH PILOT LOS  R=NO MSL  D=TRACKING  FU=HOLD FIRE  FR=TGT PILOT  FD=SRCH 9K113 LOS  FL=CM MENU
12:23:31     !! L does not offer "CLOSE" (shows "nil") -- not pressing
12:23:31   on page 'other': C=FIRE  U=SRCH PILOT LOS  R=NO MSL  D=TRACKING  FU=HOLD FIRE  FR=TGT PILOT  FD=SRCH 9K113 LOS  FL=CM MENU
12:23:31     !! L does not offer "CLOSE" (shows "nil") -- not pressing
12:23:31   on page 'other': C=FIRE  U=SRCH PILOT LOS  R=NO MSL  D=TRACKING  FU=HOLD FIRE  FR=TGT PILOT  FD=SRCH 9K113 LOS  FL=CM MENU
12:23:31     !! L does not offer "CLOSE" (shows "nil") -- not pressing
12:23:31   on page 'other': C=FIRE  U=SRCH PILOT LOS  R=NO MSL  D=TRACKING  FU=HOLD FIRE  FR=TGT PILOT  FD=SRCH 9K113 LOS  FL=CM MENU
12:23:31     !! L does not offer "CLOSE" (shows "nil") -- not pressing
12:23:31   on page 'other': C=FIRE  U=SRCH PILOT LOS  R=NO MSL  D=TRACKING  FU=HOLD FIRE  FR=TGT PILOT  FD=SRCH 9K113 LOS  FL=CM MENU
12:23:31     !! L does not offer "CLOSE" (shows "nil") -- not pressing
12:23:31   on page 'other': C=FIRE  U=SRCH PILOT LOS  R=NO MSL  D=TRACKING  FU=HOLD FIRE  FR=TGT PILOT  FD=SRCH 9K113 LOS  FL=CM MENU
12:23:31     !! L does not offer "CLOSE" (shows "nil") -- not pressing
12:23:31   on page 'other': C=FIRE  U=SRCH PILOT LOS  R=NO MSL  D=TRACKING  FU=HOLD FIRE  FR=TGT PILOT  FD=SRCH 9K113 LOS  FL=CM MENU
12:23:31     !! L does not offer "CLOSE" (shows "nil") -- not pressing
12:23:31   on page 'other': C=FIRE  U=SRCH PILOT LOS  R=NO MSL  D=TRACKING  FU=HOLD FIRE  FR=TGT PILOT  FD=SRCH 9K113 LOS  FL=CM MENU
12:23:31     !! L does not offer "CLOSE" (shows "nil") -- not pressing
12:23:31   on page 'other': C=FIRE  U=SRCH PILOT LOS  R=NO MSL  D=TRACKING  FU=HOLD FIRE  FR=TGT PILOT  FD=SRCH 9K113 LOS  FL=CM MENU
12:23:31     !! L does not offer "CLOSE" (shows "nil") -- not pressing
12:23:31   on page 'other': C=FIRE  U=SRCH PILOT LOS  R=NO MSL  D=TRACKING  FU=HOLD FIRE  FR=TGT PILOT  FD=SRCH 9K113 LOS  FL=CM MENU
12:23:31     !! L does not offer "CLOSE" (shows "nil") -- not pressing
12:23:31   on page 'other': C=FIRE  U=SRCH PILOT LOS  R=NO MSL  D=TRACKING  FU=HOLD FIRE  FR=TGT PILOT  FD=SRCH 9K113 LOS  FL=CM MENU
12:23:31     !! L does not offer "CLOSE" (shows "nil") -- not pressing
12:23:31   on page 'other': C=FIRE  U=SRCH PILOT LOS  R=NO MSL  D=TRACKING  FU=HOLD FIRE  FR=TGT PILOT  FD=SRCH 9K113 LOS  FL=CM MENU
12:23:31     !! L does not offer "CLOSE" (shows "nil") -- not pressing
12:23:31   on page 'other': C=FIRE  U=SRCH PILOT LOS  R=NO MSL  D=TRACKING  FU=HOLD FIRE  FR=TGT PILOT  FD=SRCH 9K113 LOS  FL=CM MENU
12:23:31     !! L does not offer "CLOSE" (shows "nil") -- not pressing
12:23:32   on page 'other': C=FIRE  U=SRCH PILOT LOS  R=NO MSL  D=TRACKING  FU=HOLD FIRE  FR=TGT PILOT  FD=SRCH 9K113 LOS  FL=CM MENU
12:23:32     !! L does not offer "CLOSE" (shows "nil") -- not pressing
12:23:32   on page 'other': C=FIRE  U=SRCH PILOT LOS  R=NO MSL  D=TRACKING  FU=HOLD FIRE  FR=TGT PILOT  FD=SRCH 9K113 LOS  FL=CM MENU
12:23:32     !! L does not offer "CLOSE" (shows "nil") -- not pressing
12:23:32   on page 'other': C=FIRE  U=SRCH PILOT LOS  R=NO MSL  D=TRACKING  FU=HOLD FIRE  FR=TGT PILOT  FD=SRCH 9K113 LOS  FL=CM MENU
12:23:32     !! L does not offer "CLOSE" (shows "nil") -- not pressing
12:23:32   on page 'other': C=FIRE  U=SRCH PILOT LOS  R=NO MSL  D=TRACKING  FU=HOLD FIRE  FR=TGT PILOT  FD=SRCH 9K113 LOS  FL=CM MENU
12:23:32     !! L does not offer "CLOSE" (shows "nil") -- not pressing
12:23:32   on page 'other': C=FIRE  U=SRCH PILOT LOS  R=NO MSL  D=TRACKING  FU=HOLD FIRE  FR=TGT PILOT  FD=SRCH 9K113 LOS  FL=CM MENU
12:23:32     !! L does not offer "CLOSE" (shows "nil") -- not pressing
12:23:32   on page 'other': C=FIRE  U=SRCH PILOT LOS  R=NO MSL  D=TRACKING  FU=HOLD FIRE  FR=TGT PILOT  FD=SRCH 9K113 LOS  FL=CM MENU
12:23:32     !! L does not offer "CLOSE" (shows "nil") -- not pressing
12:23:32   on page 'other': C=FIRE  U=SRCH PILOT LOS  R=NO MSL  D=TRACKING  FU=HOLD FIRE  FR=TGT PILOT  FD=SRCH 9K113 LOS  FL=CM MENU
12:23:32     !! L does not offer "CLOSE" (shows "nil") -- not pressing
12:23:32   on page 'other': C=FIRE  U=SRCH PILOT LOS  R=NO MSL  D=TRACKING  FU=HOLD FIRE  FR=TGT PILOT  FD=SRCH 9K113 LOS  FL=CM MENU
12:23:32     !! L does not offer "CLOSE" (shows "nil") -- not pressing
12:23:32   on page 'other': C=FIRE  U=SRCH PILOT LOS  R=NO MSL  D=TRACKING  FU=HOLD FIRE  FR=TGT PILOT  FD=SRCH 9K113 LOS  FL=CM MENU
12:23:32     !! L does not offer "CLOSE" (shows "nil") -- not pressing
12:23:32   on page 'other': C=FIRE  U=SRCH PILOT LOS  R=NO MSL  D=TRACKING  FU=HOLD FIRE  FR=TGT PILOT  FD=SRCH 9K113 LOS  FL=CM MENU
12:23:32     !! L does not offer "CLOSE" (shows "nil") -- not pressing
12:23:32   on page 'other': C=FIRE  U=SRCH PILOT LOS  R=NO MSL  D=TRACKING  FU=HOLD FIRE  FR=TGT PILOT  FD=SRCH 9K113 LOS  FL=CM MENU
12:23:32     !! L does not offer "CLOSE" (shows "nil") -- not pressing
12:23:32   on page 'other': C=FIRE  U=SRCH PILOT LOS  R=NO MSL  D=TRACKING  FU=HOLD FIRE  FR=TGT PILOT  FD=SRCH 9K113 LOS  FL=CM MENU
12:23:32     !! L does not offer "CLOSE" (shows "nil") -- not pressing
12:23:32   on page 'other': C=FIRE  U=SRCH PILOT LOS  R=NO MSL  D=TRACKING  FU=HOLD FIRE  FR=TGT PILOT  FD=SRCH 9K113 LOS  FL=CM MENU
12:23:32     !! L does not offer "CLOSE" (shows "nil") -- not pressing
12:23:32   on page 'other': C=FIRE  U=SRCH PILOT LOS  R=NO MSL  D=TRACKING  FU=HOLD FIRE  FR=TGT PILOT  FD=SRCH 9K113 LOS  FL=CM MENU
12:23:32     !! L does not offer "CLOSE" (shows "nil") -- not pressing
12:23:32   on page 'other': C=FIRE  U=SRCH PILOT LOS  R=NO MSL  D=TRACKING  FU=HOLD FIRE  FR=TGT PILOT  FD=SRCH 9K113 LOS  FL=CM MENU
12:23:32     !! L does not offer "CLOSE" (shows "nil") -- not pressing
12:23:32   on page 'other': C=FIRE  U=SRCH PILOT LOS  R=NO MSL  D=TRACKING  FU=HOLD FIRE  FR=TGT PILOT  FD=SRCH 9K113 LOS  FL=CM MENU
12:23:32     !! L does not offer "CLOSE" (shows "nil") -- not pressing
12:23:32   on page 'other': C=FIRE  U=SRCH PILOT LOS  R=NO MSL  D=TRACKING  FU=HOLD FIRE  FR=TGT PILOT  FD=SRCH 9K113 LOS  FL=CM MENU
12:23:32     !! L does not offer "CLOSE" (shows "nil") -- not pressing
12:23:32   on page 'other': C=FIRE  U=SRCH PILOT LOS  R=NO MSL  D=TRACKING  FU=HOLD FIRE  FR=TGT PILOT  FD=SRCH 9K113 LOS  FL=CM MENU
12:23:32     !! L does not offer "CLOSE" (shows "nil") -- not pressing
12:23:32   on page 'other': C=FIRE  U=SRCH PILOT LOS  R=NO MSL  D=TRACKING  FU=HOLD FIRE  FR=TGT PILOT  FD=SRCH 9K113 LOS  FL=CM MENU
12:23:32     !! L does not offer "CLOSE" (shows "nil") -- not pressing
12:23:32   on page 'other': C=FIRE  U=SRCH PILOT LOS  R=NO MSL  D=TRACKING  FU=HOLD FIRE  FR=TGT PILOT  FD=SRCH 9K113 LOS  FL=CM MENU
12:23:32     !! L does not offer "CLOSE" (shows "nil") -- not pressing
12:23:32   on page 'other': C=FIRE  U=SRCH PILOT LOS  R=NO MSL  D=TRACKING  FU=HOLD FIRE  FR=TGT PILOT  FD=SRCH 9K113 LOS  FL=CM MENU
12:23:32     !! L does not offer "CLOSE" (shows "nil") -- not pressing
12:23:32   on page 'other': C=FIRE  U=SRCH PILOT LOS  R=NO MSL  D=TRACKING  FU=HOLD FIRE  FR=TGT PILOT  FD=SRCH 9K113 LOS  FL=CM MENU
12:23:32     !! L does not offer "CLOSE" (shows "nil") -- not pressing
12:23:32   on page 'other': C=FIRE  U=SRCH PILOT LOS  R=NO MSL  D=TRACKING  FU=HOLD FIRE  FR=TGT PILOT  FD=SRCH 9K113 LOS  FL=CM MENU
12:23:32     !! L does not offer "CLOSE" (shows "nil") -- not pressing
12:23:32   on page 'other': C=FIRE  U=SRCH PILOT LOS  R=NO MSL  D=TRACKING  FU=HOLD FIRE  FR=TGT PILOT  FD=SRCH 9K113 LOS  FL=CM MENU
12:23:32     !! L does not offer "CLOSE" (shows "nil") -- not pressing
12:23:32   on page 'other': C=FIRE  U=SRCH PILOT LOS  R=NO MSL  D=TRACKING  FU=HOLD FIRE  FR=TGT PILOT  FD=SRCH 9K113 LOS  FL=CM MENU
12:23:32     !! L does not offer "CLOSE" (shows "nil") -- not pressing
12:23:32   on page 'other': C=FIRE  U=SRCH PILOT LOS  R=NO MSL  D=TRACKING  FU=HOLD FIRE  FR=TGT PILOT  FD=SRCH 9K113 LOS  FL=CM MENU
12:23:32     !! L does not offer "CLOSE" (shows "nil") -- not pressing
12:23:32   on page 'other': C=FIRE  U=SRCH PILOT LOS  R=NO MSL  D=TRACKING  FU=HOLD FIRE  FR=TGT PILOT  FD=SRCH 9K113 LOS  FL=CM MENU
12:23:32     !! L does not offer "CLOSE" (shows "nil") -- not pressing
12:23:32   on page 'other': C=FIRE  U=SRCH PILOT LOS  R=NO MSL  D=TRACKING  FU=HOLD FIRE  FR=TGT PILOT  FD=SRCH 9K113 LOS  FL=CM MENU
12:23:32     !! L does not offer "CLOSE" (shows "nil") -- not pressing
12:23:32   on page 'other': C=FIRE  U=SRCH PILOT LOS  R=NO MSL  D=TRACKING  FU=HOLD FIRE  FR=TGT PILOT  FD=SRCH 9K113 LOS  FL=CM MENU
12:23:32     !! L does not offer "CLOSE" (shows "nil") -- not pressing
12:23:32   on page 'other': C=FIRE  U=SRCH PILOT LOS  R=NO MSL  D=TRACKING  FU=HOLD FIRE  FR=TGT PILOT  FD=SRCH 9K113 LOS  FL=CM MENU
12:23:32     !! L does not offer "CLOSE" (shows "nil") -- not pressing
12:23:32   on page 'other': C=FIRE  U=SRCH PILOT LOS  R=NO MSL  D=TRACKING  FU=HOLD FIRE  FR=TGT PILOT  FD=SRCH 9K113 LOS  FL=CM MENU
12:23:32     !! L does not offer "CLOSE" (shows "nil") -- not pressing
12:23:32   on page 'other': C=FIRE  U=SRCH PILOT LOS  R=NO MSL  D=TRACKING  FU=HOLD FIRE  FR=TGT PILOT  FD=SRCH 9K113 LOS  FL=CM MENU
12:23:32     !! L does not offer "CLOSE" (shows "nil") -- not pressing
12:23:32   on page 'other': C=FIRE  U=SRCH PILOT LOS  R=NO MSL  D=TRACKING  FU=HOLD FIRE  FR=TGT PILOT  FD=SRCH 9K113 LOS  FL=CM MENU
12:23:32     !! L does not offer "CLOSE" (shows "nil") -- not pressing
12:23:32   on page 'other': C=FIRE  U=SRCH PILOT LOS  R=NO MSL  D=TRACKING  FU=HOLD FIRE  FR=TGT PILOT  FD=SRCH 9K113 LOS  FL=CM MENU
12:23:32     !! L does not offer "CLOSE" (shows "nil") -- not pressing
12:23:32   on page 'other': C=FIRE  U=SRCH PILOT LOS  R=NO MSL  D=TRACKING  FU=HOLD FIRE  FR=TGT PILOT  FD=SRCH 9K113 LOS  FL=CM MENU
12:23:32     !! L does not offer "CLOSE" (shows "nil") -- not pressing
12:23:32   on page 'other': C=FIRE  U=SRCH PILOT LOS  R=NO MSL  D=TRACKING  FU=HOLD FIRE  FR=TGT PILOT  FD=SRCH 9K113 LOS  FL=CM MENU
12:23:32     !! L does not offer "CLOSE" (shows "nil") -- not pressing
12:23:32   on page 'other': C=FIRE  U=SRCH PILOT LOS  R=NO MSL  D=TRACKING  FU=HOLD FIRE  FR=TGT PILOT  FD=SRCH 9K113 LOS  FL=CM MENU
12:23:32     !! L does not offer "CLOSE" (shows "nil") -- not pressing
12:23:32   on page 'other': C=FIRE  U=SRCH PILOT LOS  R=NO MSL  D=TRACKING  FU=HOLD FIRE  FR=TGT PILOT  FD=SRCH 9K113 LOS  FL=CM MENU
12:23:32     !! L does not offer "CLOSE" (shows "nil") -- not pressing
12:23:32   on page 'other': C=FIRE  U=SRCH PILOT LOS  R=NO MSL  D=TRACKING  FU=HOLD FIRE  FR=TGT PILOT  FD=SRCH 9K113 LOS  FL=CM MENU
12:23:32     !! L does not offer "CLOSE" (shows "nil") -- not pressing
12:23:32   on page 'other': C=FIRE  U=SRCH PILOT LOS  R=NO MSL  D=TRACKING  FU=HOLD FIRE  FR=TGT PILOT  FD=SRCH 9K113 LOS  FL=CM MENU
12:23:32     !! L does not offer "CLOSE" (shows "nil") -- not pressing
12:23:32   on page 'other': C=FIRE  U=SRCH PILOT LOS  R=NO MSL  D=TRACKING  FU=HOLD FIRE  FR=TGT PILOT  FD=SRCH 9K113 LOS  FL=CM MENU
12:23:32     !! L does not offer "CLOSE" (shows "nil") -- not pressing
12:23:32   on page 'other': C=FIRE  U=SRCH PILOT LOS  R=NO MSL  D=TRACKING  FU=HOLD FIRE  FR=TGT PILOT  FD=SRCH 9K113 LOS  FL=CM MENU
12:23:32     !! L does not offer "CLOSE" (shows "nil") -- not pressing
12:23:32   on page 'other': C=FIRE  U=SRCH PILOT LOS  R=NO MSL  D=TRACKING  FU=HOLD FIRE  FR=TGT PILOT  FD=SRCH 9K113 LOS  FL=CM MENU
12:23:32     !! L does not offer "CLOSE" (shows "nil") -- not pressing
12:23:32   on page 'other': C=FIRE  U=SRCH PILOT LOS  R=NO MSL  D=TRACKING  FU=HOLD FIRE  FR=TGT PILOT  FD=SRCH 9K113 LOS  FL=CM MENU
12:23:32     !! L does not offer "CLOSE" (shows "nil") -- not pressing
12:23:32   on page 'other': C=FIRE  U=SRCH PILOT LOS  R=NO MSL  D=TRACKING  FU=HOLD FIRE  FR=TGT PILOT  FD=SRCH 9K113 LOS  FL=CM MENU
12:23:32     !! L does not offer "CLOSE" (shows "nil") -- not pressing
12:23:32   on page 'other': C=FIRE  U=SRCH PILOT LOS  R=NO MSL  D=TRACKING  FU=HOLD FIRE  FR=TGT PILOT  FD=SRCH 9K113 LOS  FL=CM MENU
12:23:32     !! L does not offer "CLOSE" (shows "nil") -- not pressing
12:23:32   on page 'other': C=FIRE  U=SRCH PILOT LOS  R=NO MSL  D=TRACKING  FU=HOLD FIRE  FR=TGT PILOT  FD=SRCH 9K113 LOS  FL=CM MENU
12:23:32     !! L does not offer "CLOSE" (shows "nil") -- not pressing
12:23:32   on page 'other': C=FIRE  U=SRCH PILOT LOS  R=NO MSL  D=TRACKING  FU=HOLD FIRE  FR=TGT PILOT  FD=SRCH 9K113 LOS  FL=CM MENU
12:23:32     !! L does not offer "CLOSE" (shows "nil") -- not pressing
12:23:32   on page 'other': C=FIRE  U=SRCH PILOT LOS  R=NO MSL  D=TRACKING  FU=HOLD FIRE  FR=TGT PILOT  FD=SRCH 9K113 LOS  FL=CM MENU
12:23:32     !! L does not offer "CLOSE" (shows "nil") -- not pressing
12:23:32   on page 'other': C=FIRE  U=SRCH PILOT LOS  R=NO MSL  D=TRACKING  FU=HOLD FIRE  FR=TGT PILOT  FD=SRCH 9K113 LOS  FL=CM MENU
12:23:32     !! L does not offer "CLOSE" (shows "nil") -- not pressing
12:23:32   on page 'other': C=FIRE  U=SRCH PILOT LOS  R=NO MSL  D=TRACKING  FU=HOLD FIRE  FR=TGT PILOT  FD=SRCH 9K113 LOS  FL=CM MENU
12:23:32     !! L does not offer "CLOSE" (shows "nil") -- not pressing
12:23:32   on page 'other': C=FIRE  U=SRCH PILOT LOS  R=NO MSL  D=TRACKING  FU=HOLD FIRE  FR=TGT PILOT  FD=SRCH 9K113 LOS  FL=CM MENU
12:23:32     !! L does not offer "CLOSE" (shows "nil") -- not pressing
12:23:32   on page 'other': C=FIRE  U=SRCH PILOT LOS  R=NO MSL  D=TRACKING  FU=HOLD FIRE  FR=TGT PILOT  FD=SRCH 9K113 LOS  FL=CM MENU
12:23:32     !! L does not offer "CLOSE" (shows "nil") -- not pressing
12:23:32   on page 'other': C=FIRE  U=SRCH PILOT LOS  R=NO MSL  D=TRACKING  FU=HOLD FIRE  FR=TGT PILOT  FD=SRCH 9K113 LOS  FL=CM MENU
12:23:32     !! L does not offer "CLOSE" (shows "nil") -- not pressing
12:23:32   on page 'other': C=FIRE  U=SRCH PILOT LOS  R=NO MSL  D=TRACKING  FU=HOLD FIRE  FR=TGT PILOT  FD=SRCH 9K113 LOS  FL=CM MENU
12:23:32     !! L does not offer "CLOSE" (shows "nil") -- not pressing
12:23:32   on page 'other': C=FIRE  U=SRCH PILOT LOS  R=NO MSL  D=TRACKING  FU=HOLD FIRE  FR=TGT PILOT  FD=SRCH 9K113 LOS  FL=CM MENU
12:23:32     !! L does not offer "CLOSE" (shows "nil") -- not pressing
12:23:32   on page 'other': C=FIRE  U=SRCH PILOT LOS  R=NO MSL  D=TRACKING  FU=HOLD FIRE  FR=TGT PILOT  FD=SRCH 9K113 LOS  FL=CM MENU
12:23:32     !! L does not offer "CLOSE" (shows "nil") -- not pressing
12:23:32   on page 'other': C=FIRE  U=SRCH PILOT LOS  R=NO MSL  D=TRACKING  FU=HOLD FIRE  FR=TGT PILOT  FD=SRCH 9K113 LOS  FL=CM MENU
12:23:32     !! L does not offer "CLOSE" (shows "nil") -- not pressing
12:23:32   on page 'other': C=FIRE  U=SRCH PILOT LOS  R=NO MSL  D=TRACKING  FU=HOLD FIRE  FR=TGT PILOT  FD=SRCH 9K113 LOS  FL=CM MENU
12:23:32     !! L does not offer "CLOSE" (shows "nil") -- not pressing
12:23:32   on page 'other': C=FIRE  U=SRCH PILOT LOS  R=NO MSL  D=TRACKING  FU=HOLD FIRE  FR=TGT PILOT  FD=SRCH 9K113 LOS  FL=CM MENU
12:23:32     !! L does not offer "CLOSE" (shows "nil") -- not pressing
12:23:32   on page 'other': C=FIRE  U=SRCH PILOT LOS  R=NO MSL  D=TRACKING  FU=HOLD FIRE  FR=TGT PILOT  FD=SRCH 9K113 LOS  FL=CM MENU
12:23:32     !! L does not offer "CLOSE" (shows "nil") -- not pressing
12:23:32   on page 'other': C=FIRE  U=SRCH PILOT LOS  R=NO MSL  D=TRACKING  FU=HOLD FIRE  FR=TGT PILOT  FD=SRCH 9K113 LOS  FL=CM MENU
12:23:32     !! L does not offer "CLOSE" (shows "nil") -- not pressing
12:23:32   on page 'other': C=FIRE  U=SRCH PILOT LOS  R=NO MSL  D=TRACKING  FU=HOLD FIRE  FR=TGT PILOT  FD=SRCH 9K113 LOS  FL=CM MENU
12:23:32     !! L does not offer "CLOSE" (shows "nil") -- not pressing
12:23:32   on page 'other': C=FIRE  U=SRCH PILOT LOS  R=NO MSL  D=TRACKING  FU=HOLD FIRE  FR=TGT PILOT  FD=SRCH 9K113 LOS  FL=CM MENU
12:23:32     !! L does not offer "CLOSE" (shows "nil") -- not pressing
12:23:32   on page 'other': C=FIRE  U=SRCH PILOT LOS  R=NO MSL  D=TRACKING  FU=HOLD FIRE  FR=TGT PILOT  FD=SRCH 9K113 LOS  FL=CM MENU
12:23:32     !! L does not offer "CLOSE" (shows "nil") -- not pressing
12:23:32   on page 'other': C=FIRE  U=SRCH PILOT LOS  R=NO MSL  D=TRACKING  FU=HOLD FIRE  FR=TGT PILOT  FD=SRCH 9K113 LOS  FL=CM MENU
12:23:32     !! L does not offer "CLOSE" (shows "nil") -- not pressing
12:23:32   on page 'other': C=FIRE  U=SRCH PILOT LOS  R=NO MSL  D=TRACKING  FU=HOLD FIRE  FR=TGT PILOT  FD=SRCH 9K113 LOS  FL=CM MENU
12:23:32     !! L does not offer "CLOSE" (shows "nil") -- not pressing
12:23:32   on page 'other': C=FIRE  U=SRCH PILOT LOS  R=NO MSL  D=TRACKING  FU=HOLD FIRE  FR=TGT PILOT  FD=SRCH 9K113 LOS  FL=CM MENU
12:23:32     !! L does not offer "CLOSE" (shows "nil") -- not pressing
12:23:32   on page 'other': C=FIRE  U=SRCH PILOT LOS  R=NO MSL  D=TRACKING  FU=HOLD FIRE  FR=TGT PILOT  FD=SRCH 9K113 LOS  FL=CM MENU
12:23:32     !! L does not offer "CLOSE" (shows "nil") -- not pressing
12:23:32   on page 'other': C=FIRE  U=SRCH PILOT LOS  R=NO MSL  D=TRACKING  FU=HOLD FIRE  FR=TGT PILOT  FD=SRCH 9K113 LOS  FL=CM MENU
12:23:32     !! L does not offer "CLOSE" (shows "nil") -- not pressing
12:23:32   on page 'other': C=FIRE  U=SRCH PILOT LOS  R=NO MSL  D=TRACKING  FU=HOLD FIRE  FR=TGT PILOT  FD=SRCH 9K113 LOS  FL=CM MENU
12:23:32     !! L does not offer "CLOSE" (shows "nil") -- not pressing
12:23:32   on page 'other': C=FIRE  U=SRCH PILOT LOS  R=NO MSL  D=TRACKING  FU=HOLD FIRE  FR=TGT PILOT  FD=SRCH 9K113 LOS  FL=CM MENU
12:23:32     !! L does not offer "CLOSE" (shows "nil") -- not pressing
12:23:32   on page 'other': C=FIRE  U=SRCH PILOT LOS  R=NO MSL  D=TRACKING  FU=HOLD FIRE  FR=TGT PILOT  FD=SRCH 9K113 LOS  FL=CM MENU
12:23:32     !! L does not offer "CLOSE" (shows "nil") -- not pressing
12:23:32   on page 'other': C=FIRE  U=SRCH PILOT LOS  R=NO MSL  D=TRACKING  FU=HOLD FIRE  FR=TGT PILOT  FD=SRCH 9K113 LOS  FL=CM MENU
12:23:32     !! L does not offer "CLOSE" (shows "nil") -- not pressing
12:23:32   on page 'other': C=FIRE  U=SRCH PILOT LOS  R=NO MSL  D=TRACKING  FU=HOLD FIRE  FR=TGT PILOT  FD=SRCH 9K113 LOS  FL=CM MENU
12:23:32     !! L does not offer "CLOSE" (shows "nil") -- not pressing
12:23:32   on page 'other': C=FIRE  U=SRCH PILOT LOS  R=NO MSL  D=TRACKING  FU=HOLD FIRE  FR=TGT PILOT  FD=SRCH 9K113 LOS  FL=CM MENU
12:23:32     !! L does not offer "CLOSE" (shows "nil") -- not pressing
12:23:32   on page 'other': C=FIRE  U=SRCH PILOT LOS  R=NO MSL  D=TRACKING  FU=HOLD FIRE  FR=TGT PILOT  FD=SRCH 9K113 LOS  FL=CM MENU
12:23:32     !! L does not offer "CLOSE" (shows "nil") -- not pressing
12:23:32   on page 'other': C=FIRE  U=SRCH PILOT LOS  R=NO MSL  D=TRACKING  FU=HOLD FIRE  FR=TGT PILOT  FD=SRCH 9K113 LOS  FL=CM MENU
12:23:32     !! L does not offer "CLOSE" (shows "nil") -- not pressing
12:23:32   on page 'other': C=FIRE  U=SRCH PILOT LOS  R=NO MSL  D=TRACKING  FU=HOLD FIRE  FR=TGT PILOT  FD=SRCH 9K113 LOS  FL=CM MENU
12:23:32     !! L does not offer "CLOSE" (shows "nil") -- not pressing
12:23:32   on page 'other': C=FIRE  U=SRCH PILOT LOS  R=NO MSL  D=TRACKING  FU=HOLD FIRE  FR=TGT PILOT  FD=SRCH 9K113 LOS  FL=CM MENU
12:23:32     !! L does not offer "CLOSE" (shows "nil") -- not pressing
12:23:33   on page 'other': C=FIRE  U=SRCH PILOT LOS  R=NO MSL  D=TRACKING  FU=HOLD FIRE  FR=TGT PILOT  FD=SRCH 9K113 LOS  FL=CM MENU
12:23:33     !! L does not offer "CLOSE" (shows "nil") -- not pressing
12:23:33   on page 'other': C=FIRE  U=SRCH PILOT LOS  R=NO MSL  D=TRACKING  FU=HOLD FIRE  FR=TGT PILOT  FD=SRCH 9K113 LOS  FL=CM MENU
12:23:33     !! L does not offer "CLOSE" (shows "nil") -- not pressing
12:23:33   on page 'other': C=FIRE  U=SRCH PILOT LOS  R=NO MSL  D=TRACKING  FU=HOLD FIRE  FR=TGT PILOT  FD=SRCH 9K113 LOS  FL=CM MENU
12:23:33     !! L does not offer "CLOSE" (shows "nil") -- not pressing
12:23:33   on page 'other': C=FIRE  U=SRCH PILOT LOS  R=NO MSL  D=TRACKING  FU=HOLD FIRE  FR=TGT PILOT  FD=SRCH 9K113 LOS  FL=CM MENU
12:23:33     !! L does not offer "CLOSE" (shows "nil") -- not pressing
12:23:33   on page 'other': C=FIRE  U=SRCH PILOT LOS  R=NO MSL  D=TRACKING  FU=HOLD FIRE  FR=TGT PILOT  FD=SRCH 9K113 LOS  FL=CM MENU
12:23:33     !! L does not offer "CLOSE" (shows "nil") -- not pressing
12:23:33   on page 'other': C=FIRE  U=SRCH PILOT LOS  R=NO MSL  D=TRACKING  FU=HOLD FIRE  FR=TGT PILOT  FD=SRCH 9K113 LOS  FL=CM MENU
12:23:33     !! L does not offer "CLOSE" (shows "nil") -- not pressing
12:23:33   on page 'other': C=FIRE  U=SRCH PILOT LOS  R=NO MSL  D=TRACKING  FU=HOLD FIRE  FR=TGT PILOT  FD=SRCH 9K113 LOS  FL=CM MENU
12:23:33     !! L does not offer "CLOSE" (shows "nil") -- not pressing
12:23:33   on page 'other': C=FIRE  U=SRCH PILOT LOS  R=NO MSL  D=TRACKING  FU=HOLD FIRE  FR=TGT PILOT  FD=SRCH 9K113 LOS  FL=CM MENU
12:23:33     !! L does not offer "CLOSE" (shows "nil") -- not pressing
12:23:33   on page 'other': C=FIRE  U=SRCH PILOT LOS  R=NO MSL  D=TRACKING  FU=HOLD FIRE  FR=TGT PILOT  FD=SRCH 9K113 LOS  FL=CM MENU
12:23:33     !! L does not offer "CLOSE" (shows "nil") -- not pressing
12:23:33   on page 'other': C=FIRE  U=SRCH PILOT LOS  R=NO MSL  D=TRACKING  FU=HOLD FIRE  FR=TGT PILOT  FD=SRCH 9K113 LOS  FL=CM MENU
12:23:33     !! L does not offer "CLOSE" (shows "nil") -- not pressing
12:23:33   on page 'other': C=FIRE  U=SRCH PILOT LOS  R=NO MSL  D=TRACKING  FU=HOLD FIRE  FR=TGT PILOT  FD=SRCH 9K113 LOS  FL=CM MENU
12:23:33     !! L does not offer "CLOSE" (shows "nil") -- not pressing
12:23:33   on page 'other': C=FIRE  U=SRCH PILOT LOS  R=NO MSL  D=TRACKING  FU=HOLD FIRE  FR=TGT PILOT  FD=SRCH 9K113 LOS  FL=CM MENU
12:23:33     !! L does not offer "CLOSE" (shows "nil") -- not pressing
12:23:33   on page 'other': C=FIRE  U=SRCH PILOT LOS  R=NO MSL  D=TRACKING  FU=HOLD FIRE  FR=TGT PILOT  FD=SRCH 9K113 LOS  FL=CM MENU
12:23:33     !! L does not offer "CLOSE" (shows "nil") -- not pressing
12:23:33   on page 'other': C=FIRE  U=SRCH PILOT LOS  R=NO MSL  D=TRACKING  FU=HOLD FIRE  FR=TGT PILOT  FD=SRCH 9K113 LOS  FL=CM MENU
12:23:33     !! L does not offer "CLOSE" (shows "nil") -- not pressing
12:23:33   on page 'other': C=FIRE  U=SRCH PILOT LOS  R=NO MSL  D=TRACKING  FU=HOLD FIRE  FR=TGT PILOT  FD=SRCH 9K113 LOS  FL=CM MENU
12:23:33     !! L does not offer "CLOSE" (shows "nil") -- not pressing
12:23:33   on page 'other': C=FIRE  U=SRCH PILOT LOS  R=NO MSL  D=TRACKING  FU=HOLD FIRE  FR=TGT PILOT  FD=SRCH 9K113 LOS  FL=CM MENU
12:23:33     !! L does not offer "CLOSE" (shows "nil") -- not pressing
12:23:33   on page 'other': C=FIRE  U=SRCH PILOT LOS  R=NO MSL  D=TRACKING  FU=HOLD FIRE  FR=TGT PILOT  FD=SRCH 9K113 LOS  FL=CM MENU
12:23:33     !! L does not offer "CLOSE" (shows "nil") -- not pressing
12:23:33   on page 'other': C=FIRE  U=SRCH PILOT LOS  R=NO MSL  D=TRACKING  FU=HOLD FIRE  FR=TGT PILOT  FD=SRCH 9K113 LOS  FL=CM MENU
12:23:33     !! L does not offer "CLOSE" (shows "nil") -- not pressing
12:23:33   on page 'other': C=FIRE  U=SRCH PILOT LOS  R=NO MSL  D=TRACKING  FU=HOLD FIRE  FR=TGT PILOT  FD=SRCH 9K113 LOS  FL=CM MENU
12:23:33     !! L does not offer "CLOSE" (shows "nil") -- not pressing
12:23:33   on page 'other': C=FIRE  U=SRCH PILOT LOS  R=NO MSL  D=TRACKING  FU=HOLD FIRE  FR=TGT PILOT  FD=SRCH 9K113 LOS  FL=CM MENU
12:23:33     !! L does not offer "CLOSE" (shows "nil") -- not pressing
12:23:33   on page 'other': C=FIRE  U=SRCH PILOT LOS  R=NO MSL  D=TRACKING  FU=HOLD FIRE  FR=TGT PILOT  FD=SRCH 9K113 LOS  FL=CM MENU
12:23:33     !! L does not offer "CLOSE" (shows "nil") -- not pressing
12:23:33   on page 'other': C=FIRE  U=SRCH PILOT LOS  R=NO MSL  D=TRACKING  FU=HOLD FIRE  FR=TGT PILOT  FD=SRCH 9K113 LOS  FL=CM MENU
12:23:33     !! L does not offer "CLOSE" (shows "nil") -- not pressing
12:23:33   on page 'other': C=FIRE  U=SRCH PILOT LOS  R=NO MSL  D=TRACKING  FU=HOLD FIRE  FR=TGT PILOT  FD=SRCH 9K113 LOS  FL=CM MENU
12:23:33     !! L does not offer "CLOSE" (shows "nil") -- not pressing
12:23:33   on page 'other': C=FIRE  U=SRCH PILOT LOS  R=NO MSL  D=TRACKING  FU=HOLD FIRE  FR=TGT PILOT  FD=SRCH 9K113 LOS  FL=CM MENU
12:23:33     !! L does not offer "CLOSE" (shows "nil") -- not pressing
12:23:33   on page 'other': C=FIRE  U=SRCH PILOT LOS  R=NO MSL  D=TRACKING  FU=HOLD FIRE  FR=TGT PILOT  FD=SRCH 9K113 LOS  FL=CM MENU
12:23:33     !! L does not offer "CLOSE" (shows "nil") -- not pressing
12:23:33   on page 'other': C=FIRE  U=SRCH PILOT LOS  R=NO MSL  D=TRACKING  FU=HOLD FIRE  FR=TGT PILOT  FD=SRCH 9K113 LOS  FL=CM MENU
12:23:33     !! L does not offer "CLOSE" (shows "nil") -- not pressing
12:23:33   on page 'other': C=FIRE  U=SRCH PILOT LOS  R=NO MSL  D=TRACKING  FU=HOLD FIRE  FR=TGT PILOT  FD=SRCH 9K113 LOS  FL=CM MENU
12:23:33     !! L does not offer "CLOSE" (shows "nil") -- not pressing
12:23:33   on page 'other': C=FIRE  U=SRCH PILOT LOS  R=NO MSL  D=TRACKING  FU=HOLD FIRE  FR=TGT PILOT  FD=SRCH 9K113 LOS  FL=CM MENU
12:23:33     !! L does not offer "CLOSE" (shows "nil") -- not pressing
12:23:33   on page 'other': C=FIRE  U=SRCH PILOT LOS  R=NO MSL  D=TRACKING  FU=HOLD FIRE  FR=TGT PILOT  FD=SRCH 9K113 LOS  FL=CM MENU
12:23:33     !! L does not offer "CLOSE" (shows "nil") -- not pressing
12:23:33   on page 'other': C=FIRE  U=SRCH PILOT LOS  R=NO MSL  D=TRACKING  FU=HOLD FIRE  FR=TGT PILOT  FD=SRCH 9K113 LOS  FL=CM MENU
12:23:33     !! L does not offer "CLOSE" (shows "nil") -- not pressing
12:23:33   on page 'other': C=FIRE  U=SRCH PILOT LOS  R=NO MSL  D=TRACKING  FU=HOLD FIRE  FR=TGT PILOT  FD=SRCH 9K113 LOS  FL=CM MENU
12:23:33     !! L does not offer "CLOSE" (shows "nil") -- not pressing
12:23:33   on page 'other': C=FIRE  U=SRCH PILOT LOS  R=NO MSL  D=TRACKING  FU=HOLD FIRE  FR=TGT PILOT  FD=SRCH 9K113 LOS  FL=CM MENU
12:23:33     !! L does not offer "CLOSE" (shows "nil") -- not pressing
12:23:33   on page 'other': C=FIRE  U=SRCH PILOT LOS  R=NO MSL  D=TRACKING  FU=HOLD FIRE  FR=TGT PILOT  FD=SRCH 9K113 LOS  FL=CM MENU
12:23:33     !! L does not offer "CLOSE" (shows "nil") -- not pressing
12:23:33   on page 'other': C=FIRE  U=SRCH PILOT LOS  R=NO MSL  D=TRACKING  FU=HOLD FIRE  FR=TGT PILOT  FD=SRCH 9K113 LOS  FL=CM MENU
12:23:33     !! L does not offer "CLOSE" (shows "nil") -- not pressing
12:23:33   on page 'other': C=FIRE  U=SRCH PILOT LOS  R=NO MSL  D=TRACKING  FU=HOLD FIRE  FR=TGT PILOT  FD=SRCH 9K113 LOS  FL=CM MENU
12:23:33     !! L does not offer "CLOSE" (shows "nil") -- not pressing
12:23:33   on page 'other': C=FIRE  U=SRCH PILOT LOS  R=NO MSL  D=TRACKING  FU=HOLD FIRE  FR=TGT PILOT  FD=SRCH 9K113 LOS  FL=CM MENU
12:23:33     !! L does not offer "CLOSE" (shows "nil") -- not pressing
12:23:33   on page 'other': C=FIRE  U=SRCH PILOT LOS  R=NO MSL  D=TRACKING  FU=HOLD FIRE  FR=TGT PILOT  FD=SRCH 9K113 LOS  FL=CM MENU
12:23:33     !! L does not offer "CLOSE" (shows "nil") -- not pressing
12:23:33   on page 'other': C=FIRE  U=SRCH PILOT LOS  R=NO MSL  D=TRACKING  FU=HOLD FIRE  FR=TGT PILOT  FD=SRCH 9K113 LOS  FL=CM MENU
12:23:33     !! L does not offer "CLOSE" (shows "nil") -- not pressing
12:23:33   on page 'other': C=FIRE  U=SRCH PILOT LOS  R=NO MSL  D=TRACKING  FU=HOLD FIRE  FR=TGT PILOT  FD=SRCH 9K113 LOS  FL=CM MENU
12:23:33     !! L does not offer "CLOSE" (shows "nil") -- not pressing
12:23:33   on page 'other': C=FIRE  U=SRCH PILOT LOS  R=NO MSL  D=TRACKING  FU=HOLD FIRE  FR=TGT PILOT  FD=SRCH 9K113 LOS  FL=CM MENU
12:23:33     !! L does not offer "CLOSE" (shows "nil") -- not pressing
12:23:33   on page 'other': C=FIRE  U=SRCH PILOT LOS  R=NO MSL  D=TRACKING  FU=HOLD FIRE  FR=TGT PILOT  FD=SRCH 9K113 LOS  FL=CM MENU
12:23:33     !! L does not offer "CLOSE" (shows "nil") -- not pressing
12:23:33   on page 'other': C=FIRE  U=SRCH PILOT LOS  R=NO MSL  D=TRACKING  FU=HOLD FIRE  FR=TGT PILOT  FD=SRCH 9K113 LOS  FL=CM MENU
12:23:33     !! L does not offer "CLOSE" (shows "nil") -- not pressing
12:23:33   on page 'other': C=FIRE  U=SRCH PILOT LOS  R=NO MSL  D=TRACKING  FU=HOLD FIRE  FR=TGT PILOT  FD=SRCH 9K113 LOS  FL=CM MENU
12:23:33     !! L does not offer "CLOSE" (shows "nil") -- not pressing
12:23:33   on page 'other': C=FIRE  U=SRCH PILOT LOS  R=NO MSL  D=TRACKING  FU=HOLD FIRE  FR=TGT PILOT  FD=SRCH 9K113 LOS  FL=CM MENU
12:23:33     !! L does not offer "CLOSE" (shows "nil") -- not pressing
12:23:33   on page 'other': C=FIRE  U=SRCH PILOT LOS  R=NO MSL  D=TRACKING  FU=HOLD FIRE  FR=TGT PILOT  FD=SRCH 9K113 LOS  FL=CM MENU
12:23:33     !! L does not offer "CLOSE" (shows "nil") -- not pressing
12:23:33   on page 'other': C=FIRE  U=SRCH PILOT LOS  R=NO MSL  D=TRACKING  FU=HOLD FIRE  FR=TGT PILOT  FD=SRCH 9K113 LOS  FL=CM MENU
12:23:33     !! L does not offer "CLOSE" (shows "nil") -- not pressing
12:23:33   on page 'other': C=FIRE  U=SRCH PILOT LOS  R=NO MSL  D=TRACKING  FU=HOLD FIRE  FR=TGT PILOT  FD=SRCH 9K113 LOS  FL=CM MENU
12:23:33     !! L does not offer "CLOSE" (shows "nil") -- not pressing
12:23:33   on page 'other': C=FIRE  U=SRCH PILOT LOS  R=NO MSL  D=TRACKING  FU=HOLD FIRE  FR=TGT PILOT  FD=SRCH 9K113 LOS  FL=CM MENU
12:23:33     !! L does not offer "CLOSE" (shows "nil") -- not pressing
12:23:33   on page 'other': C=FIRE  U=SRCH PILOT LOS  R=NO MSL  D=TRACKING  FU=HOLD FIRE  FR=TGT PILOT  FD=SRCH 9K113 LOS  FL=CM MENU
12:23:33     !! L does not offer "CLOSE" (shows "nil") -- not pressing
12:23:33   on page 'other': C=FIRE  U=SRCH PILOT LOS  R=NO MSL  D=TRACKING  FU=HOLD FIRE  FR=TGT PILOT  FD=SRCH 9K113 LOS  FL=CM MENU
12:23:33     !! L does not offer "CLOSE" (shows "nil") -- not pressing
12:23:33   on page 'other': C=FIRE  U=SRCH PILOT LOS  R=NO MSL  D=TRACKING  FU=HOLD FIRE  FR=TGT PILOT  FD=SRCH 9K113 LOS  FL=CM MENU
12:23:33     !! L does not offer "CLOSE" (shows "nil") -- not pressing
12:23:33   on page 'other': C=FIRE  U=SRCH PILOT LOS  R=NO MSL  D=TRACKING  FU=HOLD FIRE  FR=TGT PILOT  FD=SRCH 9K113 LOS  FL=CM MENU
12:23:33     !! L does not offer "CLOSE" (shows "nil") -- not pressing
12:23:33   on page 'other': C=FIRE  U=SRCH PILOT LOS  R=NO MSL  D=TRACKING  FU=HOLD FIRE  FR=TGT PILOT  FD=SRCH 9K113 LOS  FL=CM MENU
12:23:33     !! L does not offer "CLOSE" (shows "nil") -- not pressing
12:23:33   on page 'other': C=FIRE  U=SRCH PILOT LOS  R=NO MSL  D=TRACKING  FU=HOLD FIRE  FR=TGT PILOT  FD=SRCH 9K113 LOS  FL=CM MENU
12:23:33     !! L does not offer "CLOSE" (shows "nil") -- not pressing
12:23:33   on page 'other': C=FIRE  U=SRCH PILOT LOS  R=NO MSL  D=TRACKING  FU=HOLD FIRE  FR=TGT PILOT  FD=SRCH 9K113 LOS  FL=CM MENU
12:23:33     !! L does not offer "CLOSE" (shows "nil") -- not pressing
12:23:33   on page 'other': C=FIRE  U=SRCH PILOT LOS  R=NO MSL  D=TRACKING  FU=HOLD FIRE  FR=TGT PILOT  FD=SRCH 9K113 LOS  FL=CM MENU
12:23:33     !! L does not offer "CLOSE" (shows "nil") -- not pressing
12:23:33   on page 'other': C=FIRE  U=SRCH PILOT LOS  R=NO MSL  D=TRACKING  FU=HOLD FIRE  FR=TGT PILOT  FD=SRCH 9K113 LOS  FL=CM MENU
12:23:33     !! L does not offer "CLOSE" (shows "nil") -- not pressing
12:23:33   on page 'other': C=FIRE  U=SRCH PILOT LOS  R=NO MSL  D=TRACKING  FU=HOLD FIRE  FR=TGT PILOT  FD=SRCH 9K113 LOS  FL=CM MENU
12:23:33     !! L does not offer "CLOSE" (shows "nil") -- not pressing
12:23:33   on page 'other': C=FIRE  U=SRCH PILOT LOS  R=NO MSL  D=TRACKING  FU=HOLD FIRE  FR=TGT PILOT  FD=SRCH 9K113 LOS  FL=CM MENU
12:23:33     !! L does not offer "CLOSE" (shows "nil") -- not pressing
12:23:33   on page 'other': C=FIRE  U=SRCH PILOT LOS  R=NO MSL  D=TRACKING  FU=HOLD FIRE  FR=TGT PILOT  FD=SRCH 9K113 LOS  FL=CM MENU
12:23:33     !! L does not offer "CLOSE" (shows "nil") -- not pressing
12:23:33   on page 'other': C=FIRE  U=SRCH PILOT LOS  R=NO MSL  D=TRACKING  FU=HOLD FIRE  FR=TGT PILOT  FD=SRCH 9K113 LOS  FL=CM MENU
12:23:33     !! L does not offer "CLOSE" (shows "nil") -- not pressing
12:23:33   on page 'other': C=FIRE  U=SRCH PILOT LOS  R=NO MSL  D=TRACKING  FU=HOLD FIRE  FR=TGT PILOT  FD=SRCH 9K113 LOS  FL=CM MENU
12:23:33     !! L does not offer "CLOSE" (shows "nil") -- not pressing
12:23:33   on page 'other': C=FIRE  U=SRCH PILOT LOS  R=NO MSL  D=TRACKING  FU=HOLD FIRE  FR=TGT PILOT  FD=SRCH 9K113 LOS  FL=CM MENU
12:23:33     !! L does not offer "CLOSE" (shows "nil") -- not pressing
12:23:33   on page 'other': C=FIRE  U=SRCH PILOT LOS  R=NO MSL  D=TRACKING  FU=HOLD FIRE  FR=TGT PILOT  FD=SRCH 9K113 LOS  FL=CM MENU
12:23:33     !! L does not offer "CLOSE" (shows "nil") -- not pressing
12:23:33   on page 'other': C=FIRE  U=SRCH PILOT LOS  R=NO MSL  D=TRACKING  FU=HOLD FIRE  FR=TGT PILOT  FD=SRCH 9K113 LOS  FL=CM MENU
12:23:33     !! L does not offer "CLOSE" (shows "nil") -- not pressing
12:23:33   on page 'other': C=FIRE  U=SRCH PILOT LOS  R=NO MSL  D=TRACKING  FU=HOLD FIRE  FR=TGT PILOT  FD=SRCH 9K113 LOS  FL=CM MENU
12:23:33     !! L does not offer "CLOSE" (shows "nil") -- not pressing
12:23:33   on page 'other': C=FIRE  U=SRCH PILOT LOS  R=NO MSL  D=TRACKING  FU=HOLD FIRE  FR=TGT PILOT  FD=SRCH 9K113 LOS  FL=CM MENU
12:23:33     !! L does not offer "CLOSE" (shows "nil") -- not pressing
12:23:33   on page 'other': C=FIRE  U=SRCH PILOT LOS  R=NO MSL  D=TRACKING  FU=HOLD FIRE  FR=TGT PILOT  FD=SRCH 9K113 LOS  FL=CM MENU
12:23:33     !! L does not offer "CLOSE" (shows "nil") -- not pressing
12:23:33   on page 'other': C=FIRE  U=SRCH PILOT LOS  R=NO MSL  D=TRACKING  FU=HOLD FIRE  FR=TGT PILOT  FD=SRCH 9K113 LOS  FL=CM MENU
12:23:33     !! L does not offer "CLOSE" (shows "nil") -- not pressing
12:23:33   on page 'other': C=FIRE  U=SRCH PILOT LOS  R=NO MSL  D=TRACKING  FU=HOLD FIRE  FR=TGT PILOT  FD=SRCH 9K113 LOS  FL=CM MENU
12:23:33     !! L does not offer "CLOSE" (shows "nil") -- not pressing
12:23:33   on page 'other': C=FIRE  U=SRCH PILOT LOS  R=NO MSL  D=TRACKING  FU=HOLD FIRE  FR=TGT PILOT  FD=SRCH 9K113 LOS  FL=CM MENU
12:23:33     !! L does not offer "CLOSE" (shows "nil") -- not pressing
12:23:33   on page 'other': C=FIRE  U=SRCH PILOT LOS  R=NO MSL  D=TRACKING  FU=HOLD FIRE  FR=TGT PILOT  FD=SRCH 9K113 LOS  FL=CM MENU
12:23:33     !! L does not offer "CLOSE" (shows "nil") -- not pressing
12:23:33   on page 'other': C=FIRE  U=SRCH PILOT LOS  R=NO MSL  D=TRACKING  FU=HOLD FIRE  FR=TGT PILOT  FD=SRCH 9K113 LOS  FL=CM MENU
12:23:33     !! L does not offer "CLOSE" (shows "nil") -- not pressing
12:23:33   on page 'other': C=FIRE  U=SRCH PILOT LOS  R=NO MSL  D=TRACKING  FU=HOLD FIRE  FR=TGT PILOT  FD=SRCH 9K113 LOS  FL=CM MENU
12:23:33     !! L does not offer "CLOSE" (shows "nil") -- not pressing
12:23:33   on page 'other': C=FIRE  U=SRCH PILOT LOS  R=NO MSL  D=TRACKING  FU=HOLD FIRE  FR=TGT PILOT  FD=SRCH 9K113 LOS  FL=CM MENU
12:23:33     !! L does not offer "CLOSE" (shows "nil") -- not pressing
12:23:33   on page 'other': C=FIRE  U=SRCH PILOT LOS  R=NO MSL  D=TRACKING  FU=HOLD FIRE  FR=TGT PILOT  FD=SRCH 9K113 LOS  FL=CM MENU
12:23:33     !! L does not offer "CLOSE" (shows "nil") -- not pressing
12:23:33   on page 'other': C=FIRE  U=SRCH PILOT LOS  R=NO MSL  D=TRACKING  FU=HOLD FIRE  FR=TGT PILOT  FD=SRCH 9K113 LOS  FL=CM MENU
12:23:33     !! L does not offer "CLOSE" (shows "nil") -- not pressing
12:23:33   on page 'other': C=FIRE  U=SRCH PILOT LOS  R=NO MSL  D=TRACKING  FU=HOLD FIRE  FR=TGT PILOT  FD=SRCH 9K113 LOS  FL=CM MENU
12:23:33     !! L does not offer "CLOSE" (shows "nil") -- not pressing
12:23:33   on page 'other': C=FIRE  U=SRCH PILOT LOS  R=NO MSL  D=TRACKING  FU=HOLD FIRE  FR=TGT PILOT  FD=SRCH 9K113 LOS  FL=CM MENU
12:23:33     !! L does not offer "CLOSE" (shows "nil") -- not pressing
12:23:33   on page 'other': C=FIRE  U=SRCH PILOT LOS  R=NO MSL  D=TRACKING  FU=HOLD FIRE  FR=TGT PILOT  FD=SRCH 9K113 LOS  FL=CM MENU
12:23:33     !! L does not offer "CLOSE" (shows "nil") -- not pressing
12:23:33   on page 'other': C=FIRE  U=SRCH PILOT LOS  R=NO MSL  D=TRACKING  FU=HOLD FIRE  FR=TGT PILOT  FD=SRCH 9K113 LOS  FL=CM MENU
12:23:33     !! L does not offer "CLOSE" (shows "nil") -- not pressing
12:23:34   on page 'other': C=FIRE  U=SRCH PILOT LOS  R=NO MSL  D=TRACKING  FU=HOLD FIRE  FR=TGT PILOT  FD=SRCH 9K113 LOS  FL=CM MENU
12:23:34     !! L does not offer "CLOSE" (shows "nil") -- not pressing
12:23:34   on page 'other': C=FIRE  U=SRCH PILOT LOS  R=NO MSL  D=TRACKING  FU=HOLD FIRE  FR=TGT PILOT  FD=SRCH 9K113 LOS  FL=CM MENU
12:23:34     !! L does not offer "CLOSE" (shows "nil") -- not pressing
12:23:34   on page 'other': C=FIRE  U=SRCH PILOT LOS  R=NO MSL  D=TRACKING  FU=HOLD FIRE  FR=TGT PILOT  FD=SRCH 9K113 LOS  FL=CM MENU
12:23:34     !! L does not offer "CLOSE" (shows "nil") -- not pressing
12:23:34   on page 'other': C=FIRE  U=SRCH PILOT LOS  R=NO MSL  D=TRACKING  FU=HOLD FIRE  FR=TGT PILOT  FD=SRCH 9K113 LOS  FL=CM MENU
12:23:34     !! L does not offer "CLOSE" (shows "nil") -- not pressing
12:23:34   on page 'other': C=FIRE  U=SRCH PILOT LOS  R=NO MSL  D=TRACKING  FU=HOLD FIRE  FR=TGT PILOT  FD=SRCH 9K113 LOS  FL=CM MENU
12:23:34     !! L does not offer "CLOSE" (shows "nil") -- not pressing
12:23:34   on page 'other': C=FIRE  U=SRCH PILOT LOS  R=NO MSL  D=TRACKING  FU=HOLD FIRE  FR=TGT PILOT  FD=SRCH 9K113 LOS  FL=CM MENU
12:23:34     !! L does not offer "CLOSE" (shows "nil") -- not pressing
12:23:34   on page 'other': C=FIRE  U=SRCH PILOT LOS  R=NO MSL  D=TRACKING  FU=HOLD FIRE  FR=TGT PILOT  FD=SRCH 9K113 LOS  FL=CM MENU
12:23:34     !! L does not offer "CLOSE" (shows "nil") -- not pressing
12:23:34   on page 'other': C=FIRE  U=SRCH PILOT LOS  R=NO MSL  D=TRACKING  FU=HOLD FIRE  FR=TGT PILOT  FD=SRCH 9K113 LOS  FL=CM MENU
12:23:34     !! L does not offer "CLOSE" (shows "nil") -- not pressing
12:23:34   on page 'other': C=FIRE  U=SRCH PILOT LOS  R=NO MSL  D=TRACKING  FU=HOLD FIRE  FR=TGT PILOT  FD=SRCH 9K113 LOS  FL=CM MENU
12:23:34     !! L does not offer "CLOSE" (shows "nil") -- not pressing
12:23:34   on page 'other': C=FIRE  U=SRCH PILOT LOS  R=NO MSL  D=TRACKING  FU=HOLD FIRE  FR=TGT PILOT  FD=SRCH 9K113 LOS  FL=CM MENU
12:23:34     !! L does not offer "CLOSE" (shows "nil") -- not pressing
12:23:34   on page 'other': C=FIRE  U=SRCH PILOT LOS  R=NO MSL  D=TRACKING  FU=HOLD FIRE  FR=TGT PILOT  FD=SRCH 9K113 LOS  FL=CM MENU
12:23:34     !! L does not offer "CLOSE" (shows "nil") -- not pressing
12:23:34   on page 'other': C=FIRE  U=SRCH PILOT LOS  R=NO MSL  D=TRACKING  FU=HOLD FIRE  FR=TGT PILOT  FD=SRCH 9K113 LOS  FL=CM MENU
12:23:34     !! L does not offer "CLOSE" (shows "nil") -- not pressing
12:23:34   on page 'other': C=FIRE  U=SRCH PILOT LOS  R=NO MSL  D=TRACKING  FU=HOLD FIRE  FR=TGT PILOT  FD=SRCH 9K113 LOS  FL=CM MENU
12:23:34     !! L does not offer "CLOSE" (shows "nil") -- not pressing
12:23:34   on page 'other': C=FIRE  U=SRCH PILOT LOS  R=NO MSL  D=TRACKING  FU=HOLD FIRE  FR=TGT PILOT  FD=SRCH 9K113 LOS  FL=CM MENU
12:23:34     !! L does not offer "CLOSE" (shows "nil") -- not pressing
12:23:34   on page 'other': C=FIRE  U=SRCH PILOT LOS  R=NO MSL  D=TRACKING  FU=HOLD FIRE  FR=TGT PILOT  FD=SRCH 9K113 LOS  FL=CM MENU
12:23:34     !! L does not offer "CLOSE" (shows "nil") -- not pressing
12:23:34   on page 'other': C=FIRE  U=SRCH PILOT LOS  R=NO MSL  D=TRACKING  FU=HOLD FIRE  FR=TGT PILOT  FD=SRCH 9K113 LOS  FL=CM MENU
12:23:34     !! L does not offer "CLOSE" (shows "nil") -- not pressing
12:23:34   on page 'other': C=FIRE  U=SRCH PILOT LOS  R=NO MSL  D=TRACKING  FU=HOLD FIRE  FR=TGT PILOT  FD=SRCH 9K113 LOS  FL=CM MENU
12:23:34     !! L does not offer "CLOSE" (shows "nil") -- not pressing
12:23:34   on page 'other': C=FIRE  U=SRCH PILOT LOS  R=NO MSL  D=TRACKING  FU=HOLD FIRE  FR=TGT PILOT  FD=SRCH 9K113 LOS  FL=CM MENU
12:23:34     !! L does not offer "CLOSE" (shows "nil") -- not pressing
12:23:34   on page 'other': C=FIRE  U=SRCH PILOT LOS  R=NO MSL  D=TRACKING  FU=HOLD FIRE  FR=TGT PILOT  FD=SRCH 9K113 LOS  FL=CM MENU
12:23:34     !! L does not offer "CLOSE" (shows "nil") -- not pressing
12:23:34   on page 'other': C=FIRE  U=SRCH PILOT LOS  R=NO MSL  D=TRACKING  FU=HOLD FIRE  FR=TGT PILOT  FD=SRCH 9K113 LOS  FL=CM MENU
12:23:34     !! L does not offer "CLOSE" (shows "nil") -- not pressing
12:23:34   on page 'other': C=FIRE  U=SRCH PILOT LOS  R=NO MSL  D=TRACKING  FU=HOLD FIRE  FR=TGT PILOT  FD=SRCH 9K113 LOS  FL=CM MENU
12:23:34     !! L does not offer "CLOSE" (shows "nil") -- not pressing
12:23:34   on page 'other': C=FIRE  U=SRCH PILOT LOS  R=NO MSL  D=TRACKING  FU=HOLD FIRE  FR=TGT PILOT  FD=SRCH 9K113 LOS  FL=CM MENU
12:23:34     !! L does not offer "CLOSE" (shows "nil") -- not pressing
12:23:34   on page 'other': C=FIRE  U=SRCH PILOT LOS  R=NO MSL  D=TRACKING  FU=HOLD FIRE  FR=TGT PILOT  FD=SRCH 9K113 LOS  FL=CM MENU
12:23:34     !! L does not offer "CLOSE" (shows "nil") -- not pressing
12:23:34   on page 'other': C=FIRE  U=SRCH PILOT LOS  R=NO MSL  D=TRACKING  FU=HOLD FIRE  FR=TGT PILOT  FD=SRCH 9K113 LOS  FL=CM MENU
12:23:34     !! L does not offer "CLOSE" (shows "nil") -- not pressing
12:23:34   on page 'other': C=FIRE  U=SRCH PILOT LOS  R=NO MSL  D=TRACKING  FU=HOLD FIRE  FR=TGT PILOT  FD=SRCH 9K113 LOS  FL=CM MENU
12:23:34     !! L does not offer "CLOSE" (shows "nil") -- not pressing
12:23:34   on page 'other': C=FIRE  U=SRCH PILOT LOS  R=NO MSL  D=TRACKING  FU=HOLD FIRE  FR=TGT PILOT  FD=SRCH 9K113 LOS  FL=CM MENU
12:23:34     !! L does not offer "CLOSE" (shows "nil") -- not pressing
12:23:34   on page 'other': C=FIRE  U=SRCH PILOT LOS  R=NO MSL  D=TRACKING  FU=HOLD FIRE  FR=TGT PILOT  FD=SRCH 9K113 LOS  FL=CM MENU
12:23:34     !! L does not offer "CLOSE" (shows "nil") -- not pressing
12:23:34   on page 'other': C=FIRE  U=SRCH PILOT LOS  R=NO MSL  D=TRACKING  FU=HOLD FIRE  FR=TGT PILOT  FD=SRCH 9K113 LOS  FL=CM MENU
12:23:34     !! L does not offer "CLOSE" (shows "nil") -- not pressing
12:23:34   on page 'other': C=FIRE  U=SRCH PILOT LOS  R=NO MSL  D=TRACKING  FU=HOLD FIRE  FR=TGT PILOT  FD=SRCH 9K113 LOS  FL=CM MENU
12:23:34     !! L does not offer "CLOSE" (shows "nil") -- not pressing
12:23:34   on page 'other': C=FIRE  U=SRCH PILOT LOS  R=NO MSL  D=TRACKING  FU=HOLD FIRE  FR=TGT PILOT  FD=SRCH 9K113 LOS  FL=CM MENU
12:23:34     !! L does not offer "CLOSE" (shows "nil") -- not pressing
12:23:34   on page 'other': C=FIRE  U=SRCH PILOT LOS  R=NO MSL  D=TRACKING  FU=HOLD FIRE  FR=TGT PILOT  FD=SRCH 9K113 LOS  FL=CM MENU
12:23:34     !! L does not offer "CLOSE" (shows "nil") -- not pressing
12:23:34   on page 'other': C=FIRE  U=SRCH PILOT LOS  R=NO MSL  D=TRACKING  FU=HOLD FIRE  FR=TGT PILOT  FD=SRCH 9K113 LOS  FL=CM MENU
12:23:34     !! L does not offer "CLOSE" (shows "nil") -- not pressing
12:23:34   on page 'other': C=FIRE  U=SRCH PILOT LOS  R=NO MSL  D=TRACKING  FU=HOLD FIRE  FR=TGT PILOT  FD=SRCH 9K113 LOS  FL=CM MENU
12:23:34     !! L does not offer "CLOSE" (shows "nil") -- not pressing
12:23:34   on page 'other': C=FIRE  U=SRCH PILOT LOS  R=NO MSL  D=TRACKING  FU=HOLD FIRE  FR=TGT PILOT  FD=SRCH 9K113 LOS  FL=CM MENU
12:23:34     !! L does not offer "CLOSE" (shows "nil") -- not pressing
12:23:34   on page 'other': C=FIRE  U=SRCH PILOT LOS  R=NO MSL  D=TRACKING  FU=HOLD FIRE  FR=TGT PILOT  FD=SRCH 9K113 LOS  FL=CM MENU
12:23:34     !! L does not offer "CLOSE" (shows "nil") -- not pressing
12:23:34   on page 'other': C=FIRE  U=SRCH PILOT LOS  R=NO MSL  D=TRACKING  FU=HOLD FIRE  FR=TGT PILOT  FD=SRCH 9K113 LOS  FL=CM MENU
12:23:34     !! L does not offer "CLOSE" (shows "nil") -- not pressing
12:23:34   on page 'other': C=FIRE  U=SRCH PILOT LOS  R=NO MSL  D=TRACKING  FU=HOLD FIRE  FR=TGT PILOT  FD=SRCH 9K113 LOS  FL=CM MENU
12:23:34     !! L does not offer "CLOSE" (shows "nil") -- not pressing
12:23:34   on page 'other': C=FIRE  U=SRCH PILOT LOS  R=NO MSL  D=TRACKING  FU=HOLD FIRE  FR=TGT PILOT  FD=SRCH 9K113 LOS  FL=CM MENU
12:23:34     !! L does not offer "CLOSE" (shows "nil") -- not pressing
12:23:34   on page 'other': C=FIRE  U=SRCH PILOT LOS  R=NO MSL  D=TRACKING  FU=HOLD FIRE  FR=TGT PILOT  FD=SRCH 9K113 LOS  FL=CM MENU
12:23:34     !! L does not offer "CLOSE" (shows "nil") -- not pressing
12:23:34   on page 'other': C=FIRE  U=SRCH PILOT LOS  R=NO MSL  D=TRACKING  FU=HOLD FIRE  FR=TGT PILOT  FD=SRCH 9K113 LOS  FL=CM MENU
12:23:34     !! L does not offer "CLOSE" (shows "nil") -- not pressing
12:23:34   on page 'other': C=FIRE  U=SRCH PILOT LOS  R=NO MSL  D=TRACKING  FU=HOLD FIRE  FR=TGT PILOT  FD=SRCH 9K113 LOS  FL=CM MENU
12:23:34     !! L does not offer "CLOSE" (shows "nil") -- not pressing
12:23:34   on page 'other': C=FIRE  U=SRCH PILOT LOS  R=NO MSL  D=TRACKING  FU=HOLD FIRE  FR=TGT PILOT  FD=SRCH 9K113 LOS  FL=CM MENU
12:23:34     !! L does not offer "CLOSE" (shows "nil") -- not pressing
12:23:34   on page 'other': C=FIRE  U=SRCH PILOT LOS  R=NO MSL  D=TRACKING  FU=HOLD FIRE  FR=TGT PILOT  FD=SRCH 9K113 LOS  FL=CM MENU
12:23:34     !! L does not offer "CLOSE" (shows "nil") -- not pressing
12:23:34   on page 'other': C=FIRE  U=SRCH PILOT LOS  R=NO MSL  D=TRACKING  FU=HOLD FIRE  FR=TGT PILOT  FD=SRCH 9K113 LOS  FL=CM MENU
12:23:34     !! L does not offer "CLOSE" (shows "nil") -- not pressing
12:23:34   on page 'other': C=FIRE  U=SRCH PILOT LOS  R=NO MSL  D=TRACKING  FU=HOLD FIRE  FR=TGT PILOT  FD=SRCH 9K113 LOS  FL=CM MENU
12:23:34     !! L does not offer "CLOSE" (shows "nil") -- not pressing
12:23:34   on page 'other': C=FIRE  U=SRCH PILOT LOS  R=NO MSL  D=TRACKING  FU=HOLD FIRE  FR=TGT PILOT  FD=SRCH 9K113 LOS  FL=CM MENU
12:23:34     !! L does not offer "CLOSE" (shows "nil") -- not pressing
12:23:34   on page 'other': C=FIRE  U=SRCH PILOT LOS  R=NO MSL  D=TRACKING  FU=HOLD FIRE  FR=TGT PILOT  FD=SRCH 9K113 LOS  FL=CM MENU
12:23:34     !! L does not offer "CLOSE" (shows "nil") -- not pressing
12:23:34   on page 'other': C=FIRE  U=SRCH PILOT LOS  R=NO MSL  D=TRACKING  FU=HOLD FIRE  FR=TGT PILOT  FD=SRCH 9K113 LOS  FL=CM MENU
12:23:34     !! L does not offer "CLOSE" (shows "nil") -- not pressing
12:23:34   on page 'other': C=FIRE  U=SRCH PILOT LOS  R=NO MSL  D=TRACKING  FU=HOLD FIRE  FR=TGT PILOT  FD=SRCH 9K113 LOS  FL=CM MENU
12:23:34     !! L does not offer "CLOSE" (shows "nil") -- not pressing
12:23:34   on page 'other': C=FIRE  U=SRCH PILOT LOS  R=NO MSL  D=TRACKING  FU=HOLD FIRE  FR=TGT PILOT  FD=SRCH 9K113 LOS  FL=CM MENU
12:23:34     !! L does not offer "CLOSE" (shows "nil") -- not pressing
12:23:34   on page 'other': C=FIRE  U=SRCH PILOT LOS  R=NO MSL  D=TRACKING  FU=HOLD FIRE  FR=TGT PILOT  FD=SRCH 9K113 LOS  FL=CM MENU
12:23:34     !! L does not offer "CLOSE" (shows "nil") -- not pressing
12:23:34   on page 'other': C=FIRE  U=SRCH PILOT LOS  R=NO MSL  D=TRACKING  FU=HOLD FIRE  FR=TGT PILOT  FD=SRCH 9K113 LOS  FL=CM MENU
12:23:34     !! L does not offer "CLOSE" (shows "nil") -- not pressing
12:23:34   on page 'other': C=FIRE  U=SRCH PILOT LOS  R=NO MSL  D=TRACKING  FU=HOLD FIRE  FR=TGT PILOT  FD=SRCH 9K113 LOS  FL=CM MENU
12:23:34     !! L does not offer "CLOSE" (shows "nil") -- not pressing
12:23:34   on page 'other': C=FIRE  U=SRCH PILOT LOS  R=NO MSL  D=TRACKING  FU=HOLD FIRE  FR=TGT PILOT  FD=SRCH 9K113 LOS  FL=CM MENU
12:23:34     !! L does not offer "CLOSE" (shows "nil") -- not pressing
12:23:34   on page 'other': C=FIRE  U=SRCH PILOT LOS  R=NO MSL  D=TRACKING  FU=HOLD FIRE  FR=TGT PILOT  FD=SRCH 9K113 LOS  FL=CM MENU
12:23:34     !! L does not offer "CLOSE" (shows "nil") -- not pressing
12:23:34   on page 'other': C=FIRE  U=SRCH PILOT LOS  R=NO MSL  D=TRACKING  FU=HOLD FIRE  FR=TGT PILOT  FD=SRCH 9K113 LOS  FL=CM MENU
12:23:34     !! L does not offer "CLOSE" (shows "nil") -- not pressing
12:23:34   on page 'other': C=FIRE  U=SRCH PILOT LOS  R=NO MSL  D=TRACKING  FU=HOLD FIRE  FR=TGT PILOT  FD=SRCH 9K113 LOS  FL=CM MENU
12:23:34     !! L does not offer "CLOSE" (shows "nil") -- not pressing
12:23:34   on page 'other': C=FIRE  U=SRCH PILOT LOS  R=NO MSL  D=TRACKING  FU=HOLD FIRE  FR=TGT PILOT  FD=SRCH 9K113 LOS  FL=CM MENU
12:23:34     !! L does not offer "CLOSE" (shows "nil") -- not pressing
12:23:34   on page 'other': C=FIRE  U=SRCH PILOT LOS  R=NO MSL  D=TRACKING  FU=HOLD FIRE  FR=TGT PILOT  FD=SRCH 9K113 LOS  FL=CM MENU
12:23:34     !! L does not offer "CLOSE" (shows "nil") -- not pressing
12:23:34   on page 'other': C=FIRE  U=SRCH PILOT LOS  R=NO MSL  D=TRACKING  FU=HOLD FIRE  FR=TGT PILOT  FD=SRCH 9K113 LOS  FL=CM MENU
12:23:34     !! L does not offer "CLOSE" (shows "nil") -- not pressing
12:23:34   on page 'other': C=FIRE  U=SRCH PILOT LOS  R=NO MSL  D=TRACKING  FU=HOLD FIRE  FR=TGT PILOT  FD=SRCH 9K113 LOS  FL=CM MENU
12:23:34     !! L does not offer "CLOSE" (shows "nil") -- not pressing
12:23:34   on page 'other': C=FIRE  U=SRCH PILOT LOS  R=NO MSL  D=TRACKING  FU=HOLD FIRE  FR=TGT PILOT  FD=SRCH 9K113 LOS  FL=CM MENU
12:23:34     !! L does not offer "CLOSE" (shows "nil") -- not pressing
12:23:34   on page 'other': C=FIRE  U=SRCH PILOT LOS  R=NO MSL  D=TRACKING  FU=HOLD FIRE  FR=TGT PILOT  FD=SRCH 9K113 LOS  FL=CM MENU
12:23:34     !! L does not offer "CLOSE" (shows "nil") -- not pressing
12:23:34   on page 'other': C=FIRE  U=SRCH PILOT LOS  R=NO MSL  D=TRACKING  FU=HOLD FIRE  FR=TGT PILOT  FD=SRCH 9K113 LOS  FL=CM MENU
12:23:34     !! L does not offer "CLOSE" (shows "nil") -- not pressing
12:23:34   on page 'other': C=FIRE  U=SRCH PILOT LOS  R=NO MSL  D=TRACKING  FU=HOLD FIRE  FR=TGT PILOT  FD=SRCH 9K113 LOS  FL=CM MENU
12:23:34     !! L does not offer "CLOSE" (shows "nil") -- not pressing
12:23:34   on page 'other': C=FIRE  U=SRCH PILOT LOS  R=NO MSL  D=TRACKING  FU=HOLD FIRE  FR=TGT PILOT  FD=SRCH 9K113 LOS  FL=CM MENU
12:23:34     !! L does not offer "CLOSE" (shows "nil") -- not pressing
12:23:34   on page 'other': C=FIRE  U=SRCH PILOT LOS  R=NO MSL  D=TRACKING  FU=HOLD FIRE  FR=TGT PILOT  FD=SRCH 9K113 LOS  FL=CM MENU
12:23:34     !! L does not offer "CLOSE" (shows "nil") -- not pressing
12:23:34   on page 'other': C=FIRE  U=SRCH PILOT LOS  R=NO MSL  D=TRACKING  FU=HOLD FIRE  FR=TGT PILOT  FD=SRCH 9K113 LOS  FL=CM MENU
12:23:34     !! L does not offer "CLOSE" (shows "nil") -- not pressing
12:23:34   on page 'other': C=FIRE  U=SRCH PILOT LOS  R=NO MSL  D=TRACKING  FU=HOLD FIRE  FR=TGT PILOT  FD=SRCH 9K113 LOS  FL=CM MENU
12:23:34     !! L does not offer "CLOSE" (shows "nil") -- not pressing
12:23:34   on page 'other': C=FIRE  U=SRCH PILOT LOS  R=NO MSL  D=TRACKING  FU=HOLD FIRE  FR=TGT PILOT  FD=SRCH 9K113 LOS  FL=CM MENU
12:23:34     !! L does not offer "CLOSE" (shows "nil") -- not pressing
12:23:34   on page 'other': C=FIRE  U=SRCH PILOT LOS  R=NO MSL  D=TRACKING  FU=HOLD FIRE  FR=TGT PILOT  FD=SRCH 9K113 LOS  FL=CM MENU
12:23:34     !! L does not offer "CLOSE" (shows "nil") -- not pressing
12:23:34   on page 'other': C=FIRE  U=SRCH PILOT LOS  R=NO MSL  D=TRACKING  FU=HOLD FIRE  FR=TGT PILOT  FD=SRCH 9K113 LOS  FL=CM MENU
12:23:34     !! L does not offer "CLOSE" (shows "nil") -- not pressing
12:23:34   on page 'other': C=FIRE  U=SRCH PILOT LOS  R=NO MSL  D=TRACKING  FU=HOLD FIRE  FR=TGT PILOT  FD=SRCH 9K113 LOS  FL=CM MENU
12:23:34     !! L does not offer "CLOSE" (shows "nil") -- not pressing
12:23:34   on page 'other': C=FIRE  U=SRCH PILOT LOS  R=NO MSL  D=TRACKING  FU=HOLD FIRE  FR=TGT PILOT  FD=SRCH 9K113 LOS  FL=CM MENU
12:23:34     !! L does not offer "CLOSE" (shows "nil") -- not pressing
12:23:34   on page 'other': C=FIRE  U=SRCH PILOT LOS  R=NO MSL  D=TRACKING  FU=HOLD FIRE  FR=TGT PILOT  FD=SRCH 9K113 LOS  FL=CM MENU
12:23:34     !! L does not offer "CLOSE" (shows "nil") -- not pressing
12:23:34   on page 'other': C=FIRE  U=SRCH PILOT LOS  R=NO MSL  D=TRACKING  FU=HOLD FIRE  FR=TGT PILOT  FD=SRCH 9K113 LOS  FL=CM MENU
12:23:34     !! L does not offer "CLOSE" (shows "nil") -- not pressing
12:23:34   on page 'other': C=FIRE  U=SRCH PILOT LOS  R=NO MSL  D=TRACKING  FU=HOLD FIRE  FR=TGT PILOT  FD=SRCH 9K113 LOS  FL=CM MENU
12:23:34     !! L does not offer "CLOSE" (shows "nil") -- not pressing
12:23:34   on page 'other': C=FIRE  U=SRCH PILOT LOS  R=NO MSL  D=TRACKING  FU=HOLD FIRE  FR=TGT PILOT  FD=SRCH 9K113 LOS  FL=CM MENU
12:23:34     !! L does not offer "CLOSE" (shows "nil") -- not pressing
12:23:34   on page 'other': C=FIRE  U=SRCH PILOT LOS  R=NO MSL  D=TRACKING  FU=HOLD FIRE  FR=TGT PILOT  FD=SRCH 9K113 LOS  FL=CM MENU
12:23:34     !! L does not offer "CLOSE" (shows "nil") -- not pressing
12:23:34   on page 'other': C=FIRE  U=SRCH PILOT LOS  R=NO MSL  D=TRACKING  FU=HOLD FIRE  FR=TGT PILOT  FD=SRCH 9K113 LOS  FL=CM MENU
12:23:34     !! L does not offer "CLOSE" (shows "nil") -- not pressing
12:23:35   on page 'other': C=FIRE  U=SRCH PILOT LOS  R=NO MSL  D=TRACKING  FU=HOLD FIRE  FR=TGT PILOT  FD=SRCH 9K113 LOS  FL=CM MENU
12:23:35     !! L does not offer "CLOSE" (shows "nil") -- not pressing
12:23:35   on page 'other': C=FIRE  U=SRCH PILOT LOS  R=NO MSL  D=TRACKING  FU=HOLD FIRE  FR=TGT PILOT  FD=SRCH 9K113 LOS  FL=CM MENU
12:23:35     !! L does not offer "CLOSE" (shows "nil") -- not pressing
12:23:35   on page 'other': C=FIRE  U=SRCH PILOT LOS  R=NO MSL  D=TRACKING  FU=HOLD FIRE  FR=TGT PILOT  FD=SRCH 9K113 LOS  FL=CM MENU
12:23:35     !! L does not offer "CLOSE" (shows "nil") -- not pressing
12:23:35   on page 'other': C=FIRE  U=SRCH PILOT LOS  R=NO MSL  D=TRACKING  FU=HOLD FIRE  FR=TGT PILOT  FD=SRCH 9K113 LOS  FL=CM MENU
12:23:35     !! L does not offer "CLOSE" (shows "nil") -- not pressing
12:23:35   on page 'other': C=FIRE  U=SRCH PILOT LOS  R=NO MSL  D=TRACKING  FU=HOLD FIRE  FR=TGT PILOT  FD=SRCH 9K113 LOS  FL=CM MENU
12:23:35     !! L does not offer "CLOSE" (shows "nil") -- not pressing
12:23:35   on page 'other': C=FIRE  U=SRCH PILOT LOS  R=NO MSL  D=TRACKING  FU=HOLD FIRE  FR=TGT PILOT  FD=SRCH 9K113 LOS  FL=CM MENU
12:23:35     !! L does not offer "CLOSE" (shows "nil") -- not pressing
12:23:35   on page 'other': C=FIRE  U=SRCH PILOT LOS  R=NO MSL  D=TRACKING  FU=HOLD FIRE  FR=TGT PILOT  FD=SRCH 9K113 LOS  FL=CM MENU
12:23:35     !! L does not offer "CLOSE" (shows "nil") -- not pressing
12:23:35   on page 'other': C=FIRE  U=SRCH PILOT LOS  R=NO MSL  D=TRACKING  FU=HOLD FIRE  FR=TGT PILOT  FD=SRCH 9K113 LOS  FL=CM MENU
12:23:35     !! L does not offer "CLOSE" (shows "nil") -- not pressing
12:23:35   on page 'other': C=FIRE  U=SRCH PILOT LOS  R=NO MSL  D=TRACKING  FU=HOLD FIRE  FR=TGT PILOT  FD=SRCH 9K113 LOS  FL=CM MENU
12:23:35     !! L does not offer "CLOSE" (shows "nil") -- not pressing
12:23:35   on page 'other': C=FIRE  U=SRCH PILOT LOS  R=NO MSL  D=TRACKING  FU=HOLD FIRE  FR=TGT PILOT  FD=SRCH 9K113 LOS  FL=CM MENU
12:23:35     !! L does not offer "CLOSE" (shows "nil") -- not pressing
12:23:35   on page 'other': C=FIRE  U=SRCH PILOT LOS  R=NO MSL  D=TRACKING  FU=HOLD FIRE  FR=TGT PILOT  FD=SRCH 9K113 LOS  FL=CM MENU
12:23:35     !! L does not offer "CLOSE" (shows "nil") -- not pressing
12:23:35   on page 'other': C=FIRE  U=SRCH PILOT LOS  R=NO MSL  D=TRACKING  FU=HOLD FIRE  FR=TGT PILOT  FD=SRCH 9K113 LOS  FL=CM MENU
12:23:35     !! L does not offer "CLOSE" (shows "nil") -- not pressing
12:23:35   on page 'other': C=FIRE  U=SRCH PILOT LOS  R=NO MSL  D=TRACKING  FU=HOLD FIRE  FR=TGT PILOT  FD=SRCH 9K113 LOS  FL=CM MENU
12:23:35     !! L does not offer "CLOSE" (shows "nil") -- not pressing
12:23:35   on page 'other': C=FIRE  U=SRCH PILOT LOS  R=NO MSL  D=TRACKING  FU=HOLD FIRE  FR=TGT PILOT  FD=SRCH 9K113 LOS  FL=CM MENU
12:23:35     !! L does not offer "CLOSE" (shows "nil") -- not pressing
12:23:35   on page 'other': C=FIRE  U=SRCH PILOT LOS  R=NO MSL  D=TRACKING  FU=HOLD FIRE  FR=TGT PILOT  FD=SRCH 9K113 LOS  FL=CM MENU
12:23:35     !! L does not offer "CLOSE" (shows "nil") -- not pressing
12:23:35   on page 'other': C=FIRE  U=SRCH PILOT LOS  R=NO MSL  D=TRACKING  FU=HOLD FIRE  FR=TGT PILOT  FD=SRCH 9K113 LOS  FL=CM MENU
12:23:35     !! L does not offer "CLOSE" (shows "nil") -- not pressing
12:23:35   on page 'other': C=FIRE  U=SRCH PILOT LOS  R=NO MSL  D=TRACKING  FU=HOLD FIRE  FR=TGT PILOT  FD=SRCH 9K113 LOS  FL=CM MENU
12:23:35     !! L does not offer "CLOSE" (shows "nil") -- not pressing
12:23:35   on page 'other': C=FIRE  U=SRCH PILOT LOS  R=NO MSL  D=TRACKING  FU=HOLD FIRE  FR=TGT PILOT  FD=SRCH 9K113 LOS  FL=CM MENU
12:23:35     !! L does not offer "CLOSE" (shows "nil") -- not pressing
12:23:35   on page 'other': C=FIRE  U=SRCH PILOT LOS  R=NO MSL  D=TRACKING  FU=HOLD FIRE  FR=TGT PILOT  FD=SRCH 9K113 LOS  FL=CM MENU
12:23:35     !! L does not offer "CLOSE" (shows "nil") -- not pressing
12:23:35   on page 'other': C=FIRE  U=SRCH PILOT LOS  R=NO MSL  D=TRACKING  FU=HOLD FIRE  FR=TGT PILOT  FD=SRCH 9K113 LOS  FL=CM MENU
12:23:35     !! L does not offer "CLOSE" (shows "nil") -- not pressing
12:23:35   on page 'other': C=FIRE  U=SRCH PILOT LOS  R=NO MSL  D=TRACKING  FU=HOLD FIRE  FR=TGT PILOT  FD=SRCH 9K113 LOS  FL=CM MENU
12:23:35     !! L does not offer "CLOSE" (shows "nil") -- not pressing
12:23:35   on page 'other': C=FIRE  U=SRCH PILOT LOS  R=NO MSL  D=TRACKING  FU=HOLD FIRE  FR=TGT PILOT  FD=SRCH 9K113 LOS  FL=CM MENU
12:23:35     !! L does not offer "CLOSE" (shows "nil") -- not pressing
12:23:35   on page 'other': C=FIRE  U=SRCH PILOT LOS  R=NO MSL  D=TRACKING  FU=HOLD FIRE  FR=TGT PILOT  FD=SRCH 9K113 LOS  FL=CM MENU
12:23:35     !! L does not offer "CLOSE" (shows "nil") -- not pressing
12:23:35   on page 'other': C=FIRE  U=SRCH PILOT LOS  R=NO MSL  D=TRACKING  FU=HOLD FIRE  FR=TGT PILOT  FD=SRCH 9K113 LOS  FL=CM MENU
12:23:35     !! L does not offer "CLOSE" (shows "nil") -- not pressing
12:23:35   on page 'other': C=FIRE  U=SRCH PILOT LOS  R=NO MSL  D=TRACKING  FU=HOLD FIRE  FR=TGT PILOT  FD=SRCH 9K113 LOS  FL=CM MENU
12:23:35     !! L does not offer "CLOSE" (shows "nil") -- not pressing
12:23:35   on page 'other': C=FIRE  U=SRCH PILOT LOS  R=NO MSL  D=TRACKING  FU=HOLD FIRE  FR=TGT PILOT  FD=SRCH 9K113 LOS  FL=CM MENU
12:23:35     !! L does not offer "CLOSE" (shows "nil") -- not pressing
12:23:35   on page 'other': C=FIRE  U=SRCH PILOT LOS  R=NO MSL  D=TRACKING  FU=HOLD FIRE  FR=TGT PILOT  FD=SRCH 9K113 LOS  FL=CM MENU
12:23:35     !! L does not offer "CLOSE" (shows "nil") -- not pressing
12:23:35   on page 'other': C=FIRE  U=SRCH PILOT LOS  R=NO MSL  D=TRACKING  FU=HOLD FIRE  FR=TGT PILOT  FD=SRCH 9K113 LOS  FL=CM MENU
12:23:35     !! L does not offer "CLOSE" (shows "nil") -- not pressing
12:23:35   on page 'other': C=FIRE  U=SRCH PILOT LOS  R=NO MSL  D=TRACKING  FU=HOLD FIRE  FR=TGT PILOT  FD=SRCH 9K113 LOS  FL=CM MENU
12:23:35     !! L does not offer "CLOSE" (shows "nil") -- not pressing
12:23:35   on page 'other': C=FIRE  U=SRCH PILOT LOS  R=NO MSL  D=TRACKING  FU=HOLD FIRE  FR=TGT PILOT  FD=SRCH 9K113 LOS  FL=CM MENU
12:23:35     !! L does not offer "CLOSE" (shows "nil") -- not pressing
12:23:35   on page 'other': C=FIRE  U=SRCH PILOT LOS  R=NO MSL  D=TRACKING  FU=HOLD FIRE  FR=TGT PILOT  FD=SRCH 9K113 LOS  FL=CM MENU
12:23:35     !! L does not offer "CLOSE" (shows "nil") -- not pressing
12:23:35   on page 'other': C=FIRE  U=SRCH PILOT LOS  R=NO MSL  D=TRACKING  FU=HOLD FIRE  FR=TGT PILOT  FD=SRCH 9K113 LOS  FL=CM MENU
12:23:35     !! L does not offer "CLOSE" (shows "nil") -- not pressing
12:23:35   on page 'other': C=FIRE  U=SRCH PILOT LOS  R=NO MSL  D=TRACKING  FU=HOLD FIRE  FR=TGT PILOT  FD=SRCH 9K113 LOS  FL=CM MENU
12:23:35     !! L does not offer "CLOSE" (shows "nil") -- not pressing
12:23:35   on page 'other': C=FIRE  U=SRCH PILOT LOS  R=NO MSL  D=TRACKING  FU=HOLD FIRE  FR=TGT PILOT  FD=SRCH 9K113 LOS  FL=CM MENU
12:23:35     !! L does not offer "CLOSE" (shows "nil") -- not pressing
12:23:35   on page 'other': C=FIRE  U=SRCH PILOT LOS  R=NO MSL  D=TRACKING  FU=HOLD FIRE  FR=TGT PILOT  FD=SRCH 9K113 LOS  FL=CM MENU
12:23:35     !! L does not offer "CLOSE" (shows "nil") -- not pressing
12:23:35   on page 'other': C=FIRE  U=SRCH PILOT LOS  R=NO MSL  D=TRACKING  FU=HOLD FIRE  FR=TGT PILOT  FD=SRCH 9K113 LOS  FL=CM MENU
12:23:35     !! L does not offer "CLOSE" (shows "nil") -- not pressing
12:23:35   on page 'other': C=FIRE  U=SRCH PILOT LOS  R=NO MSL  D=TRACKING  FU=HOLD FIRE  FR=TGT PILOT  FD=SRCH 9K113 LOS  FL=CM MENU
12:23:35     !! L does not offer "CLOSE" (shows "nil") -- not pressing
12:23:35   on page 'other': C=FIRE  U=SRCH PILOT LOS  R=NO MSL  D=TRACKING  FU=HOLD FIRE  FR=TGT PILOT  FD=SRCH 9K113 LOS  FL=CM MENU
12:23:35     !! L does not offer "CLOSE" (shows "nil") -- not pressing
12:23:35   on page 'other': C=FIRE  U=SRCH PILOT LOS  R=NO MSL  D=TRACKING  FU=HOLD FIRE  FR=TGT PILOT  FD=SRCH 9K113 LOS  FL=CM MENU
12:23:35     !! L does not offer "CLOSE" (shows "nil") -- not pressing
12:23:35   on page 'other': C=FIRE  U=SRCH PILOT LOS  R=NO MSL  D=TRACKING  FU=HOLD FIRE  FR=TGT PILOT  FD=SRCH 9K113 LOS  FL=CM MENU
12:23:35     !! L does not offer "CLOSE" (shows "nil") -- not pressing
12:23:35   on page 'other': C=FIRE  U=SRCH PILOT LOS  R=NO MSL  D=TRACKING  FU=HOLD FIRE  FR=TGT PILOT  FD=SRCH 9K113 LOS  FL=CM MENU
12:23:35     !! L does not offer "CLOSE" (shows "nil") -- not pressing
12:23:35   on page 'other': C=FIRE  U=SRCH PILOT LOS  R=NO MSL  D=TRACKING  FU=HOLD FIRE  FR=TGT PILOT  FD=SRCH 9K113 LOS  FL=CM MENU
12:23:35     !! L does not offer "CLOSE" (shows "nil") -- not pressing
12:23:35   on page 'other': C=FIRE  U=SRCH PILOT LOS  R=NO MSL  D=TRACKING  FU=HOLD FIRE  FR=TGT PILOT  FD=SRCH 9K113 LOS  FL=CM MENU
12:23:35     !! L does not offer "CLOSE" (shows "nil") -- not pressing
12:23:35   on page 'other': C=FIRE  U=SRCH PILOT LOS  R=NO MSL  D=TRACKING  FU=HOLD FIRE  FR=TGT PILOT  FD=SRCH 9K113 LOS  FL=CM MENU
12:23:35     !! L does not offer "CLOSE" (shows "nil") -- not pressing
12:23:35   on page 'other': C=FIRE  U=SRCH PILOT LOS  R=NO MSL  D=TRACKING  FU=HOLD FIRE  FR=TGT PILOT  FD=SRCH 9K113 LOS  FL=CM MENU
12:23:35     !! L does not offer "CLOSE" (shows "nil") -- not pressing
12:23:35   on page 'other': C=FIRE  U=SRCH PILOT LOS  R=NO MSL  D=TRACKING  FU=HOLD FIRE  FR=TGT PILOT  FD=SRCH 9K113 LOS  FL=CM MENU
12:23:35     !! L does not offer "CLOSE" (shows "nil") -- not pressing
12:23:35   on page 'other': C=FIRE  U=SRCH PILOT LOS  R=NO MSL  D=TRACKING  FU=HOLD FIRE  FR=TGT PILOT  FD=SRCH 9K113 LOS  FL=CM MENU
12:23:35     !! L does not offer "CLOSE" (shows "nil") -- not pressing
12:23:35   on page 'other': C=FIRE  U=SRCH PILOT LOS  R=NO MSL  D=TRACKING  FU=HOLD FIRE  FR=TGT PILOT  FD=SRCH 9K113 LOS  FL=CM MENU
12:23:35     !! L does not offer "CLOSE" (shows "nil") -- not pressing
12:23:35   on page 'other': C=FIRE  U=SRCH PILOT LOS  R=NO MSL  D=TRACKING  FU=HOLD FIRE  FR=TGT PILOT  FD=SRCH 9K113 LOS  FL=CM MENU
12:23:35     !! L does not offer "CLOSE" (shows "nil") -- not pressing
12:23:35   on page 'other': C=FIRE  U=SRCH PILOT LOS  R=NO MSL  D=TRACKING  FU=HOLD FIRE  FR=TGT PILOT  FD=SRCH 9K113 LOS  FL=CM MENU
12:23:35     !! L does not offer "CLOSE" (shows "nil") -- not pressing
12:23:35   on page 'other': C=FIRE  U=SRCH PILOT LOS  R=NO MSL  D=TRACKING  FU=HOLD FIRE  FR=TGT PILOT  FD=SRCH 9K113 LOS  FL=CM MENU
12:23:35     !! L does not offer "CLOSE" (shows "nil") -- not pressing
12:23:35   on page 'other': C=FIRE  U=SRCH PILOT LOS  R=NO MSL  D=TRACKING  FU=HOLD FIRE  FR=TGT PILOT  FD=SRCH 9K113 LOS  FL=CM MENU
12:23:35     !! L does not offer "CLOSE" (shows "nil") -- not pressing
12:23:35   on page 'other': C=FIRE  U=SRCH PILOT LOS  R=NO MSL  D=TRACKING  FU=HOLD FIRE  FR=TGT PILOT  FD=SRCH 9K113 LOS  FL=CM MENU
12:23:35     !! L does not offer "CLOSE" (shows "nil") -- not pressing
12:23:35   on page 'other': C=FIRE  U=SRCH PILOT LOS  R=NO MSL  D=TRACKING  FU=HOLD FIRE  FR=TGT PILOT  FD=SRCH 9K113 LOS  FL=CM MENU
12:23:35     !! L does not offer "CLOSE" (shows "nil") -- not pressing
12:23:35   on page 'other': C=FIRE  U=SRCH PILOT LOS  R=NO MSL  D=TRACKING  FU=HOLD FIRE  FR=TGT PILOT  FD=SRCH 9K113 LOS  FL=CM MENU
12:23:35     !! L does not offer "CLOSE" (shows "nil") -- not pressing
12:23:35   on page 'other': C=FIRE  U=SRCH PILOT LOS  R=NO MSL  D=TRACKING  FU=HOLD FIRE  FR=TGT PILOT  FD=SRCH 9K113 LOS  FL=CM MENU
12:23:35     !! L does not offer "CLOSE" (shows "nil") -- not pressing
12:23:35   on page 'other': C=FIRE  U=SRCH PILOT LOS  R=NO MSL  D=TRACKING  FU=HOLD FIRE  FR=TGT PILOT  FD=SRCH 9K113 LOS  FL=CM MENU
12:23:35     !! L does not offer "CLOSE" (shows "nil") -- not pressing
12:23:35   on page 'other': C=FIRE  U=SRCH PILOT LOS  R=NO MSL  D=TRACKING  FU=HOLD FIRE  FR=TGT PILOT  FD=SRCH 9K113 LOS  FL=CM MENU
12:23:35     !! L does not offer "CLOSE" (shows "nil") -- not pressing
12:23:35   on page 'other': C=FIRE  U=SRCH PILOT LOS  R=NO MSL  D=TRACKING  FU=HOLD FIRE  FR=TGT PILOT  FD=SRCH 9K113 LOS  FL=CM MENU
12:23:35     !! L does not offer "CLOSE" (shows "nil") -- not pressing
12:23:35   on page 'other': C=FIRE  U=SRCH PILOT LOS  R=NO MSL  D=TRACKING  FU=HOLD FIRE  FR=TGT PILOT  FD=SRCH 9K113 LOS  FL=CM MENU
12:23:35     !! L does not offer "CLOSE" (shows "nil") -- not pressing
12:23:35   on page 'other': C=FIRE  U=SRCH PILOT LOS  R=NO MSL  D=TRACKING  FU=HOLD FIRE  FR=TGT PILOT  FD=SRCH 9K113 LOS  FL=CM MENU
12:23:35     !! L does not offer "CLOSE" (shows "nil") -- not pressing
12:23:35   on page 'other': C=FIRE  U=SRCH PILOT LOS  R=NO MSL  D=TRACKING  FU=HOLD FIRE  FR=TGT PILOT  FD=SRCH 9K113 LOS  FL=CM MENU
12:23:35     !! L does not offer "CLOSE" (shows "nil") -- not pressing
12:23:35   on page 'other': C=FIRE  U=SRCH PILOT LOS  R=NO MSL  D=TRACKING  FU=HOLD FIRE  FR=TGT PILOT  FD=SRCH 9K113 LOS  FL=CM MENU
12:23:35     !! L does not offer "CLOSE" (shows "nil") -- not pressing
12:23:35   on page 'other': C=FIRE  U=SRCH PILOT LOS  R=NO MSL  D=TRACKING  FU=HOLD FIRE  FR=TGT PILOT  FD=SRCH 9K113 LOS  FL=CM MENU
12:23:35     !! L does not offer "CLOSE" (shows "nil") -- not pressing
12:23:35   on page 'other': C=FIRE  U=SRCH PILOT LOS  R=NO MSL  D=TRACKING  FU=HOLD FIRE  FR=TGT PILOT  FD=SRCH 9K113 LOS  FL=CM MENU
12:23:35     !! L does not offer "CLOSE" (shows "nil") -- not pressing
12:23:35   on page 'other': C=FIRE  U=SRCH PILOT LOS  R=NO MSL  D=TRACKING  FU=HOLD FIRE  FR=TGT PILOT  FD=SRCH 9K113 LOS  FL=CM MENU
12:23:35     !! L does not offer "CLOSE" (shows "nil") -- not pressing
12:23:35   on page 'other': C=FIRE  U=SRCH PILOT LOS  R=NO MSL  D=TRACKING  FU=HOLD FIRE  FR=TGT PILOT  FD=SRCH 9K113 LOS  FL=CM MENU
12:23:35     !! L does not offer "CLOSE" (shows "nil") -- not pressing
12:23:35   on page 'other': C=FIRE  U=SRCH PILOT LOS  R=NO MSL  D=TRACKING  FU=HOLD FIRE  FR=TGT PILOT  FD=SRCH 9K113 LOS  FL=CM MENU
12:23:35     !! L does not offer "CLOSE" (shows "nil") -- not pressing
12:23:35   on page 'other': C=FIRE  U=SRCH PILOT LOS  R=NO MSL  D=TRACKING  FU=HOLD FIRE  FR=TGT PILOT  FD=SRCH 9K113 LOS  FL=CM MENU
12:23:35     !! L does not offer "CLOSE" (shows "nil") -- not pressing
12:23:35   on page 'other': C=FIRE  U=SRCH PILOT LOS  R=NO MSL  D=TRACKING  FU=HOLD FIRE  FR=TGT PILOT  FD=SRCH 9K113 LOS  FL=CM MENU
12:23:35     !! L does not offer "CLOSE" (shows "nil") -- not pressing
12:23:35   on page 'other': C=FIRE  U=SRCH PILOT LOS  R=NO MSL  D=TRACKING  FU=HOLD FIRE  FR=TGT PILOT  FD=SRCH 9K113 LOS  FL=CM MENU
12:23:35     !! L does not offer "CLOSE" (shows "nil") -- not pressing
12:23:35   on page 'other': C=FIRE  U=SRCH PILOT LOS  R=NO MSL  D=TRACKING  FU=HOLD FIRE  FR=TGT PILOT  FD=SRCH 9K113 LOS  FL=CM MENU
12:23:35     !! L does not offer "CLOSE" (shows "nil") -- not pressing
12:23:35   on page 'other': C=FIRE  U=SRCH PILOT LOS  R=NO MSL  D=TRACKING  FU=HOLD FIRE  FR=TGT PILOT  FD=SRCH 9K113 LOS  FL=CM MENU
12:23:35     !! L does not offer "CLOSE" (shows "nil") -- not pressing
12:23:35   on page 'other': C=FIRE  U=SRCH PILOT LOS  R=NO MSL  D=TRACKING  FU=HOLD FIRE  FR=TGT PILOT  FD=SRCH 9K113 LOS  FL=CM MENU
12:23:35     !! L does not offer "CLOSE" (shows "nil") -- not pressing
12:23:35   on page 'other': C=FIRE  U=SRCH PILOT LOS  R=NO MSL  D=TRACKING  FU=HOLD FIRE  FR=TGT PILOT  FD=SRCH 9K113 LOS  FL=CM MENU
12:23:35     !! L does not offer "CLOSE" (shows "nil") -- not pressing
12:23:35   on page 'other': C=FIRE  U=SRCH PILOT LOS  R=NO MSL  D=TRACKING  FU=HOLD FIRE  FR=TGT PILOT  FD=SRCH 9K113 LOS  FL=CM MENU
12:23:35     !! L does not offer "CLOSE" (shows "nil") -- not pressing
12:23:35   on page 'other': C=FIRE  U=SRCH PILOT LOS  R=NO MSL  D=TRACKING  FU=HOLD FIRE  FR=TGT PILOT  FD=SRCH 9K113 LOS  FL=CM MENU
12:23:35     !! L does not offer "CLOSE" (shows "nil") -- not pressing
12:23:35   on page 'other': C=FIRE  U=SRCH PILOT LOS  R=NO MSL  D=TRACKING  FU=HOLD FIRE  FR=TGT PILOT  FD=SRCH 9K113 LOS  FL=CM MENU
12:23:35     !! L does not offer "CLOSE" (shows "nil") -- not pressing
12:23:35   on page 'other': C=FIRE  U=SRCH PILOT LOS  R=NO MSL  D=TRACKING  FU=HOLD FIRE  FR=TGT PILOT  FD=SRCH 9K113 LOS  FL=CM MENU
12:23:35     !! L does not offer "CLOSE" (shows "nil") -- not pressing
12:23:35   on page 'other': C=FIRE  U=SRCH PILOT LOS  R=NO MSL  D=TRACKING  FU=HOLD FIRE  FR=TGT PILOT  FD=SRCH 9K113 LOS  FL=CM MENU
12:23:35     !! L does not offer "CLOSE" (shows "nil") -- not pressing
12:23:36   on page 'other': C=FIRE  U=SRCH PILOT LOS  R=NO MSL  D=TRACKING  FU=HOLD FIRE  FR=TGT PILOT  FD=SRCH 9K113 LOS  FL=CM MENU
12:23:36     !! L does not offer "CLOSE" (shows "nil") -- not pressing
12:23:36   on page 'other': C=FIRE  U=SRCH PILOT LOS  R=NO MSL  D=TRACKING  FU=HOLD FIRE  FR=TGT PILOT  FD=SRCH 9K113 LOS  FL=CM MENU
12:23:36     !! L does not offer "CLOSE" (shows "nil") -- not pressing
12:23:36   on page 'other': C=FIRE  U=SRCH PILOT LOS  R=NO MSL  D=TRACKING  FU=HOLD FIRE  FR=TGT PILOT  FD=SRCH 9K113 LOS  FL=CM MENU
12:23:36     !! L does not offer "CLOSE" (shows "nil") -- not pressing
12:23:36   on page 'other': C=FIRE  U=SRCH PILOT LOS  R=NO MSL  D=TRACKING  FU=HOLD FIRE  FR=TGT PILOT  FD=SRCH 9K113 LOS  FL=CM MENU
12:23:36     !! L does not offer "CLOSE" (shows "nil") -- not pressing
12:23:36   on page 'other': C=FIRE  U=SRCH PILOT LOS  R=NO MSL  D=TRACKING  FU=HOLD FIRE  FR=TGT PILOT  FD=SRCH 9K113 LOS  FL=CM MENU
12:23:36     !! L does not offer "CLOSE" (shows "nil") -- not pressing
12:23:36   on page 'other': C=FIRE  U=SRCH PILOT LOS  R=NO MSL  D=TRACKING  FU=HOLD FIRE  FR=TGT PILOT  FD=SRCH 9K113 LOS  FL=CM MENU
12:23:36     !! L does not offer "CLOSE" (shows "nil") -- not pressing
12:23:36   on page 'other': C=FIRE  U=SRCH PILOT LOS  R=NO MSL  D=TRACKING  FU=HOLD FIRE  FR=TGT PILOT  FD=SRCH 9K113 LOS  FL=CM MENU
12:23:36     !! L does not offer "CLOSE" (shows "nil") -- not pressing
12:23:36   on page 'other': C=FIRE  U=SRCH PILOT LOS  R=NO MSL  D=TRACKING  FU=HOLD FIRE  FR=TGT PILOT  FD=SRCH 9K113 LOS  FL=CM MENU
12:23:36     !! L does not offer "CLOSE" (shows "nil") -- not pressing
12:23:36   on page 'other': C=FIRE  U=SRCH PILOT LOS  R=NO MSL  D=TRACKING  FU=HOLD FIRE  FR=TGT PILOT  FD=SRCH 9K113 LOS  FL=CM MENU
12:23:36     !! L does not offer "CLOSE" (shows "nil") -- not pressing
12:23:36   on page 'other': C=FIRE  U=SRCH PILOT LOS  R=NO MSL  D=TRACKING  FU=HOLD FIRE  FR=TGT PILOT  FD=SRCH 9K113 LOS  FL=CM MENU
12:23:36     !! L does not offer "CLOSE" (shows "nil") -- not pressing
12:23:36   on page 'other': C=FIRE  U=SRCH PILOT LOS  R=NO MSL  D=TRACKING  FU=HOLD FIRE  FR=TGT PILOT  FD=SRCH 9K113 LOS  FL=CM MENU
12:23:36     !! L does not offer "CLOSE" (shows "nil") -- not pressing
12:23:36   on page 'other': C=FIRE  U=SRCH PILOT LOS  R=NO MSL  D=TRACKING  FU=HOLD FIRE  FR=TGT PILOT  FD=SRCH 9K113 LOS  FL=CM MENU
12:23:36     !! L does not offer "CLOSE" (shows "nil") -- not pressing
12:23:36   on page 'other': C=FIRE  U=SRCH PILOT LOS  R=NO MSL  D=TRACKING  FU=HOLD FIRE  FR=TGT PILOT  FD=SRCH 9K113 LOS  FL=CM MENU
12:23:36     !! L does not offer "CLOSE" (shows "nil") -- not pressing
12:23:36   on page 'other': C=FIRE  U=SRCH PILOT LOS  R=NO MSL  D=TRACKING  FU=HOLD FIRE  FR=TGT PILOT  FD=SRCH 9K113 LOS  FL=CM MENU
12:23:36     !! L does not offer "CLOSE" (shows "nil") -- not pressing
12:23:36   on page 'other': C=FIRE  U=SRCH PILOT LOS  R=NO MSL  D=TRACKING  FU=HOLD FIRE  FR=TGT PILOT  FD=SRCH 9K113 LOS  FL=CM MENU
12:23:36     !! L does not offer "CLOSE" (shows "nil") -- not pressing
12:23:36   on page 'other': C=FIRE  U=SRCH PILOT LOS  R=NO MSL  D=TRACKING  FU=HOLD FIRE  FR=TGT PILOT  FD=SRCH 9K113 LOS  FL=CM MENU
12:23:36     !! L does not offer "CLOSE" (shows "nil") -- not pressing
12:23:36   on page 'other': C=FIRE  U=SRCH PILOT LOS  R=NO MSL  D=TRACKING  FU=HOLD FIRE  FR=TGT PILOT  FD=SRCH 9K113 LOS  FL=CM MENU
12:23:36     !! L does not offer "CLOSE" (shows "nil") -- not pressing
12:23:36   on page 'other': C=FIRE  U=SRCH PILOT LOS  R=NO MSL  D=TRACKING  FU=HOLD FIRE  FR=TGT PILOT  FD=SRCH 9K113 LOS  FL=CM MENU
12:23:36     !! L does not offer "CLOSE" (shows "nil") -- not pressing
12:23:36   on page 'other': C=FIRE  U=SRCH PILOT LOS  R=NO MSL  D=TRACKING  FU=HOLD FIRE  FR=TGT PILOT  FD=SRCH 9K113 LOS  FL=CM MENU
12:23:36     !! L does not offer "CLOSE" (shows "nil") -- not pressing
12:23:36   on page 'other': C=FIRE  U=SRCH PILOT LOS  R=NO MSL  D=TRACKING  FU=HOLD FIRE  FR=TGT PILOT  FD=SRCH 9K113 LOS  FL=CM MENU
12:23:36     !! L does not offer "CLOSE" (shows "nil") -- not pressing
12:23:36   on page 'other': C=FIRE  U=SRCH PILOT LOS  R=NO MSL  D=TRACKING  FU=HOLD FIRE  FR=TGT PILOT  FD=SRCH 9K113 LOS  FL=CM MENU
12:23:36     !! L does not offer "CLOSE" (shows "nil") -- not pressing
12:23:36   on page 'other': C=FIRE  U=SRCH PILOT LOS  R=NO MSL  D=TRACKING  FU=HOLD FIRE  FR=TGT PILOT  FD=SRCH 9K113 LOS  FL=CM MENU
12:23:36     !! L does not offer "CLOSE" (shows "nil") -- not pressing
12:23:36   on page 'other': C=FIRE  U=SRCH PILOT LOS  R=NO MSL  D=TRACKING  FU=HOLD FIRE  FR=TGT PILOT  FD=SRCH 9K113 LOS  FL=CM MENU
12:23:36     !! L does not offer "CLOSE" (shows "nil") -- not pressing
12:23:36   on page 'other': C=FIRE  U=SRCH PILOT LOS  R=NO MSL  D=TRACKING  FU=HOLD FIRE  FR=TGT PILOT  FD=SRCH 9K113 LOS  FL=CM MENU
12:23:36     !! L does not offer "CLOSE" (shows "nil") -- not pressing
12:23:36   on page 'other': C=FIRE  U=SRCH PILOT LOS  R=NO MSL  D=TRACKING  FU=HOLD FIRE  FR=TGT PILOT  FD=SRCH 9K113 LOS  FL=CM MENU
12:23:36     !! L does not offer "CLOSE" (shows "nil") -- not pressing
12:23:36   on page 'other': C=FIRE  U=SRCH PILOT LOS  R=NO MSL  D=TRACKING  FU=HOLD FIRE  FR=TGT PILOT  FD=SRCH 9K113 LOS  FL=CM MENU
12:23:36     !! L does not offer "CLOSE" (shows "nil") -- not pressing
12:23:36   on page 'other': C=FIRE  U=SRCH PILOT LOS  R=NO MSL  D=TRACKING  FU=HOLD FIRE  FR=TGT PILOT  FD=SRCH 9K113 LOS  FL=CM MENU
12:23:36     !! L does not offer "CLOSE" (shows "nil") -- not pressing
12:23:36   on page 'other': C=FIRE  U=SRCH PILOT LOS  R=NO MSL  D=TRACKING  FU=HOLD FIRE  FR=TGT PILOT  FD=SRCH 9K113 LOS  FL=CM MENU
12:23:36     !! L does not offer "CLOSE" (shows "nil") -- not pressing
12:23:36   on page 'other': C=FIRE  U=SRCH PILOT LOS  R=NO MSL  D=TRACKING  FU=HOLD FIRE  FR=TGT PILOT  FD=SRCH 9K113 LOS  FL=CM MENU
12:23:36     !! L does not offer "CLOSE" (shows "nil") -- not pressing
12:23:36   on page 'other': C=FIRE  U=SRCH PILOT LOS  R=NO MSL  D=TRACKING  FU=HOLD FIRE  FR=TGT PILOT  FD=SRCH 9K113 LOS  FL=CM MENU
12:23:36     !! L does not offer "CLOSE" (shows "nil") -- not pressing
12:23:36   on page 'other': C=FIRE  U=SRCH PILOT LOS  R=NO MSL  D=TRACKING  FU=HOLD FIRE  FR=TGT PILOT  FD=SRCH 9K113 LOS  FL=CM MENU
12:23:36     !! L does not offer "CLOSE" (shows "nil") -- not pressing
12:23:36   on page 'other': C=FIRE  U=SRCH PILOT LOS  R=NO MSL  D=TRACKING  FU=HOLD FIRE  FR=TGT PILOT  FD=SRCH 9K113 LOS  FL=CM MENU
12:23:36     !! L does not offer "CLOSE" (shows "nil") -- not pressing
12:23:36   on page 'other': C=FIRE  U=SRCH PILOT LOS  R=NO MSL  D=TRACKING  FU=HOLD FIRE  FR=TGT PILOT  FD=SRCH 9K113 LOS  FL=CM MENU
12:23:36     !! L does not offer "CLOSE" (shows "nil") -- not pressing
12:23:36   on page 'other': C=FIRE  U=SRCH PILOT LOS  R=NO MSL  D=TRACKING  FU=HOLD FIRE  FR=TGT PILOT  FD=SRCH 9K113 LOS  FL=CM MENU
12:23:36     !! L does not offer "CLOSE" (shows "nil") -- not pressing
12:23:36   on page 'other': C=FIRE  U=SRCH PILOT LOS  R=NO MSL  D=TRACKING  FU=HOLD FIRE  FR=TGT PILOT  FD=SRCH 9K113 LOS  FL=CM MENU
12:23:36     !! L does not offer "CLOSE" (shows "nil") -- not pressing
12:23:36   on page 'other': C=FIRE  U=SRCH PILOT LOS  R=NO MSL  D=TRACKING  FU=HOLD FIRE  FR=TGT PILOT  FD=SRCH 9K113 LOS  FL=CM MENU
12:23:36     !! L does not offer "CLOSE" (shows "nil") -- not pressing
12:23:36   on page 'other': C=FIRE  U=SRCH PILOT LOS  R=NO MSL  D=TRACKING  FU=HOLD FIRE  FR=TGT PILOT  FD=SRCH 9K113 LOS  FL=CM MENU
12:23:36     !! L does not offer "CLOSE" (shows "nil") -- not pressing
12:23:36   on page 'other': C=FIRE  U=SRCH PILOT LOS  R=NO MSL  D=TRACKING  FU=HOLD FIRE  FR=TGT PILOT  FD=SRCH 9K113 LOS  FL=CM MENU
12:23:36     !! L does not offer "CLOSE" (shows "nil") -- not pressing
12:23:36   on page 'other': C=FIRE  U=SRCH PILOT LOS  R=NO MSL  D=TRACKING  FU=HOLD FIRE  FR=TGT PILOT  FD=SRCH 9K113 LOS  FL=CM MENU
12:23:36     !! L does not offer "CLOSE" (shows "nil") -- not pressing
12:23:36   on page 'other': C=FIRE  U=SRCH PILOT LOS  R=NO MSL  D=TRACKING  FU=HOLD FIRE  FR=TGT PILOT  FD=SRCH 9K113 LOS  FL=CM MENU
12:23:36     !! L does not offer "CLOSE" (shows "nil") -- not pressing
12:23:36   on page 'other': C=FIRE  U=SRCH PILOT LOS  R=NO MSL  D=TRACKING  FU=HOLD FIRE  FR=TGT PILOT  FD=SRCH 9K113 LOS  FL=CM MENU
12:23:36     !! L does not offer "CLOSE" (shows "nil") -- not pressing
12:23:36   on page 'other': C=FIRE  U=SRCH PILOT LOS  R=NO MSL  D=TRACKING  FU=HOLD FIRE  FR=TGT PILOT  FD=SRCH 9K113 LOS  FL=CM MENU
12:23:36     !! L does not offer "CLOSE" (shows "nil") -- not pressing
12:23:36   on page 'other': C=FIRE  U=SRCH PILOT LOS  R=NO MSL  D=TRACKING  FU=HOLD FIRE  FR=TGT PILOT  FD=SRCH 9K113 LOS  FL=CM MENU
12:23:36     !! L does not offer "CLOSE" (shows "nil") -- not pressing
12:23:36   on page 'other': C=FIRE  U=SRCH PILOT LOS  R=NO MSL  D=TRACKING  FU=HOLD FIRE  FR=TGT PILOT  FD=SRCH 9K113 LOS  FL=CM MENU
12:23:36     !! L does not offer "CLOSE" (shows "nil") -- not pressing
12:23:36   on page 'other': C=FIRE  U=SRCH PILOT LOS  R=NO MSL  D=TRACKING  FU=HOLD FIRE  FR=TGT PILOT  FD=SRCH 9K113 LOS  FL=CM MENU
12:23:36     !! L does not offer "CLOSE" (shows "nil") -- not pressing
12:23:36   on page 'other': C=FIRE  U=SRCH PILOT LOS  R=NO MSL  D=TRACKING  FU=HOLD FIRE  FR=TGT PILOT  FD=SRCH 9K113 LOS  FL=CM MENU
12:23:36     !! L does not offer "CLOSE" (shows "nil") -- not pressing
12:23:36   on page 'other': C=FIRE  U=SRCH PILOT LOS  R=NO MSL  D=TRACKING  FU=HOLD FIRE  FR=TGT PILOT  FD=SRCH 9K113 LOS  FL=CM MENU
12:23:36     !! L does not offer "CLOSE" (shows "nil") -- not pressing
12:23:36   on page 'other': C=FIRE  U=SRCH PILOT LOS  R=NO MSL  D=TRACKING  FU=HOLD FIRE  FR=TGT PILOT  FD=SRCH 9K113 LOS  FL=CM MENU
12:23:36     !! L does not offer "CLOSE" (shows "nil") -- not pressing
12:23:36   on page 'other': C=FIRE  U=SRCH PILOT LOS  R=NO MSL  D=TRACKING  FU=HOLD FIRE  FR=TGT PILOT  FD=SRCH 9K113 LOS  FL=CM MENU
12:23:36     !! L does not offer "CLOSE" (shows "nil") -- not pressing
12:23:36   on page 'other': C=FIRE  U=SRCH PILOT LOS  R=NO MSL  D=TRACKING  FU=HOLD FIRE  FR=TGT PILOT  FD=SRCH 9K113 LOS  FL=CM MENU
12:23:36     !! L does not offer "CLOSE" (shows "nil") -- not pressing
12:23:36   on page 'other': C=FIRE  U=SRCH PILOT LOS  R=NO MSL  D=TRACKING  FU=HOLD FIRE  FR=TGT PILOT  FD=SRCH 9K113 LOS  FL=CM MENU
12:23:36     !! L does not offer "CLOSE" (shows "nil") -- not pressing
12:23:36   on page 'other': C=FIRE  U=SRCH PILOT LOS  R=NO MSL  D=TRACKING  FU=HOLD FIRE  FR=TGT PILOT  FD=SRCH 9K113 LOS  FL=CM MENU
12:23:36     !! L does not offer "CLOSE" (shows "nil") -- not pressing
12:23:36   on page 'other': C=FIRE  U=SRCH PILOT LOS  R=NO MSL  D=TRACKING  FU=HOLD FIRE  FR=TGT PILOT  FD=SRCH 9K113 LOS  FL=CM MENU
12:23:36     !! L does not offer "CLOSE" (shows "nil") -- not pressing
12:23:36   on page 'other': C=FIRE  U=SRCH PILOT LOS  R=NO MSL  D=TRACKING  FU=HOLD FIRE  FR=TGT PILOT  FD=SRCH 9K113 LOS  FL=CM MENU
12:23:36     !! L does not offer "CLOSE" (shows "nil") -- not pressing
12:23:36   on page 'other': C=FIRE  U=SRCH PILOT LOS  R=NO MSL  D=TRACKING  FU=HOLD FIRE  FR=TGT PILOT  FD=SRCH 9K113 LOS  FL=CM MENU
12:23:36     !! L does not offer "CLOSE" (shows "nil") -- not pressing
12:23:36   on page 'other': C=FIRE  U=SRCH PILOT LOS  R=NO MSL  D=TRACKING  FU=HOLD FIRE  FR=TGT PILOT  FD=SRCH 9K113 LOS  FL=CM MENU
12:23:36     !! L does not offer "CLOSE" (shows "nil") -- not pressing
12:23:36   on page 'other': C=FIRE  U=SRCH PILOT LOS  R=NO MSL  D=TRACKING  FU=HOLD FIRE  FR=TGT PILOT  FD=SRCH 9K113 LOS  FL=CM MENU
12:23:36     !! L does not offer "CLOSE" (shows "nil") -- not pressing
12:23:36   on page 'other': C=FIRE  U=SRCH PILOT LOS  R=NO MSL  D=TRACKING  FU=HOLD FIRE  FR=TGT PILOT  FD=SRCH 9K113 LOS  FL=CM MENU
12:23:36     !! L does not offer "CLOSE" (shows "nil") -- not pressing
12:23:36   on page 'other': C=FIRE  U=SRCH PILOT LOS  R=NO MSL  D=TRACKING  FU=HOLD FIRE  FR=TGT PILOT  FD=SRCH 9K113 LOS  FL=CM MENU
12:23:36     !! L does not offer "CLOSE" (shows "nil") -- not pressing
12:23:36   on page 'other': C=FIRE  U=SRCH PILOT LOS  R=NO MSL  D=TRACKING  FU=HOLD FIRE  FR=TGT PILOT  FD=SRCH 9K113 LOS  FL=CM MENU
12:23:36     !! L does not offer "CLOSE" (shows "nil") -- not pressing
12:23:36   on page 'other': C=FIRE  U=SRCH PILOT LOS  R=NO MSL  D=TRACKING  FU=HOLD FIRE  FR=TGT PILOT  FD=SRCH 9K113 LOS  FL=CM MENU
12:23:36     !! L does not offer "CLOSE" (shows "nil") -- not pressing
12:23:36   on page 'other': C=FIRE  U=SRCH PILOT LOS  R=NO MSL  D=TRACKING  FU=HOLD FIRE  FR=TGT PILOT  FD=SRCH 9K113 LOS  FL=CM MENU
12:23:36     !! L does not offer "CLOSE" (shows "nil") -- not pressing
12:23:36   on page 'other': C=FIRE  U=SRCH PILOT LOS  R=NO MSL  D=TRACKING  FU=HOLD FIRE  FR=TGT PILOT  FD=SRCH 9K113 LOS  FL=CM MENU
12:23:36     !! L does not offer "CLOSE" (shows "nil") -- not pressing
12:23:36   on page 'other': C=FIRE  U=SRCH PILOT LOS  R=NO MSL  D=TRACKING  FU=HOLD FIRE  FR=TGT PILOT  FD=SRCH 9K113 LOS  FL=CM MENU
12:23:36     !! L does not offer "CLOSE" (shows "nil") -- not pressing
12:23:36   on page 'other': C=FIRE  U=SRCH PILOT LOS  R=NO MSL  D=TRACKING  FU=HOLD FIRE  FR=TGT PILOT  FD=SRCH 9K113 LOS  FL=CM MENU
12:23:36     !! L does not offer "CLOSE" (shows "nil") -- not pressing
12:23:36   on page 'other': C=FIRE  U=SRCH PILOT LOS  R=NO MSL  D=TRACKING  FU=HOLD FIRE  FR=TGT PILOT  FD=SRCH 9K113 LOS  FL=CM MENU
12:23:36     !! L does not offer "CLOSE" (shows "nil") -- not pressing
12:23:36   on page 'other': C=FIRE  U=SRCH PILOT LOS  R=NO MSL  D=TRACKING  FU=HOLD FIRE  FR=TGT PILOT  FD=SRCH 9K113 LOS  FL=CM MENU
12:23:36     !! L does not offer "CLOSE" (shows "nil") -- not pressing
12:23:36   on page 'other': C=FIRE  U=SRCH PILOT LOS  R=NO MSL  D=TRACKING  FU=HOLD FIRE  FR=TGT PILOT  FD=SRCH 9K113 LOS  FL=CM MENU
12:23:36     !! L does not offer "CLOSE" (shows "nil") -- not pressing
12:23:36   on page 'other': C=FIRE  U=SRCH PILOT LOS  R=NO MSL  D=TRACKING  FU=HOLD FIRE  FR=TGT PILOT  FD=SRCH 9K113 LOS  FL=CM MENU
12:23:36     !! L does not offer "CLOSE" (shows "nil") -- not pressing
12:23:36   on page 'other': C=FIRE  U=SRCH PILOT LOS  R=NO MSL  D=TRACKING  FU=HOLD FIRE  FR=TGT PILOT  FD=SRCH 9K113 LOS  FL=CM MENU
12:23:36     !! L does not offer "CLOSE" (shows "nil") -- not pressing
12:23:36   on page 'other': C=FIRE  U=SRCH PILOT LOS  R=NO MSL  D=TRACKING  FU=HOLD FIRE  FR=TGT PILOT  FD=SRCH 9K113 LOS  FL=CM MENU
12:23:36     !! L does not offer "CLOSE" (shows "nil") -- not pressing
12:23:36   on page 'other': C=FIRE  U=SRCH PILOT LOS  R=NO MSL  D=TRACKING  FU=HOLD FIRE  FR=TGT PILOT  FD=SRCH 9K113 LOS  FL=CM MENU
12:23:36     !! L does not offer "CLOSE" (shows "nil") -- not pressing
12:23:36   on page 'other': C=FIRE  U=SRCH PILOT LOS  R=NO MSL  D=TRACKING  FU=HOLD FIRE  FR=TGT PILOT  FD=SRCH 9K113 LOS  FL=CM MENU
12:23:36     !! L does not offer "CLOSE" (shows "nil") -- not pressing
12:23:36   on page 'other': C=FIRE  U=SRCH PILOT LOS  R=NO MSL  D=TRACKING  FU=HOLD FIRE  FR=TGT PILOT  FD=SRCH 9K113 LOS  FL=CM MENU
12:23:36     !! L does not offer "CLOSE" (shows "nil") -- not pressing
12:23:36   on page 'other': C=FIRE  U=SRCH PILOT LOS  R=NO MSL  D=TRACKING  FU=HOLD FIRE  FR=TGT PILOT  FD=SRCH 9K113 LOS  FL=CM MENU
12:23:36     !! L does not offer "CLOSE" (shows "nil") -- not pressing
12:23:36   on page 'other': C=FIRE  U=SRCH PILOT LOS  R=NO MSL  D=TRACKING  FU=HOLD FIRE  FR=TGT PILOT  FD=SRCH 9K113 LOS  FL=CM MENU
12:23:36     !! L does not offer "CLOSE" (shows "nil") -- not pressing
12:23:36   on page 'other': C=FIRE  U=SRCH PILOT LOS  R=NO MSL  D=TRACKING  FU=HOLD FIRE  FR=TGT PILOT  FD=SRCH 9K113 LOS  FL=CM MENU
12:23:36     !! L does not offer "CLOSE" (shows "nil") -- not pressing
12:23:36   on page 'other': C=FIRE  U=SRCH PILOT LOS  R=NO MSL  D=TRACKING  FU=HOLD FIRE  FR=TGT PILOT  FD=SRCH 9K113 LOS  FL=CM MENU
12:23:36     !! L does not offer "CLOSE" (shows "nil") -- not pressing
12:23:36   on page 'other': C=FIRE  U=SRCH PILOT LOS  R=NO MSL  D=TRACKING  FU=HOLD FIRE  FR=TGT PILOT  FD=SRCH 9K113 LOS  FL=CM MENU
12:23:36     !! L does not offer "CLOSE" (shows "nil") -- not pressing
12:23:36   on page 'other': C=FIRE  U=SRCH PILOT LOS  R=NO MSL  D=TRACKING  FU=HOLD FIRE  FR=TGT PILOT  FD=SRCH 9K113 LOS  FL=CM MENU
12:23:36     !! L does not offer "CLOSE" (shows "nil") -- not pressing
12:23:36   on page 'other': C=FIRE  U=SRCH PILOT LOS  R=NO MSL  D=TRACKING  FU=HOLD FIRE  FR=TGT PILOT  FD=SRCH 9K113 LOS  FL=CM MENU
12:23:36     !! L does not offer "CLOSE" (shows "nil") -- not pressing
12:23:37   on page 'other': C=FIRE  U=SRCH PILOT LOS  R=NO MSL  D=TRACKING  FU=HOLD FIRE  FR=TGT PILOT  FD=SRCH 9K113 LOS  FL=CM MENU
12:23:37     !! L does not offer "CLOSE" (shows "nil") -- not pressing
12:23:37   on page 'other': C=FIRE  U=SRCH PILOT LOS  R=NO MSL  D=TRACKING  FU=HOLD FIRE  FR=TGT PILOT  FD=SRCH 9K113 LOS  FL=CM MENU
12:23:37     !! L does not offer "CLOSE" (shows "nil") -- not pressing
12:23:37   on page 'other': C=FIRE  U=SRCH PILOT LOS  R=NO MSL  D=TRACKING  FU=HOLD FIRE  FR=TGT PILOT  FD=SRCH 9K113 LOS  FL=CM MENU
12:23:37     !! L does not offer "CLOSE" (shows "nil") -- not pressing
12:23:37   on page 'other': C=FIRE  U=SRCH PILOT LOS  R=NO MSL  D=TRACKING  FU=HOLD FIRE  FR=TGT PILOT  FD=SRCH 9K113 LOS  FL=CM MENU
12:23:37     !! L does not offer "CLOSE" (shows "nil") -- not pressing
12:23:37   on page 'other': C=FIRE  U=SRCH PILOT LOS  R=NO MSL  D=TRACKING  FU=HOLD FIRE  FR=TGT PILOT  FD=SRCH 9K113 LOS  FL=CM MENU
12:23:37     !! L does not offer "CLOSE" (shows "nil") -- not pressing
12:23:37   on page 'other': C=FIRE  U=SRCH PILOT LOS  R=NO MSL  D=TRACKING  FU=HOLD FIRE  FR=TGT PILOT  FD=SRCH 9K113 LOS  FL=CM MENU
12:23:37     !! L does not offer "CLOSE" (shows "nil") -- not pressing
12:23:37   on page 'other': C=FIRE  U=SRCH PILOT LOS  R=NO MSL  D=TRACKING  FU=HOLD FIRE  FR=TGT PILOT  FD=SRCH 9K113 LOS  FL=CM MENU
12:23:37     !! L does not offer "CLOSE" (shows "nil") -- not pressing
12:23:37   on page 'other': C=FIRE  U=SRCH PILOT LOS  R=NO MSL  D=TRACKING  FU=HOLD FIRE  FR=TGT PILOT  FD=SRCH 9K113 LOS  FL=CM MENU
12:23:37     !! L does not offer "CLOSE" (shows "nil") -- not pressing
12:23:37   on page 'other': C=FIRE  U=SRCH PILOT LOS  R=NO MSL  D=TRACKING  FU=HOLD FIRE  FR=TGT PILOT  FD=SRCH 9K113 LOS  FL=CM MENU
12:23:37     !! L does not offer "CLOSE" (shows "nil") -- not pressing
12:23:37   on page 'other': C=FIRE  U=SRCH PILOT LOS  R=NO MSL  D=TRACKING  FU=HOLD FIRE  FR=TGT PILOT  FD=SRCH 9K113 LOS  FL=CM MENU
12:23:37     !! L does not offer "CLOSE" (shows "nil") -- not pressing
12:23:37   on page 'other': C=FIRE  U=SRCH PILOT LOS  R=NO MSL  D=TRACKING  FU=HOLD FIRE  FR=TGT PILOT  FD=SRCH 9K113 LOS  FL=CM MENU
12:23:37     !! L does not offer "CLOSE" (shows "nil") -- not pressing
12:23:37   on page 'other': C=FIRE  U=SRCH PILOT LOS  R=NO MSL  D=TRACKING  FU=HOLD FIRE  FR=TGT PILOT  FD=SRCH 9K113 LOS  FL=CM MENU
12:23:37     !! L does not offer "CLOSE" (shows "nil") -- not pressing
12:23:37   on page 'other': C=FIRE  U=SRCH PILOT LOS  R=NO MSL  D=TRACKING  FU=HOLD FIRE  FR=TGT PILOT  FD=SRCH 9K113 LOS  FL=CM MENU
12:23:37     !! L does not offer "CLOSE" (shows "nil") -- not pressing
12:23:37   on page 'other': C=FIRE  U=SRCH PILOT LOS  R=NO MSL  D=TRACKING  FU=HOLD FIRE  FR=TGT PILOT  FD=SRCH 9K113 LOS  FL=CM MENU
12:23:37     !! L does not offer "CLOSE" (shows "nil") -- not pressing
12:23:37   on page 'other': C=FIRE  U=SRCH PILOT LOS  R=NO MSL  D=TRACKING  FU=HOLD FIRE  FR=TGT PILOT  FD=SRCH 9K113 LOS  FL=CM MENU
12:23:37     !! L does not offer "CLOSE" (shows "nil") -- not pressing
12:23:37   on page 'other': C=FIRE  U=SRCH PILOT LOS  R=NO MSL  D=TRACKING  FU=HOLD FIRE  FR=TGT PILOT  FD=SRCH 9K113 LOS  FL=CM MENU
12:23:37     !! L does not offer "CLOSE" (shows "nil") -- not pressing
12:23:37   on page 'other': C=FIRE  U=SRCH PILOT LOS  R=NO MSL  D=TRACKING  FU=HOLD FIRE  FR=TGT PILOT  FD=SRCH 9K113 LOS  FL=CM MENU
12:23:37     !! L does not offer "CLOSE" (shows "nil") -- not pressing
12:23:37   on page 'other': C=FIRE  U=SRCH PILOT LOS  R=NO MSL  D=TRACKING  FU=HOLD FIRE  FR=TGT PILOT  FD=SRCH 9K113 LOS  FL=CM MENU
12:23:37     !! L does not offer "CLOSE" (shows "nil") -- not pressing
12:23:37   on page 'other': C=FIRE  U=SRCH PILOT LOS  R=NO MSL  D=TRACKING  FU=HOLD FIRE  FR=TGT PILOT  FD=SRCH 9K113 LOS  FL=CM MENU
12:23:37     !! L does not offer "CLOSE" (shows "nil") -- not pressing
12:23:37   on page 'other': C=FIRE  U=SRCH PILOT LOS  R=NO MSL  D=TRACKING  FU=HOLD FIRE  FR=TGT PILOT  FD=SRCH 9K113 LOS  FL=CM MENU
12:23:37     !! L does not offer "CLOSE" (shows "nil") -- not pressing
12:23:37   on page 'other': C=FIRE  U=SRCH PILOT LOS  R=NO MSL  D=TRACKING  FU=HOLD FIRE  FR=TGT PILOT  FD=SRCH 9K113 LOS  FL=CM MENU
12:23:37     !! L does not offer "CLOSE" (shows "nil") -- not pressing
12:23:37   on page 'other': C=FIRE  U=SRCH PILOT LOS  R=NO MSL  D=TRACKING  FU=HOLD FIRE  FR=TGT PILOT  FD=SRCH 9K113 LOS  FL=CM MENU
12:23:37     !! L does not offer "CLOSE" (shows "nil") -- not pressing
12:23:37   on page 'other': C=FIRE  U=SRCH PILOT LOS  R=NO MSL  D=TRACKING  FU=HOLD FIRE  FR=TGT PILOT  FD=SRCH 9K113 LOS  FL=CM MENU
12:23:37     !! L does not offer "CLOSE" (shows "nil") -- not pressing
12:23:37   on page 'other': C=FIRE  U=SRCH PILOT LOS  R=NO MSL  D=TRACKING  FU=HOLD FIRE  FR=TGT PILOT  FD=SRCH 9K113 LOS  FL=CM MENU
12:23:37     !! L does not offer "CLOSE" (shows "nil") -- not pressing
12:23:37   on page 'other': C=FIRE  U=SRCH PILOT LOS  R=NO MSL  D=TRACKING  FU=HOLD FIRE  FR=TGT PILOT  FD=SRCH 9K113 LOS  FL=CM MENU
12:23:37     !! L does not offer "CLOSE" (shows "nil") -- not pressing
12:23:37   on page 'other': C=FIRE  U=SRCH PILOT LOS  R=NO MSL  D=TRACKING  FU=HOLD FIRE  FR=TGT PILOT  FD=SRCH 9K113 LOS  FL=CM MENU
12:23:37     !! L does not offer "CLOSE" (shows "nil") -- not pressing
12:23:37   on page 'other': C=FIRE  U=SRCH PILOT LOS  R=NO MSL  D=TRACKING  FU=HOLD FIRE  FR=TGT PILOT  FD=SRCH 9K113 LOS  FL=CM MENU
12:23:37     !! L does not offer "CLOSE" (shows "nil") -- not pressing
12:23:37   on page 'other': C=FIRE  U=SRCH PILOT LOS  R=NO MSL  D=TRACKING  FU=HOLD FIRE  FR=TGT PILOT  FD=SRCH 9K113 LOS  FL=CM MENU
12:23:37     !! L does not offer "CLOSE" (shows "nil") -- not pressing
12:23:37   on page 'other': C=FIRE  U=SRCH PILOT LOS  R=NO MSL  D=TRACKING  FU=HOLD FIRE  FR=TGT PILOT  FD=SRCH 9K113 LOS  FL=CM MENU
12:23:37     !! L does not offer "CLOSE" (shows "nil") -- not pressing
12:23:37   on page 'other': C=FIRE  U=SRCH PILOT LOS  R=NO MSL  D=TRACKING  FU=HOLD FIRE  FR=TGT PILOT  FD=SRCH 9K113 LOS  FL=CM MENU
12:23:37     !! L does not offer "CLOSE" (shows "nil") -- not pressing
12:23:37   on page 'other': C=FIRE  U=SRCH PILOT LOS  R=NO MSL  D=TRACKING  FU=HOLD FIRE  FR=TGT PILOT  FD=SRCH 9K113 LOS  FL=CM MENU
12:23:37     !! L does not offer "CLOSE" (shows "nil") -- not pressing
12:23:37   on page 'other': C=FIRE  U=SRCH PILOT LOS  R=NO MSL  D=TRACKING  FU=HOLD FIRE  FR=TGT PILOT  FD=SRCH 9K113 LOS  FL=CM MENU
12:23:37     !! L does not offer "CLOSE" (shows "nil") -- not pressing
12:23:37   on page 'other': C=FIRE  U=SRCH PILOT LOS  R=NO MSL  D=TRACKING  FU=HOLD FIRE  FR=TGT PILOT  FD=SRCH 9K113 LOS  FL=CM MENU
12:23:37     !! L does not offer "CLOSE" (shows "nil") -- not pressing
12:23:37   on page 'other': C=FIRE  U=SRCH PILOT LOS  R=NO MSL  D=TRACKING  FU=HOLD FIRE  FR=TGT PILOT  FD=SRCH 9K113 LOS  FL=CM MENU
12:23:37     !! L does not offer "CLOSE" (shows "nil") -- not pressing
12:23:37   on page 'other': C=FIRE  U=SRCH PILOT LOS  R=NO MSL  D=TRACKING  FU=HOLD FIRE  FR=TGT PILOT  FD=SRCH 9K113 LOS  FL=CM MENU
12:23:37     !! L does not offer "CLOSE" (shows "nil") -- not pressing
12:23:37   on page 'other': C=FIRE  U=SRCH PILOT LOS  R=NO MSL  D=TRACKING  FU=HOLD FIRE  FR=TGT PILOT  FD=SRCH 9K113 LOS  FL=CM MENU
12:23:37     !! L does not offer "CLOSE" (shows "nil") -- not pressing
12:23:37   on page 'other': C=FIRE  U=SRCH PILOT LOS  R=NO MSL  D=TRACKING  FU=HOLD FIRE  FR=TGT PILOT  FD=SRCH 9K113 LOS  FL=CM MENU
12:23:37     !! L does not offer "CLOSE" (shows "nil") -- not pressing
12:23:37   on page 'other': C=FIRE  U=SRCH PILOT LOS  R=NO MSL  D=TRACKING  FU=HOLD FIRE  FR=TGT PILOT  FD=SRCH 9K113 LOS  FL=CM MENU
12:23:37     !! L does not offer "CLOSE" (shows "nil") -- not pressing
12:23:37   on page 'other': C=FIRE  U=SRCH PILOT LOS  R=NO MSL  D=TRACKING  FU=HOLD FIRE  FR=TGT PILOT  FD=SRCH 9K113 LOS  FL=CM MENU
12:23:37     !! L does not offer "CLOSE" (shows "nil") -- not pressing
12:23:37   on page 'other': C=FIRE  U=SRCH PILOT LOS  R=NO MSL  D=TRACKING  FU=HOLD FIRE  FR=TGT PILOT  FD=SRCH 9K113 LOS  FL=CM MENU
12:23:37     !! L does not offer "CLOSE" (shows "nil") -- not pressing
12:23:37   on page 'other': C=FIRE  U=SRCH PILOT LOS  R=NO MSL  D=TRACKING  FU=HOLD FIRE  FR=TGT PILOT  FD=SRCH 9K113 LOS  FL=CM MENU
12:23:37     !! L does not offer "CLOSE" (shows "nil") -- not pressing
12:23:37   on page 'other': C=FIRE  U=SRCH PILOT LOS  R=NO MSL  D=TRACKING  FU=HOLD FIRE  FR=TGT PILOT  FD=SRCH 9K113 LOS  FL=CM MENU
12:23:37     !! L does not offer "CLOSE" (shows "nil") -- not pressing
12:23:37   on page 'other': C=FIRE  U=SRCH PILOT LOS  R=NO MSL  D=TRACKING  FU=HOLD FIRE  FR=TGT PILOT  FD=SRCH 9K113 LOS  FL=CM MENU
12:23:37     !! L does not offer "CLOSE" (shows "nil") -- not pressing
12:23:37   on page 'other': C=FIRE  U=SRCH PILOT LOS  R=NO MSL  D=TRACKING  FU=HOLD FIRE  FR=TGT PILOT  FD=SRCH 9K113 LOS  FL=CM MENU
12:23:37     !! L does not offer "CLOSE" (shows "nil") -- not pressing
12:23:37   on page 'other': C=FIRE  U=SRCH PILOT LOS  R=NO MSL  D=TRACKING  FU=HOLD FIRE  FR=TGT PILOT  FD=SRCH 9K113 LOS  FL=CM MENU
12:23:37     !! L does not offer "CLOSE" (shows "nil") -- not pressing
12:23:37   on page 'other': C=FIRE  U=SRCH PILOT LOS  R=NO MSL  D=TRACKING  FU=HOLD FIRE  FR=TGT PILOT  FD=SRCH 9K113 LOS  FL=CM MENU
12:23:37     !! L does not offer "CLOSE" (shows "nil") -- not pressing
12:23:37   on page 'other': C=FIRE  U=SRCH PILOT LOS  R=NO MSL  D=TRACKING  FU=HOLD FIRE  FR=TGT PILOT  FD=SRCH 9K113 LOS  FL=CM MENU
12:23:37     !! L does not offer "CLOSE" (shows "nil") -- not pressing
12:23:37   on page 'other': C=FIRE  U=SRCH PILOT LOS  R=NO MSL  D=TRACKING  FU=HOLD FIRE  FR=TGT PILOT  FD=SRCH 9K113 LOS  FL=CM MENU
12:23:37     !! L does not offer "CLOSE" (shows "nil") -- not pressing
12:23:37   on page 'other': C=FIRE  U=SRCH PILOT LOS  R=NO MSL  D=TRACKING  FU=HOLD FIRE  FR=TGT PILOT  FD=SRCH 9K113 LOS  FL=CM MENU
12:23:37     !! L does not offer "CLOSE" (shows "nil") -- not pressing
12:23:37   on page 'other': C=FIRE  U=SRCH PILOT LOS  R=NO MSL  D=TRACKING  FU=HOLD FIRE  FR=TGT PILOT  FD=SRCH 9K113 LOS  FL=CM MENU
12:23:37     !! L does not offer "CLOSE" (shows "nil") -- not pressing
12:23:37   on page 'other': C=FIRE  U=SRCH PILOT LOS  R=NO MSL  D=TRACKING  FU=HOLD FIRE  FR=TGT PILOT  FD=SRCH 9K113 LOS  FL=CM MENU
12:23:37     !! L does not offer "CLOSE" (shows "nil") -- not pressing
12:23:37   on page 'other': C=FIRE  U=SRCH PILOT LOS  R=NO MSL  D=TRACKING  FU=HOLD FIRE  FR=TGT PILOT  FD=SRCH 9K113 LOS  FL=CM MENU
12:23:37     !! L does not offer "CLOSE" (shows "nil") -- not pressing
12:23:37   on page 'other': C=FIRE  U=SRCH PILOT LOS  R=NO MSL  D=TRACKING  FU=HOLD FIRE  FR=TGT PILOT  FD=SRCH 9K113 LOS  FL=CM MENU
12:23:37     !! L does not offer "CLOSE" (shows "nil") -- not pressing
12:23:37   on page 'other': C=FIRE  U=SRCH PILOT LOS  R=NO MSL  D=TRACKING  FU=HOLD FIRE  FR=TGT PILOT  FD=SRCH 9K113 LOS  FL=CM MENU
12:23:37     !! L does not offer "CLOSE" (shows "nil") -- not pressing
12:23:37   on page 'other': C=FIRE  U=SRCH PILOT LOS  R=NO MSL  D=TRACKING  FU=HOLD FIRE  FR=TGT PILOT  FD=SRCH 9K113 LOS  FL=CM MENU
12:23:37     !! L does not offer "CLOSE" (shows "nil") -- not pressing
12:23:37   on page 'other': C=FIRE  U=SRCH PILOT LOS  R=NO MSL  D=TRACKING  FU=HOLD FIRE  FR=TGT PILOT  FD=SRCH 9K113 LOS  FL=CM MENU
12:23:37     !! L does not offer "CLOSE" (shows "nil") -- not pressing
12:23:37   on page 'other': C=FIRE  U=SRCH PILOT LOS  R=NO MSL  D=TRACKING  FU=HOLD FIRE  FR=TGT PILOT  FD=SRCH 9K113 LOS  FL=CM MENU
12:23:37     !! L does not offer "CLOSE" (shows "nil") -- not pressing
12:23:37   on page 'other': C=FIRE  U=SRCH PILOT LOS  R=NO MSL  D=TRACKING  FU=HOLD FIRE  FR=TGT PILOT  FD=SRCH 9K113 LOS  FL=CM MENU
12:23:37     !! L does not offer "CLOSE" (shows "nil") -- not pressing
12:23:37   on page 'other': C=FIRE  U=SRCH PILOT LOS  R=NO MSL  D=TRACKING  FU=HOLD FIRE  FR=TGT PILOT  FD=SRCH 9K113 LOS  FL=CM MENU
12:23:37     !! L does not offer "CLOSE" (shows "nil") -- not pressing
12:23:37   on page 'other': C=FIRE  U=SRCH PILOT LOS  R=NO MSL  D=TRACKING  FU=HOLD FIRE  FR=TGT PILOT  FD=SRCH 9K113 LOS  FL=CM MENU
12:23:37     !! L does not offer "CLOSE" (shows "nil") -- not pressing
12:23:37   on page 'other': C=FIRE  U=SRCH PILOT LOS  R=NO MSL  D=TRACKING  FU=HOLD FIRE  FR=TGT PILOT  FD=SRCH 9K113 LOS  FL=CM MENU
12:23:37     !! L does not offer "CLOSE" (shows "nil") -- not pressing
12:23:37   on page 'other': C=FIRE  U=SRCH PILOT LOS  R=NO MSL  D=TRACKING  FU=HOLD FIRE  FR=TGT PILOT  FD=SRCH 9K113 LOS  FL=CM MENU
12:23:37     !! L does not offer "CLOSE" (shows "nil") -- not pressing
12:23:37   on page 'other': C=FIRE  U=SRCH PILOT LOS  R=NO MSL  D=TRACKING  FU=HOLD FIRE  FR=TGT PILOT  FD=SRCH 9K113 LOS  FL=CM MENU
12:23:37     !! L does not offer "CLOSE" (shows "nil") -- not pressing
12:23:37   on page 'other': C=FIRE  U=SRCH PILOT LOS  R=NO MSL  D=TRACKING  FU=HOLD FIRE  FR=TGT PILOT  FD=SRCH 9K113 LOS  FL=CM MENU
12:23:37     !! L does not offer "CLOSE" (shows "nil") -- not pressing
12:23:37   on page 'other': C=FIRE  U=SRCH PILOT LOS  R=NO MSL  D=TRACKING  FU=HOLD FIRE  FR=TGT PILOT  FD=SRCH 9K113 LOS  FL=CM MENU
12:23:37     !! L does not offer "CLOSE" (shows "nil") -- not pressing
12:23:37   on page 'other': C=FIRE  U=SRCH PILOT LOS  R=NO MSL  D=TRACKING  FU=HOLD FIRE  FR=TGT PILOT  FD=SRCH 9K113 LOS  FL=CM MENU
12:23:37     !! L does not offer "CLOSE" (shows "nil") -- not pressing
12:23:37   on page 'other': C=FIRE  U=SRCH PILOT LOS  R=NO MSL  D=TRACKING  FU=HOLD FIRE  FR=TGT PILOT  FD=SRCH 9K113 LOS  FL=CM MENU
12:23:37     !! L does not offer "CLOSE" (shows "nil") -- not pressing
12:23:37   on page 'other': C=FIRE  U=SRCH PILOT LOS  R=NO MSL  D=TRACKING  FU=HOLD FIRE  FR=TGT PILOT  FD=SRCH 9K113 LOS  FL=CM MENU
12:23:37     !! L does not offer "CLOSE" (shows "nil") -- not pressing
12:23:37   on page 'other': C=FIRE  U=SRCH PILOT LOS  R=NO MSL  D=TRACKING  FU=HOLD FIRE  FR=TGT PILOT  FD=SRCH 9K113 LOS  FL=CM MENU
12:23:37     !! L does not offer "CLOSE" (shows "nil") -- not pressing
12:23:37   on page 'other': C=FIRE  U=SRCH PILOT LOS  R=NO MSL  D=TRACKING  FU=HOLD FIRE  FR=TGT PILOT  FD=SRCH 9K113 LOS  FL=CM MENU
12:23:37     !! L does not offer "CLOSE" (shows "nil") -- not pressing
12:23:37   on page 'other': C=FIRE  U=SRCH PILOT LOS  R=NO MSL  D=TRACKING  FU=HOLD FIRE  FR=TGT PILOT  FD=SRCH 9K113 LOS  FL=CM MENU
12:23:37     !! L does not offer "CLOSE" (shows "nil") -- not pressing
12:23:37   on page 'other': C=FIRE  U=SRCH PILOT LOS  R=NO MSL  D=TRACKING  FU=HOLD FIRE  FR=TGT PILOT  FD=SRCH 9K113 LOS  FL=CM MENU
12:23:37     !! L does not offer "CLOSE" (shows "nil") -- not pressing
12:23:37   on page 'other': C=FIRE  U=SRCH PILOT LOS  R=NO MSL  D=TRACKING  FU=HOLD FIRE  FR=TGT PILOT  FD=SRCH 9K113 LOS  FL=CM MENU
12:23:37     !! L does not offer "CLOSE" (shows "nil") -- not pressing
12:23:37   on page 'other': C=FIRE  U=SRCH PILOT LOS  R=NO MSL  D=TRACKING  FU=HOLD FIRE  FR=TGT PILOT  FD=SRCH 9K113 LOS  FL=CM MENU
12:23:37     !! L does not offer "CLOSE" (shows "nil") -- not pressing
12:23:37   on page 'other': C=FIRE  U=SRCH PILOT LOS  R=NO MSL  D=TRACKING  FU=HOLD FIRE  FR=TGT PILOT  FD=SRCH 9K113 LOS  FL=CM MENU
12:23:37     !! L does not offer "CLOSE" (shows "nil") -- not pressing
12:23:37   on page 'other': C=FIRE  U=SRCH PILOT LOS  R=NO MSL  D=TRACKING  FU=HOLD FIRE  FR=TGT PILOT  FD=SRCH 9K113 LOS  FL=CM MENU
12:23:37     !! L does not offer "CLOSE" (shows "nil") -- not pressing
12:23:37   on page 'other': C=FIRE  U=SRCH PILOT LOS  R=NO MSL  D=TRACKING  FU=HOLD FIRE  FR=TGT PILOT  FD=SRCH 9K113 LOS  FL=CM MENU
12:23:37     !! L does not offer "CLOSE" (shows "nil") -- not pressing
12:23:37   on page 'other': C=FIRE  U=SRCH PILOT LOS  R=NO MSL  D=TRACKING  FU=HOLD FIRE  FR=TGT PILOT  FD=SRCH 9K113 LOS  FL=CM MENU
12:23:37     !! L does not offer "CLOSE" (shows "nil") -- not pressing
12:23:37   on page 'other': C=FIRE  U=SRCH PILOT LOS  R=NO MSL  D=TRACKING  FU=HOLD FIRE  FR=TGT PILOT  FD=SRCH 9K113 LOS  FL=CM MENU
12:23:37     !! L does not offer "CLOSE" (shows "nil") -- not pressing
12:23:38   on page 'other': C=FIRE  U=SRCH PILOT LOS  R=NO MSL  D=TRACKING  FU=HOLD FIRE  FR=TGT PILOT  FD=SRCH 9K113 LOS  FL=CM MENU
12:23:38     !! L does not offer "CLOSE" (shows "nil") -- not pressing
12:23:38   on page 'other': C=FIRE  U=SRCH PILOT LOS  R=NO MSL  D=TRACKING  FU=HOLD FIRE  FR=TGT PILOT  FD=SRCH 9K113 LOS  FL=CM MENU
12:23:38     !! L does not offer "CLOSE" (shows "nil") -- not pressing
12:23:38   on page 'other': C=FIRE  U=SRCH PILOT LOS  R=NO MSL  D=TRACKING  FU=HOLD FIRE  FR=TGT PILOT  FD=SRCH 9K113 LOS  FL=CM MENU
12:23:38     !! L does not offer "CLOSE" (shows "nil") -- not pressing
12:23:38   on page 'other': C=FIRE  U=SRCH PILOT LOS  R=NO MSL  D=TRACKING  FU=HOLD FIRE  FR=TGT PILOT  FD=SRCH 9K113 LOS  FL=CM MENU
12:23:38     !! L does not offer "CLOSE" (shows "nil") -- not pressing
12:23:38   on page 'other': C=FIRE  U=SRCH PILOT LOS  R=NO MSL  D=TRACKING  FU=HOLD FIRE  FR=TGT PILOT  FD=SRCH 9K113 LOS  FL=CM MENU
12:23:38     !! L does not offer "CLOSE" (shows "nil") -- not pressing
12:23:38   on page 'other': C=FIRE  U=SRCH PILOT LOS  R=NO MSL  D=TRACKING  FU=HOLD FIRE  FR=TGT PILOT  FD=SRCH 9K113 LOS  FL=CM MENU
12:23:38     !! L does not offer "CLOSE" (shows "nil") -- not pressing
12:23:38   on page 'other': C=FIRE  U=SRCH PILOT LOS  R=NO MSL  D=TRACKING  FU=HOLD FIRE  FR=TGT PILOT  FD=SRCH 9K113 LOS  FL=CM MENU
12:23:38     !! L does not offer "CLOSE" (shows "nil") -- not pressing
12:23:38   on page 'other': C=FIRE  U=SRCH PILOT LOS  R=NO MSL  D=TRACKING  FU=HOLD FIRE  FR=TGT PILOT  FD=SRCH 9K113 LOS  FL=CM MENU
12:23:38     !! L does not offer "CLOSE" (shows "nil") -- not pressing
12:23:38   on page 'other': C=FIRE  U=SRCH PILOT LOS  R=NO MSL  D=TRACKING  FU=HOLD FIRE  FR=TGT PILOT  FD=SRCH 9K113 LOS  FL=CM MENU
12:23:38     !! L does not offer "CLOSE" (shows "nil") -- not pressing
12:23:38   on page 'other': C=FIRE  U=SRCH PILOT LOS  R=NO MSL  D=TRACKING  FU=HOLD FIRE  FR=TGT PILOT  FD=SRCH 9K113 LOS  FL=CM MENU
12:23:38     !! L does not offer "CLOSE" (shows "nil") -- not pressing
12:23:38   on page 'other': C=FIRE  U=SRCH PILOT LOS  R=NO MSL  D=TRACKING  FU=HOLD FIRE  FR=TGT PILOT  FD=SRCH 9K113 LOS  FL=CM MENU
12:23:38     !! L does not offer "CLOSE" (shows "nil") -- not pressing
12:23:38   on page 'other': C=FIRE  U=SRCH PILOT LOS  R=NO MSL  D=TRACKING  FU=HOLD FIRE  FR=TGT PILOT  FD=SRCH 9K113 LOS  FL=CM MENU
12:23:38     !! L does not offer "CLOSE" (shows "nil") -- not pressing
12:23:38   on page 'other': C=FIRE  U=SRCH PILOT LOS  R=NO MSL  D=TRACKING  FU=HOLD FIRE  FR=TGT PILOT  FD=SRCH 9K113 LOS  FL=CM MENU
12:23:38     !! L does not offer "CLOSE" (shows "nil") -- not pressing
12:23:38   on page 'other': C=FIRE  U=SRCH PILOT LOS  R=NO MSL  D=TRACKING  FU=HOLD FIRE  FR=TGT PILOT  FD=SRCH 9K113 LOS  FL=CM MENU
12:23:38     !! L does not offer "CLOSE" (shows "nil") -- not pressing
12:23:38   on page 'other': C=FIRE  U=SRCH PILOT LOS  R=NO MSL  D=TRACKING  FU=HOLD FIRE  FR=TGT PILOT  FD=SRCH 9K113 LOS  FL=CM MENU
12:23:38     !! L does not offer "CLOSE" (shows "nil") -- not pressing
12:23:38   on page 'other': C=FIRE  U=SRCH PILOT LOS  R=NO MSL  D=TRACKING  FU=HOLD FIRE  FR=TGT PILOT  FD=SRCH 9K113 LOS  FL=CM MENU
12:23:38     !! L does not offer "CLOSE" (shows "nil") -- not pressing
12:23:38   on page 'other': C=FIRE  U=SRCH PILOT LOS  R=NO MSL  D=TRACKING  FU=HOLD FIRE  FR=TGT PILOT  FD=SRCH 9K113 LOS  FL=CM MENU
12:23:38     !! L does not offer "CLOSE" (shows "nil") -- not pressing
12:23:38   on page 'other': C=FIRE  U=SRCH PILOT LOS  R=NO MSL  D=TRACKING  FU=HOLD FIRE  FR=TGT PILOT  FD=SRCH 9K113 LOS  FL=CM MENU
12:23:38     !! L does not offer "CLOSE" (shows "nil") -- not pressing
12:23:38   on page 'other': C=FIRE  U=SRCH PILOT LOS  R=NO MSL  D=TRACKING  FU=HOLD FIRE  FR=TGT PILOT  FD=SRCH 9K113 LOS  FL=CM MENU
12:23:38     !! L does not offer "CLOSE" (shows "nil") -- not pressing
12:23:38   on page 'other': C=FIRE  U=SRCH PILOT LOS  R=NO MSL  D=TRACKING  FU=HOLD FIRE  FR=TGT PILOT  FD=SRCH 9K113 LOS  FL=CM MENU
12:23:38     !! L does not offer "CLOSE" (shows "nil") -- not pressing
12:23:38   on page 'other': C=FIRE  U=SRCH PILOT LOS  R=NO MSL  D=TRACKING  FU=HOLD FIRE  FR=TGT PILOT  FD=SRCH 9K113 LOS  FL=CM MENU
12:23:38     !! L does not offer "CLOSE" (shows "nil") -- not pressing
12:23:38   on page 'other': C=FIRE  U=SRCH PILOT LOS  R=NO MSL  D=TRACKING  FU=HOLD FIRE  FR=TGT PILOT  FD=SRCH 9K113 LOS  FL=CM MENU
12:23:38     !! L does not offer "CLOSE" (shows "nil") -- not pressing
12:23:38   on page 'other': C=FIRE  U=SRCH PILOT LOS  R=NO MSL  D=TRACKING  FU=HOLD FIRE  FR=TGT PILOT  FD=SRCH 9K113 LOS  FL=CM MENU
12:23:38     !! L does not offer "CLOSE" (shows "nil") -- not pressing
12:23:38   on page 'other': C=FIRE  U=SRCH PILOT LOS  R=NO MSL  D=TRACKING  FU=HOLD FIRE  FR=TGT PILOT  FD=SRCH 9K113 LOS  FL=CM MENU
12:23:38     !! L does not offer "CLOSE" (shows "nil") -- not pressing
12:23:38   on page 'other': C=FIRE  U=SRCH PILOT LOS  R=NO MSL  D=TRACKING  FU=HOLD FIRE  FR=TGT PILOT  FD=SRCH 9K113 LOS  FL=CM MENU
12:23:38     !! L does not offer "CLOSE" (shows "nil") -- not pressing
12:23:38   on page 'other': C=FIRE  U=SRCH PILOT LOS  R=NO MSL  D=TRACKING  FU=HOLD FIRE  FR=TGT PILOT  FD=SRCH 9K113 LOS  FL=CM MENU
12:23:38     !! L does not offer "CLOSE" (shows "nil") -- not pressing
12:23:38   on page 'other': C=FIRE  U=SRCH PILOT LOS  R=NO MSL  D=TRACKING  FU=HOLD FIRE  FR=TGT PILOT  FD=SRCH 9K113 LOS  FL=CM MENU
12:23:38     !! L does not offer "CLOSE" (shows "nil") -- not pressing
12:23:38   on page 'other': C=FIRE  U=SRCH PILOT LOS  R=NO MSL  D=TRACKING  FU=HOLD FIRE  FR=TGT PILOT  FD=SRCH 9K113 LOS  FL=CM MENU
12:23:38     !! L does not offer "CLOSE" (shows "nil") -- not pressing
12:23:38   on page 'other': C=FIRE  U=SRCH PILOT LOS  R=NO MSL  D=TRACKING  FU=HOLD FIRE  FR=TGT PILOT  FD=SRCH 9K113 LOS  FL=CM MENU
12:23:38     !! L does not offer "CLOSE" (shows "nil") -- not pressing
12:23:38   on page 'other': C=FIRE  U=SRCH PILOT LOS  R=NO MSL  D=TRACKING  FU=HOLD FIRE  FR=TGT PILOT  FD=SRCH 9K113 LOS  FL=CM MENU
12:23:38     !! L does not offer "CLOSE" (shows "nil") -- not pressing
12:23:38   on page 'other': C=FIRE  U=SRCH PILOT LOS  R=NO MSL  D=TRACKING  FU=HOLD FIRE  FR=TGT PILOT  FD=SRCH 9K113 LOS  FL=CM MENU
12:23:38     !! L does not offer "CLOSE" (shows "nil") -- not pressing
12:23:38   on page 'other': C=FIRE  U=SRCH PILOT LOS  R=NO MSL  D=TRACKING  FU=HOLD FIRE  FR=TGT PILOT  FD=SRCH 9K113 LOS  FL=CM MENU
12:23:38     !! L does not offer "CLOSE" (shows "nil") -- not pressing
12:23:38   on page 'other': C=FIRE  U=SRCH PILOT LOS  R=NO MSL  D=TRACKING  FU=HOLD FIRE  FR=TGT PILOT  FD=SRCH 9K113 LOS  FL=CM MENU
12:23:38     !! L does not offer "CLOSE" (shows "nil") -- not pressing
12:23:38   on page 'other': C=FIRE  U=SRCH PILOT LOS  R=NO MSL  D=TRACKING  FU=HOLD FIRE  FR=TGT PILOT  FD=SRCH 9K113 LOS  FL=CM MENU
12:23:38     !! L does not offer "CLOSE" (shows "nil") -- not pressing
12:23:38   on page 'other': C=FIRE  U=SRCH PILOT LOS  R=NO MSL  D=TRACKING  FU=HOLD FIRE  FR=TGT PILOT  FD=SRCH 9K113 LOS  FL=CM MENU
12:23:38     !! L does not offer "CLOSE" (shows "nil") -- not pressing
12:23:38   on page 'other': C=FIRE  U=SRCH PILOT LOS  R=NO MSL  D=TRACKING  FU=HOLD FIRE  FR=TGT PILOT  FD=SRCH 9K113 LOS  FL=CM MENU
12:23:38     !! L does not offer "CLOSE" (shows "nil") -- not pressing
12:23:38   on page 'other': C=FIRE  U=SRCH PILOT LOS  R=NO MSL  D=TRACKING  FU=HOLD FIRE  FR=TGT PILOT  FD=SRCH 9K113 LOS  FL=CM MENU
12:23:38     !! L does not offer "CLOSE" (shows "nil") -- not pressing
12:23:38   on page 'other': C=FIRE  U=SRCH PILOT LOS  R=NO MSL  D=TRACKING  FU=HOLD FIRE  FR=TGT PILOT  FD=SRCH 9K113 LOS  FL=CM MENU
12:23:38     !! L does not offer "CLOSE" (shows "nil") -- not pressing
12:23:38   on page 'other': C=FIRE  U=SRCH PILOT LOS  R=NO MSL  D=TRACKING  FU=HOLD FIRE  FR=TGT PILOT  FD=SRCH 9K113 LOS  FL=CM MENU
12:23:38     !! L does not offer "CLOSE" (shows "nil") -- not pressing
12:23:38   on page 'other': C=FIRE  U=SRCH PILOT LOS  R=NO MSL  D=TRACKING  FU=HOLD FIRE  FR=TGT PILOT  FD=SRCH 9K113 LOS  FL=CM MENU
12:23:38     !! L does not offer "CLOSE" (shows "nil") -- not pressing
12:23:38   on page 'other': C=FIRE  U=SRCH PILOT LOS  R=NO MSL  D=TRACKING  FU=HOLD FIRE  FR=TGT PILOT  FD=SRCH 9K113 LOS  FL=CM MENU
12:23:38     !! L does not offer "CLOSE" (shows "nil") -- not pressing
12:23:38   on page 'other': C=FIRE  U=SRCH PILOT LOS  R=NO MSL  D=TRACKING  FU=HOLD FIRE  FR=TGT PILOT  FD=SRCH 9K113 LOS  FL=CM MENU
12:23:38     !! L does not offer "CLOSE" (shows "nil") -- not pressing
12:23:38   on page 'other': C=FIRE  U=SRCH PILOT LOS  R=NO MSL  D=TRACKING  FU=HOLD FIRE  FR=TGT PILOT  FD=SRCH 9K113 LOS  FL=CM MENU
12:23:38     !! L does not offer "CLOSE" (shows "nil") -- not pressing
12:23:38   on page 'other': C=FIRE  U=SRCH PILOT LOS  R=NO MSL  D=TRACKING  FU=HOLD FIRE  FR=TGT PILOT  FD=SRCH 9K113 LOS  FL=CM MENU
12:23:38     !! L does not offer "CLOSE" (shows "nil") -- not pressing
12:23:38   on page 'other': C=FIRE  U=SRCH PILOT LOS  R=NO MSL  D=TRACKING  FU=HOLD FIRE  FR=TGT PILOT  FD=SRCH 9K113 LOS  FL=CM MENU
12:23:38     !! L does not offer "CLOSE" (shows "nil") -- not pressing
12:23:38   on page 'other': C=FIRE  U=SRCH PILOT LOS  R=NO MSL  D=TRACKING  FU=HOLD FIRE  FR=TGT PILOT  FD=SRCH 9K113 LOS  FL=CM MENU
12:23:38     !! L does not offer "CLOSE" (shows "nil") -- not pressing
12:23:38   on page 'other': C=FIRE  U=SRCH PILOT LOS  R=NO MSL  D=TRACKING  FU=HOLD FIRE  FR=TGT PILOT  FD=SRCH 9K113 LOS  FL=CM MENU
12:23:38     !! L does not offer "CLOSE" (shows "nil") -- not pressing
12:23:38   on page 'other': C=FIRE  U=SRCH PILOT LOS  R=NO MSL  D=TRACKING  FU=HOLD FIRE  FR=TGT PILOT  FD=SRCH 9K113 LOS  FL=CM MENU
12:23:38     !! L does not offer "CLOSE" (shows "nil") -- not pressing
12:23:38   on page 'other': C=FIRE  U=SRCH PILOT LOS  R=NO MSL  D=TRACKING  FU=HOLD FIRE  FR=TGT PILOT  FD=SRCH 9K113 LOS  FL=CM MENU
12:23:38     !! L does not offer "CLOSE" (shows "nil") -- not pressing
12:23:38   on page 'other': C=FIRE  U=SRCH PILOT LOS  R=NO MSL  D=TRACKING  FU=HOLD FIRE  FR=TGT PILOT  FD=SRCH 9K113 LOS  FL=CM MENU
12:23:38     !! L does not offer "CLOSE" (shows "nil") -- not pressing
12:23:38   on page 'other': C=FIRE  U=SRCH PILOT LOS  R=NO MSL  D=TRACKING  FU=HOLD FIRE  FR=TGT PILOT  FD=SRCH 9K113 LOS  FL=CM MENU
12:23:38     !! L does not offer "CLOSE" (shows "nil") -- not pressing
12:23:38   on page 'other': C=FIRE  U=SRCH PILOT LOS  R=NO MSL  D=TRACKING  FU=HOLD FIRE  FR=TGT PILOT  FD=SRCH 9K113 LOS  FL=CM MENU
12:23:38     !! L does not offer "CLOSE" (shows "nil") -- not pressing
12:23:38   on page 'other': C=FIRE  U=SRCH PILOT LOS  R=NO MSL  D=TRACKING  FU=HOLD FIRE  FR=TGT PILOT  FD=SRCH 9K113 LOS  FL=CM MENU
12:23:38     !! L does not offer "CLOSE" (shows "nil") -- not pressing
12:23:38   on page 'other': C=FIRE  U=SRCH PILOT LOS  R=NO MSL  D=TRACKING  FU=HOLD FIRE  FR=TGT PILOT  FD=SRCH 9K113 LOS  FL=CM MENU
12:23:38     !! L does not offer "CLOSE" (shows "nil") -- not pressing
12:23:38   on page 'other': C=FIRE  U=SRCH PILOT LOS  R=NO MSL  D=TRACKING  FU=HOLD FIRE  FR=TGT PILOT  FD=SRCH 9K113 LOS  FL=CM MENU
12:23:38     !! L does not offer "CLOSE" (shows "nil") -- not pressing
12:23:38   on page 'other': C=FIRE  U=SRCH PILOT LOS  R=NO MSL  D=TRACKING  FU=HOLD FIRE  FR=TGT PILOT  FD=SRCH 9K113 LOS  FL=CM MENU
12:23:38     !! L does not offer "CLOSE" (shows "nil") -- not pressing
12:23:38   on page 'other': C=FIRE  U=SRCH PILOT LOS  R=NO MSL  D=TRACKING  FU=HOLD FIRE  FR=TGT PILOT  FD=SRCH 9K113 LOS  FL=CM MENU
12:23:38     !! L does not offer "CLOSE" (shows "nil") -- not pressing
12:23:38   on page 'other': C=FIRE  U=SRCH PILOT LOS  R=NO MSL  D=TRACKING  FU=HOLD FIRE  FR=TGT PILOT  FD=SRCH 9K113 LOS  FL=CM MENU
12:23:38     !! L does not offer "CLOSE" (shows "nil") -- not pressing
12:23:38   on page 'other': C=FIRE  U=SRCH PILOT LOS  R=NO MSL  D=TRACKING  FU=HOLD FIRE  FR=TGT PILOT  FD=SRCH 9K113 LOS  FL=CM MENU
12:23:38     !! L does not offer "CLOSE" (shows "nil") -- not pressing
12:23:38   on page 'other': C=FIRE  U=SRCH PILOT LOS  R=NO MSL  D=TRACKING  FU=HOLD FIRE  FR=TGT PILOT  FD=SRCH 9K113 LOS  FL=CM MENU
12:23:38     !! L does not offer "CLOSE" (shows "nil") -- not pressing
12:23:38   on page 'other': C=FIRE  U=SRCH PILOT LOS  R=NO MSL  D=TRACKING  FU=HOLD FIRE  FR=TGT PILOT  FD=SRCH 9K113 LOS  FL=CM MENU
12:23:38     !! L does not offer "CLOSE" (shows "nil") -- not pressing
12:23:38   on page 'other': C=FIRE  U=SRCH PILOT LOS  R=NO MSL  D=TRACKING  FU=HOLD FIRE  FR=TGT PILOT  FD=SRCH 9K113 LOS  FL=CM MENU
12:23:38     !! L does not offer "CLOSE" (shows "nil") -- not pressing
12:23:38   on page 'other': C=FIRE  U=SRCH PILOT LOS  R=NO MSL  D=TRACKING  FU=HOLD FIRE  FR=TGT PILOT  FD=SRCH 9K113 LOS  FL=CM MENU
12:23:38     !! L does not offer "CLOSE" (shows "nil") -- not pressing
12:23:38   on page 'other': C=FIRE  U=SRCH PILOT LOS  R=NO MSL  D=TRACKING  FU=HOLD FIRE  FR=TGT PILOT  FD=SRCH 9K113 LOS  FL=CM MENU
12:23:38     !! L does not offer "CLOSE" (shows "nil") -- not pressing
12:23:38   on page 'other': C=FIRE  U=SRCH PILOT LOS  R=NO MSL  D=TRACKING  FU=HOLD FIRE  FR=TGT PILOT  FD=SRCH 9K113 LOS  FL=CM MENU
12:23:38     !! L does not offer "CLOSE" (shows "nil") -- not pressing
12:23:38   on page 'other': C=FIRE  U=SRCH PILOT LOS  R=NO MSL  D=TRACKING  FU=HOLD FIRE  FR=TGT PILOT  FD=SRCH 9K113 LOS  FL=CM MENU
12:23:38     !! L does not offer "CLOSE" (shows "nil") -- not pressing
12:23:38   on page 'other': C=FIRE  U=SRCH PILOT LOS  R=NO MSL  D=TRACKING  FU=HOLD FIRE  FR=TGT PILOT  FD=SRCH 9K113 LOS  FL=CM MENU
12:23:38     !! L does not offer "CLOSE" (shows "nil") -- not pressing
12:23:38   on page 'other': C=FIRE  U=SRCH PILOT LOS  R=NO MSL  D=TRACKING  FU=HOLD FIRE  FR=TGT PILOT  FD=SRCH 9K113 LOS  FL=CM MENU
12:23:38     !! L does not offer "CLOSE" (shows "nil") -- not pressing
12:23:38   on page 'other': C=FIRE  U=SRCH PILOT LOS  R=NO MSL  D=TRACKING  FU=HOLD FIRE  FR=TGT PILOT  FD=SRCH 9K113 LOS  FL=CM MENU
12:23:38     !! L does not offer "CLOSE" (shows "nil") -- not pressing
12:23:38   on page 'other': C=FIRE  U=SRCH PILOT LOS  R=NO MSL  D=TRACKING  FU=HOLD FIRE  FR=TGT PILOT  FD=SRCH 9K113 LOS  FL=CM MENU
12:23:38     !! L does not offer "CLOSE" (shows "nil") -- not pressing
12:23:38   on page 'other': C=FIRE  U=SRCH PILOT LOS  R=NO MSL  D=TRACKING  FU=HOLD FIRE  FR=TGT PILOT  FD=SRCH 9K113 LOS  FL=CM MENU
12:23:38     !! L does not offer "CLOSE" (shows "nil") -- not pressing
12:23:38   on page 'other': C=FIRE  U=SRCH PILOT LOS  R=NO MSL  D=TRACKING  FU=HOLD FIRE  FR=TGT PILOT  FD=SRCH 9K113 LOS  FL=CM MENU
12:23:38     !! L does not offer "CLOSE" (shows "nil") -- not pressing
12:23:38   on page 'other': C=FIRE  U=SRCH PILOT LOS  R=NO MSL  D=TRACKING  FU=HOLD FIRE  FR=TGT PILOT  FD=SRCH 9K113 LOS  FL=CM MENU
12:23:38     !! L does not offer "CLOSE" (shows "nil") -- not pressing
12:23:38   on page 'other': C=FIRE  U=SRCH PILOT LOS  R=NO MSL  D=TRACKING  FU=HOLD FIRE  FR=TGT PILOT  FD=SRCH 9K113 LOS  FL=CM MENU
12:23:38     !! L does not offer "CLOSE" (shows "nil") -- not pressing
12:23:38   on page 'other': C=FIRE  U=SRCH PILOT LOS  R=NO MSL  D=TRACKING  FU=HOLD FIRE  FR=TGT PILOT  FD=SRCH 9K113 LOS  FL=CM MENU
12:23:38     !! L does not offer "CLOSE" (shows "nil") -- not pressing
12:23:38   on page 'other': C=FIRE  U=SRCH PILOT LOS  R=NO MSL  D=TRACKING  FU=HOLD FIRE  FR=TGT PILOT  FD=SRCH 9K113 LOS  FL=CM MENU
12:23:38     !! L does not offer "CLOSE" (shows "nil") -- not pressing
12:23:38   on page 'other': C=FIRE  U=SRCH PILOT LOS  R=NO MSL  D=TRACKING  FU=HOLD FIRE  FR=TGT PILOT  FD=SRCH 9K113 LOS  FL=CM MENU
12:23:38     !! L does not offer "CLOSE" (shows "nil") -- not pressing
12:23:38   on page 'other': C=FIRE  U=SRCH PILOT LOS  R=NO MSL  D=TRACKING  FU=HOLD FIRE  FR=TGT PILOT  FD=SRCH 9K113 LOS  FL=CM MENU
12:23:38     !! L does not offer "CLOSE" (shows "nil") -- not pressing
12:23:38   on page 'other': C=FIRE  U=SRCH PILOT LOS  R=NO MSL  D=TRACKING  FU=HOLD FIRE  FR=TGT PILOT  FD=SRCH 9K113 LOS  FL=CM MENU
12:23:38     !! L does not offer "CLOSE" (shows "nil") -- not pressing
12:23:38   on page 'other': C=FIRE  U=SRCH PILOT LOS  R=NO MSL  D=TRACKING  FU=HOLD FIRE  FR=TGT PILOT  FD=SRCH 9K113 LOS  FL=CM MENU
12:23:38     !! L does not offer "CLOSE" (shows "nil") -- not pressing
12:23:38   on page 'other': C=FIRE  U=SRCH PILOT LOS  R=NO MSL  D=TRACKING  FU=HOLD FIRE  FR=TGT PILOT  FD=SRCH 9K113 LOS  FL=CM MENU
12:23:38     !! L does not offer "CLOSE" (shows "nil") -- not pressing
12:23:39   on page 'other': C=FIRE  U=SRCH PILOT LOS  R=NO MSL  D=TRACKING  FU=HOLD FIRE  FR=TGT PILOT  FD=SRCH 9K113 LOS  FL=CM MENU
12:23:39     !! L does not offer "CLOSE" (shows "nil") -- not pressing
12:23:39   on page 'other': C=FIRE  U=SRCH PILOT LOS  R=NO MSL  D=TRACKING  FU=HOLD FIRE  FR=TGT PILOT  FD=SRCH 9K113 LOS  FL=CM MENU
12:23:39     !! L does not offer "CLOSE" (shows "nil") -- not pressing
12:23:39   on page 'other': C=FIRE  U=SRCH PILOT LOS  R=NO MSL  D=TRACKING  FU=HOLD FIRE  FR=TGT PILOT  FD=SRCH 9K113 LOS  FL=CM MENU
12:23:39     !! L does not offer "CLOSE" (shows "nil") -- not pressing
12:23:39   on page 'other': C=FIRE  U=SRCH PILOT LOS  R=NO MSL  D=TRACKING  FU=HOLD FIRE  FR=TGT PILOT  FD=SRCH 9K113 LOS  FL=CM MENU
12:23:39     !! L does not offer "CLOSE" (shows "nil") -- not pressing
12:23:39   on page 'other': C=FIRE  U=SRCH PILOT LOS  R=NO MSL  D=TRACKING  FU=HOLD FIRE  FR=TGT PILOT  FD=SRCH 9K113 LOS  FL=CM MENU
12:23:39     !! L does not offer "CLOSE" (shows "nil") -- not pressing
12:23:39   on page 'other': C=FIRE  U=SRCH PILOT LOS  R=NO MSL  D=TRACKING  FU=HOLD FIRE  FR=TGT PILOT  FD=SRCH 9K113 LOS  FL=CM MENU
12:23:39     !! L does not offer "CLOSE" (shows "nil") -- not pressing
12:23:39   on page 'other': C=FIRE  U=SRCH PILOT LOS  R=NO MSL  D=TRACKING  FU=HOLD FIRE  FR=TGT PILOT  FD=SRCH 9K113 LOS  FL=CM MENU
12:23:39     !! L does not offer "CLOSE" (shows "nil") -- not pressing
12:23:39   on page 'other': C=FIRE  U=SRCH PILOT LOS  R=NO MSL  D=TRACKING  FU=HOLD FIRE  FR=TGT PILOT  FD=SRCH 9K113 LOS  FL=CM MENU
12:23:39     !! L does not offer "CLOSE" (shows "nil") -- not pressing
12:23:39   on page 'other': C=FIRE  U=SRCH PILOT LOS  R=NO MSL  D=TRACKING  FU=HOLD FIRE  FR=TGT PILOT  FD=SRCH 9K113 LOS  FL=CM MENU
12:23:39     !! L does not offer "CLOSE" (shows "nil") -- not pressing
12:23:39   on page 'other': C=FIRE  U=SRCH PILOT LOS  R=NO MSL  D=TRACKING  FU=HOLD FIRE  FR=TGT PILOT  FD=SRCH 9K113 LOS  FL=CM MENU
12:23:39     !! L does not offer "CLOSE" (shows "nil") -- not pressing
12:23:39   on page 'other': C=FIRE  U=SRCH PILOT LOS  R=NO MSL  D=TRACKING  FU=HOLD FIRE  FR=TGT PILOT  FD=SRCH 9K113 LOS  FL=CM MENU
12:23:39     !! L does not offer "CLOSE" (shows "nil") -- not pressing
12:23:39   on page 'other': C=FIRE  U=SRCH PILOT LOS  R=NO MSL  D=TRACKING  FU=HOLD FIRE  FR=TGT PILOT  FD=SRCH 9K113 LOS  FL=CM MENU
12:23:39     !! L does not offer "CLOSE" (shows "nil") -- not pressing
12:23:39   on page 'other': C=FIRE  U=SRCH PILOT LOS  R=NO MSL  D=TRACKING  FU=HOLD FIRE  FR=TGT PILOT  FD=SRCH 9K113 LOS  FL=CM MENU
12:23:39     !! L does not offer "CLOSE" (shows "nil") -- not pressing
12:23:39   on page 'other': C=FIRE  U=SRCH PILOT LOS  R=NO MSL  D=TRACKING  FU=HOLD FIRE  FR=TGT PILOT  FD=SRCH 9K113 LOS  FL=CM MENU
12:23:39     !! L does not offer "CLOSE" (shows "nil") -- not pressing
12:23:39   on page 'other': C=FIRE  U=SRCH PILOT LOS  R=NO MSL  D=TRACKING  FU=HOLD FIRE  FR=TGT PILOT  FD=SRCH 9K113 LOS  FL=CM MENU
12:23:39     !! L does not offer "CLOSE" (shows "nil") -- not pressing
12:23:39   on page 'other': C=FIRE  U=SRCH PILOT LOS  R=NO MSL  D=TRACKING  FU=HOLD FIRE  FR=TGT PILOT  FD=SRCH 9K113 LOS  FL=CM MENU
12:23:39     !! L does not offer "CLOSE" (shows "nil") -- not pressing
12:23:39   on page 'other': C=FIRE  U=SRCH PILOT LOS  R=NO MSL  D=TRACKING  FU=HOLD FIRE  FR=TGT PILOT  FD=SRCH 9K113 LOS  FL=CM MENU
12:23:39     !! L does not offer "CLOSE" (shows "nil") -- not pressing
12:23:39   on page 'other': C=FIRE  U=SRCH PILOT LOS  R=NO MSL  D=TRACKING  FU=HOLD FIRE  FR=TGT PILOT  FD=SRCH 9K113 LOS  FL=CM MENU
12:23:39     !! L does not offer "CLOSE" (shows "nil") -- not pressing
12:23:39   on page 'other': C=FIRE  U=SRCH PILOT LOS  R=NO MSL  D=TRACKING  FU=HOLD FIRE  FR=TGT PILOT  FD=SRCH 9K113 LOS  FL=CM MENU
12:23:39     !! L does not offer "CLOSE" (shows "nil") -- not pressing
12:23:39   on page 'other': C=FIRE  U=SRCH PILOT LOS  R=NO MSL  D=TRACKING  FU=HOLD FIRE  FR=TGT PILOT  FD=SRCH 9K113 LOS  FL=CM MENU
12:23:39     !! L does not offer "CLOSE" (shows "nil") -- not pressing
12:23:39   on page 'other': C=FIRE  U=SRCH PILOT LOS  R=NO MSL  D=TRACKING  FU=HOLD FIRE  FR=TGT PILOT  FD=SRCH 9K113 LOS  FL=CM MENU
12:23:39     !! L does not offer "CLOSE" (shows "nil") -- not pressing
12:23:39   on page 'other': C=FIRE  U=SRCH PILOT LOS  R=NO MSL  D=TRACKING  FU=HOLD FIRE  FR=TGT PILOT  FD=SRCH 9K113 LOS  FL=CM MENU
12:23:39     !! L does not offer "CLOSE" (shows "nil") -- not pressing
12:23:39   on page 'other': C=FIRE  U=SRCH PILOT LOS  R=NO MSL  D=TRACKING  FU=HOLD FIRE  FR=TGT PILOT  FD=SRCH 9K113 LOS  FL=CM MENU
12:23:39     !! L does not offer "CLOSE" (shows "nil") -- not pressing
12:23:39   on page 'other': C=FIRE  U=SRCH PILOT LOS  R=NO MSL  D=TRACKING  FU=HOLD FIRE  FR=TGT PILOT  FD=SRCH 9K113 LOS  FL=CM MENU
12:23:39     !! L does not offer "CLOSE" (shows "nil") -- not pressing
12:23:39   on page 'other': C=FIRE  U=SRCH PILOT LOS  R=NO MSL  D=TRACKING  FU=HOLD FIRE  FR=TGT PILOT  FD=SRCH 9K113 LOS  FL=CM MENU
12:23:39     !! L does not offer "CLOSE" (shows "nil") -- not pressing
12:23:39   on page 'other': C=FIRE  U=SRCH PILOT LOS  R=NO MSL  D=TRACKING  FU=HOLD FIRE  FR=TGT PILOT  FD=SRCH 9K113 LOS  FL=CM MENU
12:23:39     !! L does not offer "CLOSE" (shows "nil") -- not pressing
12:23:39   on page 'other': C=FIRE  U=SRCH PILOT LOS  R=NO MSL  D=TRACKING  FU=HOLD FIRE  FR=TGT PILOT  FD=SRCH 9K113 LOS  FL=CM MENU
12:23:39     !! L does not offer "CLOSE" (shows "nil") -- not pressing
12:23:39   on page 'other': C=FIRE  U=SRCH PILOT LOS  R=NO MSL  D=TRACKING  FU=HOLD FIRE  FR=TGT PILOT  FD=SRCH 9K113 LOS  FL=CM MENU
12:23:39     !! L does not offer "CLOSE" (shows "nil") -- not pressing
12:23:39   on page 'other': C=FIRE  U=SRCH PILOT LOS  R=NO MSL  D=TRACKING  FU=HOLD FIRE  FR=TGT PILOT  FD=SRCH 9K113 LOS  FL=CM MENU
12:23:39     !! L does not offer "CLOSE" (shows "nil") -- not pressing
12:23:39   on page 'other': C=FIRE  U=SRCH PILOT LOS  R=NO MSL  D=TRACKING  FU=HOLD FIRE  FR=TGT PILOT  FD=SRCH 9K113 LOS  FL=CM MENU
12:23:39     !! L does not offer "CLOSE" (shows "nil") -- not pressing
12:23:39   on page 'other': C=FIRE  U=SRCH PILOT LOS  R=NO MSL  D=TRACKING  FU=HOLD FIRE  FR=TGT PILOT  FD=SRCH 9K113 LOS  FL=CM MENU
12:23:39     !! L does not offer "CLOSE" (shows "nil") -- not pressing
12:23:39   on page 'other': C=FIRE  U=SRCH PILOT LOS  R=NO MSL  D=TRACKING  FU=HOLD FIRE  FR=TGT PILOT  FD=SRCH 9K113 LOS  FL=CM MENU
12:23:39     !! L does not offer "CLOSE" (shows "nil") -- not pressing
12:23:39   on page 'other': C=FIRE  U=SRCH PILOT LOS  R=NO MSL  D=TRACKING  FU=HOLD FIRE  FR=TGT PILOT  FD=SRCH 9K113 LOS  FL=CM MENU
12:23:39     !! L does not offer "CLOSE" (shows "nil") -- not pressing
12:23:39   on page 'other': C=FIRE  U=SRCH PILOT LOS  R=NO MSL  D=TRACKING  FU=HOLD FIRE  FR=TGT PILOT  FD=SRCH 9K113 LOS  FL=CM MENU
12:23:39     !! L does not offer "CLOSE" (shows "nil") -- not pressing
12:23:39   on page 'other': C=FIRE  U=SRCH PILOT LOS  R=NO MSL  D=TRACKING  FU=HOLD FIRE  FR=TGT PILOT  FD=SRCH 9K113 LOS  FL=CM MENU
12:23:39     !! L does not offer "CLOSE" (shows "nil") -- not pressing
12:23:39   on page 'other': C=FIRE  U=SRCH PILOT LOS  R=NO MSL  D=TRACKING  FU=HOLD FIRE  FR=TGT PILOT  FD=SRCH 9K113 LOS  FL=CM MENU
12:23:39     !! L does not offer "CLOSE" (shows "nil") -- not pressing
12:23:39   on page 'other': C=FIRE  U=SRCH PILOT LOS  R=NO MSL  D=TRACKING  FU=HOLD FIRE  FR=TGT PILOT  FD=SRCH 9K113 LOS  FL=CM MENU
12:23:39     !! L does not offer "CLOSE" (shows "nil") -- not pressing
12:23:39   on page 'other': C=FIRE  U=SRCH PILOT LOS  R=NO MSL  D=TRACKING  FU=HOLD FIRE  FR=TGT PILOT  FD=SRCH 9K113 LOS  FL=CM MENU
12:23:39     !! L does not offer "CLOSE" (shows "nil") -- not pressing
12:23:39   on page 'other': C=FIRE  U=SRCH PILOT LOS  R=NO MSL  D=TRACKING  FU=HOLD FIRE  FR=TGT PILOT  FD=SRCH 9K113 LOS  FL=CM MENU
12:23:39     !! L does not offer "CLOSE" (shows "nil") -- not pressing
12:23:39   on page 'other': C=FIRE  U=SRCH PILOT LOS  R=NO MSL  D=TRACKING  FU=HOLD FIRE  FR=TGT PILOT  FD=SRCH 9K113 LOS  FL=CM MENU
12:23:39     !! L does not offer "CLOSE" (shows "nil") -- not pressing
12:23:39   on page 'other': C=FIRE  U=SRCH PILOT LOS  R=NO MSL  D=TRACKING  FU=HOLD FIRE  FR=TGT PILOT  FD=SRCH 9K113 LOS  FL=CM MENU
12:23:39     !! L does not offer "CLOSE" (shows "nil") -- not pressing
12:23:39   on page 'other': C=FIRE  U=SRCH PILOT LOS  R=NO MSL  D=TRACKING  FU=HOLD FIRE  FR=TGT PILOT  FD=SRCH 9K113 LOS  FL=CM MENU
12:23:39     !! L does not offer "CLOSE" (shows "nil") -- not pressing
12:23:39   on page 'other': C=FIRE  U=SRCH PILOT LOS  R=NO MSL  D=TRACKING  FU=HOLD FIRE  FR=TGT PILOT  FD=SRCH 9K113 LOS  FL=CM MENU
12:23:39     !! L does not offer "CLOSE" (shows "nil") -- not pressing
12:23:39   on page 'other': C=FIRE  U=SRCH PILOT LOS  R=NO MSL  D=TRACKING  FU=HOLD FIRE  FR=TGT PILOT  FD=SRCH 9K113 LOS  FL=CM MENU
12:23:39     !! L does not offer "CLOSE" (shows "nil") -- not pressing
12:23:39   on page 'other': C=FIRE  U=SRCH PILOT LOS  R=NO MSL  D=TRACKING  FU=HOLD FIRE  FR=TGT PILOT  FD=SRCH 9K113 LOS  FL=CM MENU
12:23:39     !! L does not offer "CLOSE" (shows "nil") -- not pressing
12:23:39   on page 'other': C=FIRE  U=SRCH PILOT LOS  R=NO MSL  D=TRACKING  FU=HOLD FIRE  FR=TGT PILOT  FD=SRCH 9K113 LOS  FL=CM MENU
12:23:39     !! L does not offer "CLOSE" (shows "nil") -- not pressing
12:23:39   on page 'other': C=FIRE  U=SRCH PILOT LOS  R=NO MSL  D=TRACKING  FU=HOLD FIRE  FR=TGT PILOT  FD=SRCH 9K113 LOS  FL=CM MENU
12:23:39     !! L does not offer "CLOSE" (shows "nil") -- not pressing
12:23:39   on page 'other': C=FIRE  U=SRCH PILOT LOS  R=NO MSL  D=TRACKING  FU=HOLD FIRE  FR=TGT PILOT  FD=SRCH 9K113 LOS  FL=CM MENU
12:23:39     !! L does not offer "CLOSE" (shows "nil") -- not pressing
12:23:39   on page 'other': C=FIRE  U=SRCH PILOT LOS  R=NO MSL  D=TRACKING  FU=HOLD FIRE  FR=TGT PILOT  FD=SRCH 9K113 LOS  FL=CM MENU
12:23:39     !! L does not offer "CLOSE" (shows "nil") -- not pressing
12:23:39   on page 'other': C=FIRE  U=SRCH PILOT LOS  R=NO MSL  D=TRACKING  FU=HOLD FIRE  FR=TGT PILOT  FD=SRCH 9K113 LOS  FL=CM MENU
12:23:39     !! L does not offer "CLOSE" (shows "nil") -- not pressing
12:23:39   on page 'other': C=FIRE  U=SRCH PILOT LOS  R=NO MSL  D=TRACKING  FU=HOLD FIRE  FR=TGT PILOT  FD=SRCH 9K113 LOS  FL=CM MENU
12:23:39     !! L does not offer "CLOSE" (shows "nil") -- not pressing
12:23:39   on page 'other': C=FIRE  U=SRCH PILOT LOS  R=NO MSL  D=TRACKING  FU=HOLD FIRE  FR=TGT PILOT  FD=SRCH 9K113 LOS  FL=CM MENU
12:23:39     !! L does not offer "CLOSE" (shows "nil") -- not pressing
12:23:39   on page 'other': C=FIRE  U=SRCH PILOT LOS  R=NO MSL  D=TRACKING  FU=HOLD FIRE  FR=TGT PILOT  FD=SRCH 9K113 LOS  FL=CM MENU
12:23:39     !! L does not offer "CLOSE" (shows "nil") -- not pressing
12:23:39   on page 'other': C=FIRE  U=SRCH PILOT LOS  R=NO MSL  D=TRACKING  FU=HOLD FIRE  FR=TGT PILOT  FD=SRCH 9K113 LOS  FL=CM MENU
12:23:39     !! L does not offer "CLOSE" (shows "nil") -- not pressing
12:23:39   on page 'other': C=FIRE  U=SRCH PILOT LOS  R=NO MSL  D=TRACKING  FU=HOLD FIRE  FR=TGT PILOT  FD=SRCH 9K113 LOS  FL=CM MENU
12:23:39     !! L does not offer "CLOSE" (shows "nil") -- not pressing
12:23:39   on page 'other': C=FIRE  U=SRCH PILOT LOS  R=NO MSL  D=TRACKING  FU=HOLD FIRE  FR=TGT PILOT  FD=SRCH 9K113 LOS  FL=CM MENU
12:23:39     !! L does not offer "CLOSE" (shows "nil") -- not pressing
12:23:39   on page 'other': C=FIRE  U=SRCH PILOT LOS  R=NO MSL  D=TRACKING  FU=HOLD FIRE  FR=TGT PILOT  FD=SRCH 9K113 LOS  FL=CM MENU
12:23:39     !! L does not offer "CLOSE" (shows "nil") -- not pressing
12:23:39   on page 'other': C=FIRE  U=SRCH PILOT LOS  R=NO MSL  D=TRACKING  FU=HOLD FIRE  FR=TGT PILOT  FD=SRCH 9K113 LOS  FL=CM MENU
12:23:39     !! L does not offer "CLOSE" (shows "nil") -- not pressing
12:23:39   on page 'other': C=FIRE  U=SRCH PILOT LOS  R=NO MSL  D=TRACKING  FU=HOLD FIRE  FR=TGT PILOT  FD=SRCH 9K113 LOS  FL=CM MENU
12:23:39     !! L does not offer "CLOSE" (shows "nil") -- not pressing
12:23:39   on page 'other': C=FIRE  U=SRCH PILOT LOS  R=NO MSL  D=TRACKING  FU=HOLD FIRE  FR=TGT PILOT  FD=SRCH 9K113 LOS  FL=CM MENU
12:23:39     !! L does not offer "CLOSE" (shows "nil") -- not pressing
12:23:39   on page 'other': C=FIRE  U=SRCH PILOT LOS  R=NO MSL  D=TRACKING  FU=HOLD FIRE  FR=TGT PILOT  FD=SRCH 9K113 LOS  FL=CM MENU
12:23:39     !! L does not offer "CLOSE" (shows "nil") -- not pressing
12:23:39   on page 'other': C=FIRE  U=SRCH PILOT LOS  R=NO MSL  D=TRACKING  FU=HOLD FIRE  FR=TGT PILOT  FD=SRCH 9K113 LOS  FL=CM MENU
12:23:39     !! L does not offer "CLOSE" (shows "nil") -- not pressing
12:23:39   on page 'other': C=FIRE  U=SRCH PILOT LOS  R=NO MSL  D=TRACKING  FU=HOLD FIRE  FR=TGT PILOT  FD=SRCH 9K113 LOS  FL=CM MENU
12:23:39     !! L does not offer "CLOSE" (shows "nil") -- not pressing
12:23:39   on page 'other': C=FIRE  U=SRCH PILOT LOS  R=NO MSL  D=TRACKING  FU=HOLD FIRE  FR=TGT PILOT  FD=SRCH 9K113 LOS  FL=CM MENU
12:23:39     !! L does not offer "CLOSE" (shows "nil") -- not pressing
12:23:39   on page 'other': C=FIRE  U=SRCH PILOT LOS  R=NO MSL  D=TRACKING  FU=HOLD FIRE  FR=TGT PILOT  FD=SRCH 9K113 LOS  FL=CM MENU
12:23:39     !! L does not offer "CLOSE" (shows "nil") -- not pressing
12:23:39   on page 'other': C=FIRE  U=SRCH PILOT LOS  R=NO MSL  D=TRACKING  FU=HOLD FIRE  FR=TGT PILOT  FD=SRCH 9K113 LOS  FL=CM MENU
12:23:39     !! L does not offer "CLOSE" (shows "nil") -- not pressing
12:23:39   on page 'other': C=FIRE  U=SRCH PILOT LOS  R=NO MSL  D=TRACKING  FU=HOLD FIRE  FR=TGT PILOT  FD=SRCH 9K113 LOS  FL=CM MENU
12:23:39     !! L does not offer "CLOSE" (shows "nil") -- not pressing
12:23:39   on page 'other': C=FIRE  U=SRCH PILOT LOS  R=NO MSL  D=TRACKING  FU=HOLD FIRE  FR=TGT PILOT  FD=SRCH 9K113 LOS  FL=CM MENU
12:23:39     !! L does not offer "CLOSE" (shows "nil") -- not pressing
12:23:39   on page 'other': C=FIRE  U=SRCH PILOT LOS  R=NO MSL  D=TRACKING  FU=HOLD FIRE  FR=TGT PILOT  FD=SRCH 9K113 LOS  FL=CM MENU
12:23:39     !! L does not offer "CLOSE" (shows "nil") -- not pressing
12:23:39   on page 'other': C=FIRE  U=SRCH PILOT LOS  R=NO MSL  D=TRACKING  FU=HOLD FIRE  FR=TGT PILOT  FD=SRCH 9K113 LOS  FL=CM MENU
12:23:39     !! L does not offer "CLOSE" (shows "nil") -- not pressing
12:23:39   on page 'other': C=FIRE  U=SRCH PILOT LOS  R=NO MSL  D=TRACKING  FU=HOLD FIRE  FR=TGT PILOT  FD=SRCH 9K113 LOS  FL=CM MENU
12:23:39     !! L does not offer "CLOSE" (shows "nil") -- not pressing
12:23:39   on page 'other': C=FIRE  U=SRCH PILOT LOS  R=NO MSL  D=TRACKING  FU=HOLD FIRE  FR=TGT PILOT  FD=SRCH 9K113 LOS  FL=CM MENU
12:23:39     !! L does not offer "CLOSE" (shows "nil") -- not pressing
12:23:39   on page 'other': C=FIRE  U=SRCH PILOT LOS  R=NO MSL  D=TRACKING  FU=HOLD FIRE  FR=TGT PILOT  FD=SRCH 9K113 LOS  FL=CM MENU
12:23:39     !! L does not offer "CLOSE" (shows "nil") -- not pressing
12:23:39   on page 'other': C=FIRE  U=SRCH PILOT LOS  R=NO MSL  D=TRACKING  FU=HOLD FIRE  FR=TGT PILOT  FD=SRCH 9K113 LOS  FL=CM MENU
12:23:39     !! L does not offer "CLOSE" (shows "nil") -- not pressing
12:23:39   on page 'other': C=FIRE  U=SRCH PILOT LOS  R=NO MSL  D=TRACKING  FU=HOLD FIRE  FR=TGT PILOT  FD=SRCH 9K113 LOS  FL=CM MENU
12:23:39     !! L does not offer "CLOSE" (shows "nil") -- not pressing
12:23:39   on page 'other': C=FIRE  U=SRCH PILOT LOS  R=NO MSL  D=TRACKING  FU=HOLD FIRE  FR=TGT PILOT  FD=SRCH 9K113 LOS  FL=CM MENU
12:23:39     !! L does not offer "CLOSE" (shows "nil") -- not pressing
12:23:39   on page 'other': C=FIRE  U=SRCH PILOT LOS  R=NO MSL  D=TRACKING  FU=HOLD FIRE  FR=TGT PILOT  FD=SRCH 9K113 LOS  FL=CM MENU
12:23:39     !! L does not offer "CLOSE" (shows "nil") -- not pressing
12:23:39   on page 'other': C=FIRE  U=SRCH PILOT LOS  R=NO MSL  D=TRACKING  FU=HOLD FIRE  FR=TGT PILOT  FD=SRCH 9K113 LOS  FL=CM MENU
12:23:39     !! L does not offer "CLOSE" (shows "nil") -- not pressing
12:23:39   on page 'other': C=FIRE  U=SRCH PILOT LOS  R=NO MSL  D=TRACKING  FU=HOLD FIRE  FR=TGT PILOT  FD=SRCH 9K113 LOS  FL=CM MENU
12:23:39     !! L does not offer "CLOSE" (shows "nil") -- not pressing
12:23:39   on page 'other': C=FIRE  U=SRCH PILOT LOS  R=NO MSL  D=TRACKING  FU=HOLD FIRE  FR=TGT PILOT  FD=SRCH 9K113 LOS  FL=CM MENU
12:23:39     !! L does not offer "CLOSE" (shows "nil") -- not pressing
12:23:40   on page 'other': C=FIRE  U=SRCH PILOT LOS  R=NO MSL  D=TRACKING  FU=HOLD FIRE  FR=TGT PILOT  FD=SRCH 9K113 LOS  FL=CM MENU
12:23:40     !! L does not offer "CLOSE" (shows "nil") -- not pressing
12:23:40   on page 'other': C=FIRE  U=SRCH PILOT LOS  R=NO MSL  D=TRACKING  FU=HOLD FIRE  FR=TGT PILOT  FD=SRCH 9K113 LOS  FL=CM MENU
12:23:40     !! L does not offer "CLOSE" (shows "nil") -- not pressing
12:23:40   on page 'other': C=FIRE  U=SRCH PILOT LOS  R=NO MSL  D=TRACKING  FU=HOLD FIRE  FR=TGT PILOT  FD=SRCH 9K113 LOS  FL=CM MENU
12:23:40     !! L does not offer "CLOSE" (shows "nil") -- not pressing
12:23:40   on page 'other': C=FIRE  U=SRCH PILOT LOS  R=NO MSL  D=TRACKING  FU=HOLD FIRE  FR=TGT PILOT  FD=SRCH 9K113 LOS  FL=CM MENU
12:23:40     !! L does not offer "CLOSE" (shows "nil") -- not pressing
12:23:40   on page 'other': C=FIRE  U=SRCH PILOT LOS  R=NO MSL  D=TRACKING  FU=HOLD FIRE  FR=TGT PILOT  FD=SRCH 9K113 LOS  FL=CM MENU
12:23:40     !! L does not offer "CLOSE" (shows "nil") -- not pressing
12:23:40   on page 'other': C=FIRE  U=SRCH PILOT LOS  R=NO MSL  D=TRACKING  FU=HOLD FIRE  FR=TGT PILOT  FD=SRCH 9K113 LOS  FL=CM MENU
12:23:40     !! L does not offer "CLOSE" (shows "nil") -- not pressing
12:23:40   on page 'other': C=FIRE  U=SRCH PILOT LOS  R=NO MSL  D=TRACKING  FU=HOLD FIRE  FR=TGT PILOT  FD=SRCH 9K113 LOS  FL=CM MENU
12:23:40     !! L does not offer "CLOSE" (shows "nil") -- not pressing
12:23:40   on page 'other': C=FIRE  U=SRCH PILOT LOS  R=NO MSL  D=TRACKING  FU=HOLD FIRE  FR=TGT PILOT  FD=SRCH 9K113 LOS  FL=CM MENU
12:23:40     !! L does not offer "CLOSE" (shows "nil") -- not pressing
12:23:40   on page 'other': C=FIRE  U=SRCH PILOT LOS  R=NO MSL  D=TRACKING  FU=HOLD FIRE  FR=TGT PILOT  FD=SRCH 9K113 LOS  FL=CM MENU
12:23:40     !! L does not offer "CLOSE" (shows "nil") -- not pressing
12:23:40   on page 'other': C=FIRE  U=SRCH PILOT LOS  R=NO MSL  D=TRACKING  FU=HOLD FIRE  FR=TGT PILOT  FD=SRCH 9K113 LOS  FL=CM MENU
12:23:40     !! L does not offer "CLOSE" (shows "nil") -- not pressing
12:23:40   on page 'other': C=FIRE  U=SRCH PILOT LOS  R=NO MSL  D=TRACKING  FU=HOLD FIRE  FR=TGT PILOT  FD=SRCH 9K113 LOS  FL=CM MENU
12:23:40     !! L does not offer "CLOSE" (shows "nil") -- not pressing
12:23:40   on page 'other': C=FIRE  U=SRCH PILOT LOS  R=NO MSL  D=TRACKING  FU=HOLD FIRE  FR=TGT PILOT  FD=SRCH 9K113 LOS  FL=CM MENU
12:23:40     !! L does not offer "CLOSE" (shows "nil") -- not pressing
12:23:40   on page 'other': C=FIRE  U=SRCH PILOT LOS  R=NO MSL  D=TRACKING  FU=HOLD FIRE  FR=TGT PILOT  FD=SRCH 9K113 LOS  FL=CM MENU
12:23:40     !! L does not offer "CLOSE" (shows "nil") -- not pressing
12:23:40   on page 'other': C=FIRE  U=SRCH PILOT LOS  R=NO MSL  D=TRACKING  FU=HOLD FIRE  FR=TGT PILOT  FD=SRCH 9K113 LOS  FL=CM MENU
12:23:40     !! L does not offer "CLOSE" (shows "nil") -- not pressing
12:23:40   on page 'other': C=FIRE  U=SRCH PILOT LOS  R=NO MSL  D=TRACKING  FU=HOLD FIRE  FR=TGT PILOT  FD=SRCH 9K113 LOS  FL=CM MENU
12:23:40     !! L does not offer "CLOSE" (shows "nil") -- not pressing
12:23:40   on page 'other': C=FIRE  U=SRCH PILOT LOS  R=NO MSL  D=TRACKING  FU=HOLD FIRE  FR=TGT PILOT  FD=SRCH 9K113 LOS  FL=CM MENU
12:23:40     !! L does not offer "CLOSE" (shows "nil") -- not pressing
12:23:40   on page 'other': C=FIRE  U=SRCH PILOT LOS  R=NO MSL  D=TRACKING  FU=HOLD FIRE  FR=TGT PILOT  FD=SRCH 9K113 LOS  FL=CM MENU
12:23:40     !! L does not offer "CLOSE" (shows "nil") -- not pressing
12:23:40   on page 'other': C=FIRE  U=SRCH PILOT LOS  R=NO MSL  D=TRACKING  FU=HOLD FIRE  FR=TGT PILOT  FD=SRCH 9K113 LOS  FL=CM MENU
12:23:40     !! L does not offer "CLOSE" (shows "nil") -- not pressing
12:23:40   on page 'other': C=FIRE  U=SRCH PILOT LOS  R=NO MSL  D=TRACKING  FU=HOLD FIRE  FR=TGT PILOT  FD=SRCH 9K113 LOS  FL=CM MENU
12:23:40     !! L does not offer "CLOSE" (shows "nil") -- not pressing
12:23:40   on page 'other': C=FIRE  U=SRCH PILOT LOS  R=NO MSL  D=TRACKING  FU=HOLD FIRE  FR=TGT PILOT  FD=SRCH 9K113 LOS  FL=CM MENU
12:23:40     !! L does not offer "CLOSE" (shows "nil") -- not pressing
12:23:40   on page 'other': C=FIRE  U=SRCH PILOT LOS  R=NO MSL  D=TRACKING  FU=HOLD FIRE  FR=TGT PILOT  FD=SRCH 9K113 LOS  FL=CM MENU
12:23:40     !! L does not offer "CLOSE" (shows "nil") -- not pressing
12:23:40   on page 'other': C=FIRE  U=SRCH PILOT LOS  R=NO MSL  D=TRACKING  FU=HOLD FIRE  FR=TGT PILOT  FD=SRCH 9K113 LOS  FL=CM MENU
12:23:40     !! L does not offer "CLOSE" (shows "nil") -- not pressing
12:23:40   on page 'other': C=FIRE  U=SRCH PILOT LOS  R=NO MSL  D=TRACKING  FU=HOLD FIRE  FR=TGT PILOT  FD=SRCH 9K113 LOS  FL=CM MENU
12:23:40     !! L does not offer "CLOSE" (shows "nil") -- not pressing
12:23:40   on page 'other': C=FIRE  U=SRCH PILOT LOS  R=NO MSL  D=TRACKING  FU=HOLD FIRE  FR=TGT PILOT  FD=SRCH 9K113 LOS  FL=CM MENU
12:23:40     !! L does not offer "CLOSE" (shows "nil") -- not pressing
12:23:40   on page 'other': C=FIRE  U=SRCH PILOT LOS  R=NO MSL  D=TRACKING  FU=HOLD FIRE  FR=TGT PILOT  FD=SRCH 9K113 LOS  FL=CM MENU
12:23:40     !! L does not offer "CLOSE" (shows "nil") -- not pressing
12:23:40   on page 'other': C=FIRE  U=SRCH PILOT LOS  R=NO MSL  D=TRACKING  FU=HOLD FIRE  FR=TGT PILOT  FD=SRCH 9K113 LOS  FL=CM MENU
12:23:40     !! L does not offer "CLOSE" (shows "nil") -- not pressing
12:23:40   on page 'other': C=FIRE  U=SRCH PILOT LOS  R=NO MSL  D=TRACKING  FU=HOLD FIRE  FR=TGT PILOT  FD=SRCH 9K113 LOS  FL=CM MENU
12:23:40     !! L does not offer "CLOSE" (shows "nil") -- not pressing
12:23:40   on page 'other': C=FIRE  U=SRCH PILOT LOS  R=NO MSL  D=TRACKING  FU=HOLD FIRE  FR=TGT PILOT  FD=SRCH 9K113 LOS  FL=CM MENU
12:23:40     !! L does not offer "CLOSE" (shows "nil") -- not pressing
12:23:40   on page 'other': C=FIRE  U=SRCH PILOT LOS  R=NO MSL  D=TRACKING  FU=HOLD FIRE  FR=TGT PILOT  FD=SRCH 9K113 LOS  FL=CM MENU
12:23:40     !! L does not offer "CLOSE" (shows "nil") -- not pressing
12:23:40   on page 'other': C=FIRE  U=SRCH PILOT LOS  R=NO MSL  D=TRACKING  FU=HOLD FIRE  FR=TGT PILOT  FD=SRCH 9K113 LOS  FL=CM MENU
12:23:40     !! L does not offer "CLOSE" (shows "nil") -- not pressing
12:23:40   on page 'other': C=FIRE  U=SRCH PILOT LOS  R=NO MSL  D=TRACKING  FU=HOLD FIRE  FR=TGT PILOT  FD=SRCH 9K113 LOS  FL=CM MENU
12:23:40     !! L does not offer "CLOSE" (shows "nil") -- not pressing
12:23:40   on page 'other': C=FIRE  U=SRCH PILOT LOS  R=NO MSL  D=TRACKING  FU=HOLD FIRE  FR=TGT PILOT  FD=SRCH 9K113 LOS  FL=CM MENU
12:23:40     !! L does not offer "CLOSE" (shows "nil") -- not pressing
12:23:40   on page 'other': C=FIRE  U=SRCH PILOT LOS  R=NO MSL  D=TRACKING  FU=HOLD FIRE  FR=TGT PILOT  FD=SRCH 9K113 LOS  FL=CM MENU
12:23:40     !! L does not offer "CLOSE" (shows "nil") -- not pressing
12:23:40   on page 'other': C=FIRE  U=SRCH PILOT LOS  R=NO MSL  D=TRACKING  FU=HOLD FIRE  FR=TGT PILOT  FD=SRCH 9K113 LOS  FL=CM MENU
12:23:40     !! L does not offer "CLOSE" (shows "nil") -- not pressing
12:23:40   on page 'other': C=FIRE  U=SRCH PILOT LOS  R=NO MSL  D=TRACKING  FU=HOLD FIRE  FR=TGT PILOT  FD=SRCH 9K113 LOS  FL=CM MENU
12:23:40     !! L does not offer "CLOSE" (shows "nil") -- not pressing
12:23:40   on page 'other': C=FIRE  U=SRCH PILOT LOS  R=NO MSL  D=TRACKING  FU=HOLD FIRE  FR=TGT PILOT  FD=SRCH 9K113 LOS  FL=CM MENU
12:23:40     !! L does not offer "CLOSE" (shows "nil") -- not pressing
12:23:40   on page 'other': C=FIRE  U=SRCH PILOT LOS  R=NO MSL  D=TRACKING  FU=HOLD FIRE  FR=TGT PILOT  FD=SRCH 9K113 LOS  FL=CM MENU
12:23:40     !! L does not offer "CLOSE" (shows "nil") -- not pressing
12:23:40   on page 'other': C=FIRE  U=SRCH PILOT LOS  R=NO MSL  D=TRACKING  FU=HOLD FIRE  FR=TGT PILOT  FD=SRCH 9K113 LOS  FL=CM MENU
12:23:40     !! L does not offer "CLOSE" (shows "nil") -- not pressing
12:23:40   on page 'other': C=FIRE  U=SRCH PILOT LOS  R=NO MSL  D=TRACKING  FU=HOLD FIRE  FR=TGT PILOT  FD=SRCH 9K113 LOS  FL=CM MENU
12:23:40     !! L does not offer "CLOSE" (shows "nil") -- not pressing
12:23:40   on page 'other': C=FIRE  U=SRCH PILOT LOS  R=NO MSL  D=TRACKING  FU=HOLD FIRE  FR=TGT PILOT  FD=SRCH 9K113 LOS  FL=CM MENU
12:23:40     !! L does not offer "CLOSE" (shows "nil") -- not pressing
12:23:40   on page 'other': C=FIRE  U=SRCH PILOT LOS  R=NO MSL  D=TRACKING  FU=HOLD FIRE  FR=TGT PILOT  FD=SRCH 9K113 LOS  FL=CM MENU
12:23:40     !! L does not offer "CLOSE" (shows "nil") -- not pressing
12:23:40   on page 'other': C=FIRE  U=SRCH PILOT LOS  R=NO MSL  D=TRACKING  FU=HOLD FIRE  FR=TGT PILOT  FD=SRCH 9K113 LOS  FL=CM MENU
12:23:40     !! L does not offer "CLOSE" (shows "nil") -- not pressing
12:23:40   on page 'other': C=FIRE  U=SRCH PILOT LOS  R=NO MSL  D=TRACKING  FU=HOLD FIRE  FR=TGT PILOT  FD=SRCH 9K113 LOS  FL=CM MENU
12:23:40     !! L does not offer "CLOSE" (shows "nil") -- not pressing
12:23:40   on page 'other': C=FIRE  U=SRCH PILOT LOS  R=NO MSL  D=TRACKING  FU=HOLD FIRE  FR=TGT PILOT  FD=SRCH 9K113 LOS  FL=CM MENU
12:23:40     !! L does not offer "CLOSE" (shows "nil") -- not pressing
12:23:40   on page 'other': C=FIRE  U=SRCH PILOT LOS  R=NO MSL  D=TRACKING  FU=HOLD FIRE  FR=TGT PILOT  FD=SRCH 9K113 LOS  FL=CM MENU
12:23:40     !! L does not offer "CLOSE" (shows "nil") -- not pressing
12:23:40   on page 'other': C=FIRE  U=SRCH PILOT LOS  R=NO MSL  D=TRACKING  FU=HOLD FIRE  FR=TGT PILOT  FD=SRCH 9K113 LOS  FL=CM MENU
12:23:40     !! L does not offer "CLOSE" (shows "nil") -- not pressing
12:23:40   on page 'other': C=FIRE  U=SRCH PILOT LOS  R=NO MSL  D=TRACKING  FU=HOLD FIRE  FR=TGT PILOT  FD=SRCH 9K113 LOS  FL=CM MENU
12:23:40     !! L does not offer "CLOSE" (shows "nil") -- not pressing
12:23:40   on page 'other': C=FIRE  U=SRCH PILOT LOS  R=NO MSL  D=TRACKING  FU=HOLD FIRE  FR=TGT PILOT  FD=SRCH 9K113 LOS  FL=CM MENU
12:23:40     !! L does not offer "CLOSE" (shows "nil") -- not pressing
12:23:40   on page 'other': C=FIRE  U=SRCH PILOT LOS  R=NO MSL  D=TRACKING  FU=HOLD FIRE  FR=TGT PILOT  FD=SRCH 9K113 LOS  FL=CM MENU
12:23:40     !! L does not offer "CLOSE" (shows "nil") -- not pressing
12:23:40   on page 'other': C=FIRE  U=SRCH PILOT LOS  R=NO MSL  D=TRACKING  FU=HOLD FIRE  FR=TGT PILOT  FD=SRCH 9K113 LOS  FL=CM MENU
12:23:40     !! L does not offer "CLOSE" (shows "nil") -- not pressing
12:23:40   on page 'other': C=FIRE  U=SRCH PILOT LOS  R=NO MSL  D=TRACKING  FU=HOLD FIRE  FR=TGT PILOT  FD=SRCH 9K113 LOS  FL=CM MENU
12:23:40     !! L does not offer "CLOSE" (shows "nil") -- not pressing
12:23:40   on page 'other': C=FIRE  U=SRCH PILOT LOS  R=NO MSL  D=TRACKING  FU=HOLD FIRE  FR=TGT PILOT  FD=SRCH 9K113 LOS  FL=CM MENU
12:23:40     !! L does not offer "CLOSE" (shows "nil") -- not pressing
12:23:40   on page 'other': C=FIRE  U=SRCH PILOT LOS  R=NO MSL  D=TRACKING  FU=HOLD FIRE  FR=TGT PILOT  FD=SRCH 9K113 LOS  FL=CM MENU
12:23:40     !! L does not offer "CLOSE" (shows "nil") -- not pressing
12:23:40   on page 'other': C=FIRE  U=SRCH PILOT LOS  R=NO MSL  D=TRACKING  FU=HOLD FIRE  FR=TGT PILOT  FD=SRCH 9K113 LOS  FL=CM MENU
12:23:40     !! L does not offer "CLOSE" (shows "nil") -- not pressing
12:23:40   on page 'other': C=FIRE  U=SRCH PILOT LOS  R=NO MSL  D=TRACKING  FU=HOLD FIRE  FR=TGT PILOT  FD=SRCH 9K113 LOS  FL=CM MENU
12:23:40     !! L does not offer "CLOSE" (shows "nil") -- not pressing
12:23:40   on page 'other': C=FIRE  U=SRCH PILOT LOS  R=NO MSL  D=TRACKING  FU=HOLD FIRE  FR=TGT PILOT  FD=SRCH 9K113 LOS  FL=CM MENU
12:23:40     !! L does not offer "CLOSE" (shows "nil") -- not pressing
12:23:40   on page 'other': C=FIRE  U=SRCH PILOT LOS  R=NO MSL  D=TRACKING  FU=HOLD FIRE  FR=TGT PILOT  FD=SRCH 9K113 LOS  FL=CM MENU
12:23:40     !! L does not offer "CLOSE" (shows "nil") -- not pressing
12:23:40   on page 'other': C=FIRE  U=SRCH PILOT LOS  R=NO MSL  D=TRACKING  FU=HOLD FIRE  FR=TGT PILOT  FD=SRCH 9K113 LOS  FL=CM MENU
12:23:40     !! L does not offer "CLOSE" (shows "nil") -- not pressing
12:23:40   on page 'other': C=FIRE  U=SRCH PILOT LOS  R=NO MSL  D=TRACKING  FU=HOLD FIRE  FR=TGT PILOT  FD=SRCH 9K113 LOS  FL=CM MENU
12:23:40     !! L does not offer "CLOSE" (shows "nil") -- not pressing
12:23:40   on page 'other': C=FIRE  U=SRCH PILOT LOS  R=NO MSL  D=TRACKING  FU=HOLD FIRE  FR=TGT PILOT  FD=SRCH 9K113 LOS  FL=CM MENU
12:23:40     !! L does not offer "CLOSE" (shows "nil") -- not pressing
12:23:40   on page 'other': C=FIRE  U=SRCH PILOT LOS  R=NO MSL  D=TRACKING  FU=HOLD FIRE  FR=TGT PILOT  FD=SRCH 9K113 LOS  FL=CM MENU
12:23:40     !! L does not offer "CLOSE" (shows "nil") -- not pressing
12:23:40   on page 'other': C=FIRE  U=SRCH PILOT LOS  R=NO MSL  D=TRACKING  FU=HOLD FIRE  FR=TGT PILOT  FD=SRCH 9K113 LOS  FL=CM MENU
12:23:40     !! L does not offer "CLOSE" (shows "nil") -- not pressing
12:23:40   on page 'other': C=FIRE  U=SRCH PILOT LOS  R=NO MSL  D=TRACKING  FU=HOLD FIRE  FR=TGT PILOT  FD=SRCH 9K113 LOS  FL=CM MENU
12:23:40     !! L does not offer "CLOSE" (shows "nil") -- not pressing
12:23:40   on page 'other': C=FIRE  U=SRCH PILOT LOS  R=NO MSL  D=TRACKING  FU=HOLD FIRE  FR=TGT PILOT  FD=SRCH 9K113 LOS  FL=CM MENU
12:23:40     !! L does not offer "CLOSE" (shows "nil") -- not pressing
12:23:40   on page 'other': C=FIRE  U=SRCH PILOT LOS  R=NO MSL  D=TRACKING  FU=HOLD FIRE  FR=TGT PILOT  FD=SRCH 9K113 LOS  FL=CM MENU
12:23:40     !! L does not offer "CLOSE" (shows "nil") -- not pressing
12:23:40   on page 'other': C=FIRE  U=SRCH PILOT LOS  R=NO MSL  D=TRACKING  FU=HOLD FIRE  FR=TGT PILOT  FD=SRCH 9K113 LOS  FL=CM MENU
12:23:40     !! L does not offer "CLOSE" (shows "nil") -- not pressing
12:23:40   on page 'other': C=FIRE  U=SRCH PILOT LOS  R=NO MSL  D=TRACKING  FU=HOLD FIRE  FR=TGT PILOT  FD=SRCH 9K113 LOS  FL=CM MENU
12:23:40     !! L does not offer "CLOSE" (shows "nil") -- not pressing
12:23:40   on page 'other': C=FIRE  U=SRCH PILOT LOS  R=NO MSL  D=TRACKING  FU=HOLD FIRE  FR=TGT PILOT  FD=SRCH 9K113 LOS  FL=CM MENU
12:23:40     !! L does not offer "CLOSE" (shows "nil") -- not pressing
12:23:40   on page 'other': C=FIRE  U=SRCH PILOT LOS  R=NO MSL  D=TRACKING  FU=HOLD FIRE  FR=TGT PILOT  FD=SRCH 9K113 LOS  FL=CM MENU
12:23:40     !! L does not offer "CLOSE" (shows "nil") -- not pressing
12:23:40   on page 'other': C=FIRE  U=SRCH PILOT LOS  R=NO MSL  D=TRACKING  FU=HOLD FIRE  FR=TGT PILOT  FD=SRCH 9K113 LOS  FL=CM MENU
12:23:40     !! L does not offer "CLOSE" (shows "nil") -- not pressing
12:23:40   on page 'other': C=FIRE  U=SRCH PILOT LOS  R=NO MSL  D=TRACKING  FU=HOLD FIRE  FR=TGT PILOT  FD=SRCH 9K113 LOS  FL=CM MENU
12:23:40     !! L does not offer "CLOSE" (shows "nil") -- not pressing
12:23:40   on page 'other': C=FIRE  U=SRCH PILOT LOS  R=NO MSL  D=TRACKING  FU=HOLD FIRE  FR=TGT PILOT  FD=SRCH 9K113 LOS  FL=CM MENU
12:23:40     !! L does not offer "CLOSE" (shows "nil") -- not pressing
12:23:40   on page 'other': C=FIRE  U=SRCH PILOT LOS  R=NO MSL  D=TRACKING  FU=HOLD FIRE  FR=TGT PILOT  FD=SRCH 9K113 LOS  FL=CM MENU
12:23:40     !! L does not offer "CLOSE" (shows "nil") -- not pressing
12:23:40   on page 'other': C=FIRE  U=SRCH PILOT LOS  R=NO MSL  D=TRACKING  FU=HOLD FIRE  FR=TGT PILOT  FD=SRCH 9K113 LOS  FL=CM MENU
12:23:40     !! L does not offer "CLOSE" (shows "nil") -- not pressing
12:23:40   on page 'other': C=FIRE  U=SRCH PILOT LOS  R=NO MSL  D=TRACKING  FU=HOLD FIRE  FR=TGT PILOT  FD=SRCH 9K113 LOS  FL=CM MENU
12:23:40     !! L does not offer "CLOSE" (shows "nil") -- not pressing
12:23:40   on page 'other': C=FIRE  U=SRCH PILOT LOS  R=NO MSL  D=TRACKING  FU=HOLD FIRE  FR=TGT PILOT  FD=SRCH 9K113 LOS  FL=CM MENU
12:23:40     !! L does not offer "CLOSE" (shows "nil") -- not pressing
12:23:40   on page 'other': C=FIRE  U=SRCH PILOT LOS  R=NO MSL  D=TRACKING  FU=HOLD FIRE  FR=TGT PILOT  FD=SRCH 9K113 LOS  FL=CM MENU
12:23:40     !! L does not offer "CLOSE" (shows "nil") -- not pressing
12:23:40   on page 'other': C=FIRE  U=SRCH PILOT LOS  R=NO MSL  D=TRACKING  FU=HOLD FIRE  FR=TGT PILOT  FD=SRCH 9K113 LOS  FL=CM MENU
12:23:40     !! L does not offer "CLOSE" (shows "nil") -- not pressing
12:23:40   on page 'other': C=FIRE  U=SRCH PILOT LOS  R=NO MSL  D=TRACKING  FU=HOLD FIRE  FR=TGT PILOT  FD=SRCH 9K113 LOS  FL=CM MENU
12:23:40     !! L does not offer "CLOSE" (shows "nil") -- not pressing
12:23:40   on page 'other': C=FIRE  U=SRCH PILOT LOS  R=NO MSL  D=TRACKING  FU=HOLD FIRE  FR=TGT PILOT  FD=SRCH 9K113 LOS  FL=CM MENU
12:23:40     !! L does not offer "CLOSE" (shows "nil") -- not pressing
12:23:41   on page 'other': C=FIRE  U=SRCH PILOT LOS  R=NO MSL  D=TRACKING  FU=HOLD FIRE  FR=TGT PILOT  FD=SRCH 9K113 LOS  FL=CM MENU
12:23:41     !! L does not offer "CLOSE" (shows "nil") -- not pressing
12:23:41   on page 'other': C=FIRE  U=SRCH PILOT LOS  R=NO MSL  D=TRACKING  FU=HOLD FIRE  FR=TGT PILOT  FD=SRCH 9K113 LOS  FL=CM MENU
12:23:41     !! L does not offer "CLOSE" (shows "nil") -- not pressing
12:23:41   on page 'other': C=FIRE  U=SRCH PILOT LOS  R=NO MSL  D=TRACKING  FU=HOLD FIRE  FR=TGT PILOT  FD=SRCH 9K113 LOS  FL=CM MENU
12:23:41     !! L does not offer "CLOSE" (shows "nil") -- not pressing
12:23:41   on page 'other': C=FIRE  U=SRCH PILOT LOS  R=NO MSL  D=TRACKING  FU=HOLD FIRE  FR=TGT PILOT  FD=SRCH 9K113 LOS  FL=CM MENU
12:23:41     !! L does not offer "CLOSE" (shows "nil") -- not pressing
12:23:41   on page 'other': C=FIRE  U=SRCH PILOT LOS  R=NO MSL  D=TRACKING  FU=HOLD FIRE  FR=TGT PILOT  FD=SRCH 9K113 LOS  FL=CM MENU
12:23:41     !! L does not offer "CLOSE" (shows "nil") -- not pressing
12:23:41   on page 'other': C=FIRE  U=SRCH PILOT LOS  R=NO MSL  D=TRACKING  FU=HOLD FIRE  FR=TGT PILOT  FD=SRCH 9K113 LOS  FL=CM MENU
12:23:41     !! L does not offer "CLOSE" (shows "nil") -- not pressing
12:23:41   on page 'other': C=FIRE  U=SRCH PILOT LOS  R=NO MSL  D=TRACKING  FU=HOLD FIRE  FR=TGT PILOT  FD=SRCH 9K113 LOS  FL=CM MENU
12:23:41     !! L does not offer "CLOSE" (shows "nil") -- not pressing
12:23:41   on page 'other': C=FIRE  U=SRCH PILOT LOS  R=NO MSL  D=TRACKING  FU=HOLD FIRE  FR=TGT PILOT  FD=SRCH 9K113 LOS  FL=CM MENU
12:23:41     !! L does not offer "CLOSE" (shows "nil") -- not pressing
12:23:41   on page 'other': C=FIRE  U=SRCH PILOT LOS  R=NO MSL  D=TRACKING  FU=HOLD FIRE  FR=TGT PILOT  FD=SRCH 9K113 LOS  FL=CM MENU
12:23:41     !! L does not offer "CLOSE" (shows "nil") -- not pressing
12:23:41   on page 'other': C=FIRE  U=SRCH PILOT LOS  R=NO MSL  D=TRACKING  FU=HOLD FIRE  FR=TGT PILOT  FD=SRCH 9K113 LOS  FL=CM MENU
12:23:41     !! L does not offer "CLOSE" (shows "nil") -- not pressing
12:23:41   on page 'other': C=FIRE  U=SRCH PILOT LOS  R=NO MSL  D=TRACKING  FU=HOLD FIRE  FR=TGT PILOT  FD=SRCH 9K113 LOS  FL=CM MENU
12:23:41     !! L does not offer "CLOSE" (shows "nil") -- not pressing
12:23:41   on page 'other': C=FIRE  U=SRCH PILOT LOS  R=NO MSL  D=TRACKING  FU=HOLD FIRE  FR=TGT PILOT  FD=SRCH 9K113 LOS  FL=CM MENU
12:23:41     !! L does not offer "CLOSE" (shows "nil") -- not pressing
12:23:41   on page 'other': C=FIRE  U=SRCH PILOT LOS  R=NO MSL  D=TRACKING  FU=HOLD FIRE  FR=TGT PILOT  FD=SRCH 9K113 LOS  FL=CM MENU
12:23:41     !! L does not offer "CLOSE" (shows "nil") -- not pressing
12:23:41   on page 'other': C=FIRE  U=SRCH PILOT LOS  R=NO MSL  D=TRACKING  FU=HOLD FIRE  FR=TGT PILOT  FD=SRCH 9K113 LOS  FL=CM MENU
12:23:41     !! L does not offer "CLOSE" (shows "nil") -- not pressing
12:23:41   on page 'other': C=FIRE  U=SRCH PILOT LOS  R=NO MSL  D=TRACKING  FU=HOLD FIRE  FR=TGT PILOT  FD=SRCH 9K113 LOS  FL=CM MENU
12:23:41     !! L does not offer "CLOSE" (shows "nil") -- not pressing
12:23:41   on page 'other': C=FIRE  U=SRCH PILOT LOS  R=NO MSL  D=TRACKING  FU=HOLD FIRE  FR=TGT PILOT  FD=SRCH 9K113 LOS  FL=CM MENU
12:23:41     !! L does not offer "CLOSE" (shows "nil") -- not pressing
12:23:41   on page 'other': C=FIRE  U=SRCH PILOT LOS  R=NO MSL  D=TRACKING  FU=HOLD FIRE  FR=TGT PILOT  FD=SRCH 9K113 LOS  FL=CM MENU
12:23:41     !! L does not offer "CLOSE" (shows "nil") -- not pressing
12:23:41   on page 'other': C=FIRE  U=SRCH PILOT LOS  R=NO MSL  D=TRACKING  FU=HOLD FIRE  FR=TGT PILOT  FD=SRCH 9K113 LOS  FL=CM MENU
12:23:41     !! L does not offer "CLOSE" (shows "nil") -- not pressing
12:23:41   on page 'other': C=FIRE  U=SRCH PILOT LOS  R=NO MSL  D=TRACKING  FU=HOLD FIRE  FR=TGT PILOT  FD=SRCH 9K113 LOS  FL=CM MENU
12:23:41     !! L does not offer "CLOSE" (shows "nil") -- not pressing
12:23:41   on page 'other': C=FIRE  U=SRCH PILOT LOS  R=NO MSL  D=TRACKING  FU=HOLD FIRE  FR=TGT PILOT  FD=SRCH 9K113 LOS  FL=CM MENU
12:23:41     !! L does not offer "CLOSE" (shows "nil") -- not pressing
12:23:41   on page 'other': C=FIRE  U=SRCH PILOT LOS  R=NO MSL  D=TRACKING  FU=HOLD FIRE  FR=TGT PILOT  FD=SRCH 9K113 LOS  FL=CM MENU
12:23:41     !! L does not offer "CLOSE" (shows "nil") -- not pressing
12:23:41   on page 'other': C=FIRE  U=SRCH PILOT LOS  R=NO MSL  D=TRACKING  FU=HOLD FIRE  FR=TGT PILOT  FD=SRCH 9K113 LOS  FL=CM MENU
12:23:41     !! L does not offer "CLOSE" (shows "nil") -- not pressing
12:23:41   on page 'other': C=FIRE  U=SRCH PILOT LOS  R=NO MSL  D=TRACKING  FU=HOLD FIRE  FR=TGT PILOT  FD=SRCH 9K113 LOS  FL=CM MENU
12:23:41     !! L does not offer "CLOSE" (shows "nil") -- not pressing
12:23:41   on page 'other': C=FIRE  U=SRCH PILOT LOS  R=NO MSL  D=TRACKING  FU=HOLD FIRE  FR=TGT PILOT  FD=SRCH 9K113 LOS  FL=CM MENU
12:23:41     !! L does not offer "CLOSE" (shows "nil") -- not pressing
12:23:41   on page 'other': C=FIRE  U=SRCH PILOT LOS  R=NO MSL  D=TRACKING  FU=HOLD FIRE  FR=TGT PILOT  FD=SRCH 9K113 LOS  FL=CM MENU
12:23:41     !! L does not offer "CLOSE" (shows "nil") -- not pressing
12:23:41   on page 'other': C=FIRE  U=SRCH PILOT LOS  R=NO MSL  D=TRACKING  FU=HOLD FIRE  FR=TGT PILOT  FD=SRCH 9K113 LOS  FL=CM MENU
12:23:41     !! L does not offer "CLOSE" (shows "nil") -- not pressing
12:23:41   on page 'other': C=FIRE  U=SRCH PILOT LOS  R=NO MSL  D=TRACKING  FU=HOLD FIRE  FR=TGT PILOT  FD=SRCH 9K113 LOS  FL=CM MENU
12:23:41     !! L does not offer "CLOSE" (shows "nil") -- not pressing
12:23:41   on page 'other': C=FIRE  U=SRCH PILOT LOS  R=NO MSL  D=TRACKING  FU=HOLD FIRE  FR=TGT PILOT  FD=SRCH 9K113 LOS  FL=CM MENU
12:23:41     !! L does not offer "CLOSE" (shows "nil") -- not pressing
12:23:41   on page 'other': C=FIRE  U=SRCH PILOT LOS  R=NO MSL  D=TRACKING  FU=HOLD FIRE  FR=TGT PILOT  FD=SRCH 9K113 LOS  FL=CM MENU
12:23:41     !! L does not offer "CLOSE" (shows "nil") -- not pressing
12:23:41   on page 'other': C=FIRE  U=SRCH PILOT LOS  R=NO MSL  D=TRACKING  FU=HOLD FIRE  FR=TGT PILOT  FD=SRCH 9K113 LOS  FL=CM MENU
12:23:41     !! L does not offer "CLOSE" (shows "nil") -- not pressing
12:23:41   on page 'other': C=FIRE  U=SRCH PILOT LOS  R=NO MSL  D=TRACKING  FU=HOLD FIRE  FR=TGT PILOT  FD=SRCH 9K113 LOS  FL=CM MENU
12:23:41     !! L does not offer "CLOSE" (shows "nil") -- not pressing
12:23:41   on page 'other': C=FIRE  U=SRCH PILOT LOS  R=NO MSL  D=TRACKING  FU=HOLD FIRE  FR=TGT PILOT  FD=SRCH 9K113 LOS  FL=CM MENU
12:23:41     !! L does not offer "CLOSE" (shows "nil") -- not pressing
12:23:41   on page 'other': C=FIRE  U=SRCH PILOT LOS  R=NO MSL  D=TRACKING  FU=HOLD FIRE  FR=TGT PILOT  FD=SRCH 9K113 LOS  FL=CM MENU
12:23:41     !! L does not offer "CLOSE" (shows "nil") -- not pressing
12:23:41   on page 'other': C=FIRE  U=SRCH PILOT LOS  R=NO MSL  D=TRACKING  FU=HOLD FIRE  FR=TGT PILOT  FD=SRCH 9K113 LOS  FL=CM MENU
12:23:41     !! L does not offer "CLOSE" (shows "nil") -- not pressing
12:23:41   on page 'other': C=FIRE  U=SRCH PILOT LOS  R=NO MSL  D=TRACKING  FU=HOLD FIRE  FR=TGT PILOT  FD=SRCH 9K113 LOS  FL=CM MENU
12:23:41     !! L does not offer "CLOSE" (shows "nil") -- not pressing
12:23:41   on page 'other': C=FIRE  U=SRCH PILOT LOS  R=NO MSL  D=TRACKING  FU=HOLD FIRE  FR=TGT PILOT  FD=SRCH 9K113 LOS  FL=CM MENU
12:23:41     !! L does not offer "CLOSE" (shows "nil") -- not pressing
12:23:41   on page 'other': C=FIRE  U=SRCH PILOT LOS  R=NO MSL  D=TRACKING  FU=HOLD FIRE  FR=TGT PILOT  FD=SRCH 9K113 LOS  FL=CM MENU
12:23:41     !! L does not offer "CLOSE" (shows "nil") -- not pressing
12:23:41   on page 'other': C=FIRE  U=SRCH PILOT LOS  R=NO MSL  D=TRACKING  FU=HOLD FIRE  FR=TGT PILOT  FD=SRCH 9K113 LOS  FL=CM MENU
12:23:41     !! L does not offer "CLOSE" (shows "nil") -- not pressing
12:23:41   on page 'other': C=FIRE  U=SRCH PILOT LOS  R=NO MSL  D=TRACKING  FU=HOLD FIRE  FR=TGT PILOT  FD=SRCH 9K113 LOS  FL=CM MENU
12:23:41     !! L does not offer "CLOSE" (shows "nil") -- not pressing
12:23:41   on page 'other': C=FIRE  U=SRCH PILOT LOS  R=NO MSL  D=TRACKING  FU=HOLD FIRE  FR=TGT PILOT  FD=SRCH 9K113 LOS  FL=CM MENU
12:23:41     !! L does not offer "CLOSE" (shows "nil") -- not pressing
12:23:41   on page 'other': C=FIRE  U=SRCH PILOT LOS  R=NO MSL  D=TRACKING  FU=HOLD FIRE  FR=TGT PILOT  FD=SRCH 9K113 LOS  FL=CM MENU
12:23:41     !! L does not offer "CLOSE" (shows "nil") -- not pressing
12:23:41   on page 'other': C=FIRE  U=SRCH PILOT LOS  R=NO MSL  D=TRACKING  FU=HOLD FIRE  FR=TGT PILOT  FD=SRCH 9K113 LOS  FL=CM MENU
12:23:41     !! L does not offer "CLOSE" (shows "nil") -- not pressing
12:23:41   on page 'other': C=FIRE  U=SRCH PILOT LOS  R=NO MSL  D=TRACKING  FU=HOLD FIRE  FR=TGT PILOT  FD=SRCH 9K113 LOS  FL=CM MENU
12:23:41     !! L does not offer "CLOSE" (shows "nil") -- not pressing
12:23:41   on page 'other': C=FIRE  U=SRCH PILOT LOS  R=NO MSL  D=TRACKING  FU=HOLD FIRE  FR=TGT PILOT  FD=SRCH 9K113 LOS  FL=CM MENU
12:23:41     !! L does not offer "CLOSE" (shows "nil") -- not pressing
12:23:41   on page 'other': C=FIRE  U=SRCH PILOT LOS  R=NO MSL  D=TRACKING  FU=HOLD FIRE  FR=TGT PILOT  FD=SRCH 9K113 LOS  FL=CM MENU
12:23:41     !! L does not offer "CLOSE" (shows "nil") -- not pressing
12:23:41   on page 'other': C=FIRE  U=SRCH PILOT LOS  R=NO MSL  D=TRACKING  FU=HOLD FIRE  FR=TGT PILOT  FD=SRCH 9K113 LOS  FL=CM MENU
12:23:41     !! L does not offer "CLOSE" (shows "nil") -- not pressing
12:23:41   on page 'other': C=FIRE  U=SRCH PILOT LOS  R=NO MSL  D=TRACKING  FU=HOLD FIRE  FR=TGT PILOT  FD=SRCH 9K113 LOS  FL=CM MENU
12:23:41     !! L does not offer "CLOSE" (shows "nil") -- not pressing
12:23:41   on page 'other': C=FIRE  U=SRCH PILOT LOS  R=NO MSL  D=TRACKING  FU=HOLD FIRE  FR=TGT PILOT  FD=SRCH 9K113 LOS  FL=CM MENU
12:23:41     !! L does not offer "CLOSE" (shows "nil") -- not pressing
12:23:41   on page 'other': C=FIRE  U=SRCH PILOT LOS  R=NO MSL  D=TRACKING  FU=HOLD FIRE  FR=TGT PILOT  FD=SRCH 9K113 LOS  FL=CM MENU
12:23:41     !! L does not offer "CLOSE" (shows "nil") -- not pressing
12:23:41   on page 'other': C=FIRE  U=SRCH PILOT LOS  R=NO MSL  D=TRACKING  FU=HOLD FIRE  FR=TGT PILOT  FD=SRCH 9K113 LOS  FL=CM MENU
12:23:41     !! L does not offer "CLOSE" (shows "nil") -- not pressing
12:23:41   on page 'other': C=FIRE  U=SRCH PILOT LOS  R=NO MSL  D=TRACKING  FU=HOLD FIRE  FR=TGT PILOT  FD=SRCH 9K113 LOS  FL=CM MENU
12:23:41     !! L does not offer "CLOSE" (shows "nil") -- not pressing
12:23:41   on page 'other': C=FIRE  U=SRCH PILOT LOS  R=NO MSL  D=TRACKING  FU=HOLD FIRE  FR=TGT PILOT  FD=SRCH 9K113 LOS  FL=CM MENU
12:23:41     !! L does not offer "CLOSE" (shows "nil") -- not pressing
12:23:41   on page 'other': C=FIRE  U=SRCH PILOT LOS  R=NO MSL  D=TRACKING  FU=HOLD FIRE  FR=TGT PILOT  FD=SRCH 9K113 LOS  FL=CM MENU
12:23:41     !! L does not offer "CLOSE" (shows "nil") -- not pressing
12:23:41   on page 'other': C=FIRE  U=SRCH PILOT LOS  R=NO MSL  D=TRACKING  FU=HOLD FIRE  FR=TGT PILOT  FD=SRCH 9K113 LOS  FL=CM MENU
12:23:41     !! L does not offer "CLOSE" (shows "nil") -- not pressing
12:23:41   on page 'other': C=FIRE  U=SRCH PILOT LOS  R=NO MSL  D=TRACKING  FU=HOLD FIRE  FR=TGT PILOT  FD=SRCH 9K113 LOS  FL=CM MENU
12:23:41     !! L does not offer "CLOSE" (shows "nil") -- not pressing
12:23:41   on page 'other': C=FIRE  U=SRCH PILOT LOS  R=NO MSL  D=TRACKING  FU=HOLD FIRE  FR=TGT PILOT  FD=SRCH 9K113 LOS  FL=CM MENU
12:23:41     !! L does not offer "CLOSE" (shows "nil") -- not pressing
12:23:41   on page 'other': C=FIRE  U=SRCH PILOT LOS  R=NO MSL  D=TRACKING  FU=HOLD FIRE  FR=TGT PILOT  FD=SRCH 9K113 LOS  FL=CM MENU
12:23:41     !! L does not offer "CLOSE" (shows "nil") -- not pressing
12:23:41   on page 'other': C=FIRE  U=SRCH PILOT LOS  R=NO MSL  D=TRACKING  FU=HOLD FIRE  FR=TGT PILOT  FD=SRCH 9K113 LOS  FL=CM MENU
12:23:41     !! L does not offer "CLOSE" (shows "nil") -- not pressing
12:23:41   on page 'other': C=FIRE  U=SRCH PILOT LOS  R=NO MSL  D=TRACKING  FU=HOLD FIRE  FR=TGT PILOT  FD=SRCH 9K113 LOS  FL=CM MENU
12:23:41     !! L does not offer "CLOSE" (shows "nil") -- not pressing
12:23:41   on page 'other': C=FIRE  U=SRCH PILOT LOS  R=NO MSL  D=TRACKING  FU=HOLD FIRE  FR=TGT PILOT  FD=SRCH 9K113 LOS  FL=CM MENU
12:23:41     !! L does not offer "CLOSE" (shows "nil") -- not pressing
12:23:41   on page 'other': C=FIRE  U=SRCH PILOT LOS  R=NO MSL  D=TRACKING  FU=HOLD FIRE  FR=TGT PILOT  FD=SRCH 9K113 LOS  FL=CM MENU
12:23:41     !! L does not offer "CLOSE" (shows "nil") -- not pressing
12:23:41   on page 'other': C=FIRE  U=SRCH PILOT LOS  R=NO MSL  D=TRACKING  FU=HOLD FIRE  FR=TGT PILOT  FD=SRCH 9K113 LOS  FL=CM MENU
12:23:41     !! L does not offer "CLOSE" (shows "nil") -- not pressing
12:23:41   on page 'other': C=FIRE  U=SRCH PILOT LOS  R=NO MSL  D=TRACKING  FU=HOLD FIRE  FR=TGT PILOT  FD=SRCH 9K113 LOS  FL=CM MENU
12:23:41     !! L does not offer "CLOSE" (shows "nil") -- not pressing
12:23:41   on page 'other': C=FIRE  U=SRCH PILOT LOS  R=NO MSL  D=TRACKING  FU=HOLD FIRE  FR=TGT PILOT  FD=SRCH 9K113 LOS  FL=CM MENU
12:23:41     !! L does not offer "CLOSE" (shows "nil") -- not pressing
12:23:41   on page 'other': C=FIRE  U=SRCH PILOT LOS  R=NO MSL  D=TRACKING  FU=HOLD FIRE  FR=TGT PILOT  FD=SRCH 9K113 LOS  FL=CM MENU
12:23:41     !! L does not offer "CLOSE" (shows "nil") -- not pressing
12:23:41   on page 'other': C=FIRE  U=SRCH PILOT LOS  R=NO MSL  D=TRACKING  FU=HOLD FIRE  FR=TGT PILOT  FD=SRCH 9K113 LOS  FL=CM MENU
12:23:41     !! L does not offer "CLOSE" (shows "nil") -- not pressing
12:23:41   on page 'other': C=FIRE  U=SRCH PILOT LOS  R=NO MSL  D=TRACKING  FU=HOLD FIRE  FR=TGT PILOT  FD=SRCH 9K113 LOS  FL=CM MENU
12:23:41     !! L does not offer "CLOSE" (shows "nil") -- not pressing
12:23:41   on page 'other': C=FIRE  U=SRCH PILOT LOS  R=NO MSL  D=TRACKING  FU=HOLD FIRE  FR=TGT PILOT  FD=SRCH 9K113 LOS  FL=CM MENU
12:23:41     !! L does not offer "CLOSE" (shows "nil") -- not pressing
12:23:41   on page 'other': C=FIRE  U=SRCH PILOT LOS  R=NO MSL  D=TRACKING  FU=HOLD FIRE  FR=TGT PILOT  FD=SRCH 9K113 LOS  FL=CM MENU
12:23:41     !! L does not offer "CLOSE" (shows "nil") -- not pressing
12:23:41   on page 'other': C=FIRE  U=SRCH PILOT LOS  R=NO MSL  D=TRACKING  FU=HOLD FIRE  FR=TGT PILOT  FD=SRCH 9K113 LOS  FL=CM MENU
12:23:41     !! L does not offer "CLOSE" (shows "nil") -- not pressing
12:23:41   on page 'other': C=FIRE  U=SRCH PILOT LOS  R=NO MSL  D=TRACKING  FU=HOLD FIRE  FR=TGT PILOT  FD=SRCH 9K113 LOS  FL=CM MENU
12:23:41     !! L does not offer "CLOSE" (shows "nil") -- not pressing
12:23:41   on page 'other': C=FIRE  U=SRCH PILOT LOS  R=NO MSL  D=TRACKING  FU=HOLD FIRE  FR=TGT PILOT  FD=SRCH 9K113 LOS  FL=CM MENU
12:23:41     !! L does not offer "CLOSE" (shows "nil") -- not pressing
12:23:41   on page 'other': C=FIRE  U=SRCH PILOT LOS  R=NO MSL  D=TRACKING  FU=HOLD FIRE  FR=TGT PILOT  FD=SRCH 9K113 LOS  FL=CM MENU
12:23:41     !! L does not offer "CLOSE" (shows "nil") -- not pressing
12:23:41   on page 'other': C=FIRE  U=SRCH PILOT LOS  R=NO MSL  D=TRACKING  FU=HOLD FIRE  FR=TGT PILOT  FD=SRCH 9K113 LOS  FL=CM MENU
12:23:41     !! L does not offer "CLOSE" (shows "nil") -- not pressing
12:23:41   on page 'other': C=FIRE  U=SRCH PILOT LOS  R=NO MSL  D=TRACKING  FU=HOLD FIRE  FR=TGT PILOT  FD=SRCH 9K113 LOS  FL=CM MENU
12:23:41     !! L does not offer "CLOSE" (shows "nil") -- not pressing
12:23:41   on page 'other': C=FIRE  U=SRCH PILOT LOS  R=NO MSL  D=TRACKING  FU=HOLD FIRE  FR=TGT PILOT  FD=SRCH 9K113 LOS  FL=CM MENU
12:23:41     !! L does not offer "CLOSE" (shows "nil") -- not pressing
12:23:41   on page 'other': C=FIRE  U=SRCH PILOT LOS  R=NO MSL  D=TRACKING  FU=HOLD FIRE  FR=TGT PILOT  FD=SRCH 9K113 LOS  FL=CM MENU
12:23:41     !! L does not offer "CLOSE" (shows "nil") -- not pressing
12:23:41   on page 'other': C=FIRE  U=SRCH PILOT LOS  R=NO MSL  D=TRACKING  FU=HOLD FIRE  FR=TGT PILOT  FD=SRCH 9K113 LOS  FL=CM MENU
12:23:41     !! L does not offer "CLOSE" (shows "nil") -- not pressing
12:23:41   on page 'other': C=FIRE  U=SRCH PILOT LOS  R=NO MSL  D=TRACKING  FU=HOLD FIRE  FR=TGT PILOT  FD=SRCH 9K113 LOS  FL=CM MENU
12:23:41     !! L does not offer "CLOSE" (shows "nil") -- not pressing
12:23:42   on page 'other': C=FIRE  U=SRCH PILOT LOS  R=NO MSL  D=TRACKING  FU=HOLD FIRE  FR=TGT PILOT  FD=SRCH 9K113 LOS  FL=CM MENU
12:23:42     !! L does not offer "CLOSE" (shows "nil") -- not pressing
12:23:42   on page 'other': C=FIRE  U=SRCH PILOT LOS  R=NO MSL  D=TRACKING  FU=HOLD FIRE  FR=TGT PILOT  FD=SRCH 9K113 LOS  FL=CM MENU
12:23:42     !! L does not offer "CLOSE" (shows "nil") -- not pressing
12:23:42   on page 'other': C=FIRE  U=SRCH PILOT LOS  R=NO MSL  D=TRACKING  FU=HOLD FIRE  FR=TGT PILOT  FD=SRCH 9K113 LOS  FL=CM MENU
12:23:42     !! L does not offer "CLOSE" (shows "nil") -- not pressing
12:23:42   on page 'other': C=FIRE  U=SRCH PILOT LOS  R=NO MSL  D=TRACKING  FU=HOLD FIRE  FR=TGT PILOT  FD=SRCH 9K113 LOS  FL=CM MENU
12:23:42     !! L does not offer "CLOSE" (shows "nil") -- not pressing
12:23:42   on page 'other': C=FIRE  U=SRCH PILOT LOS  R=NO MSL  D=TRACKING  FU=HOLD FIRE  FR=TGT PILOT  FD=SRCH 9K113 LOS  FL=CM MENU
12:23:42     !! L does not offer "CLOSE" (shows "nil") -- not pressing
12:23:42   on page 'other': C=FIRE  U=SRCH PILOT LOS  R=NO MSL  D=TRACKING  FU=HOLD FIRE  FR=TGT PILOT  FD=SRCH 9K113 LOS  FL=CM MENU
12:23:42     !! L does not offer "CLOSE" (shows "nil") -- not pressing
12:23:42   on page 'other': C=FIRE  U=SRCH PILOT LOS  R=NO MSL  D=TRACKING  FU=HOLD FIRE  FR=TGT PILOT  FD=SRCH 9K113 LOS  FL=CM MENU
12:23:42     !! L does not offer "CLOSE" (shows "nil") -- not pressing
12:23:42   on page 'other': C=FIRE  U=SRCH PILOT LOS  R=NO MSL  D=TRACKING  FU=HOLD FIRE  FR=TGT PILOT  FD=SRCH 9K113 LOS  FL=CM MENU
12:23:42     !! L does not offer "CLOSE" (shows "nil") -- not pressing
12:23:42   on page 'other': C=FIRE  U=SRCH PILOT LOS  R=NO MSL  D=TRACKING  FU=HOLD FIRE  FR=TGT PILOT  FD=SRCH 9K113 LOS  FL=CM MENU
12:23:42     !! L does not offer "CLOSE" (shows "nil") -- not pressing
12:23:42   on page 'other': C=FIRE  U=SRCH PILOT LOS  R=NO MSL  D=TRACKING  FU=HOLD FIRE  FR=TGT PILOT  FD=SRCH 9K113 LOS  FL=CM MENU
12:23:42     !! L does not offer "CLOSE" (shows "nil") -- not pressing
12:23:42   on page 'other': C=FIRE  U=SRCH PILOT LOS  R=NO MSL  D=TRACKING  FU=HOLD FIRE  FR=TGT PILOT  FD=SRCH 9K113 LOS  FL=CM MENU
12:23:42     !! L does not offer "CLOSE" (shows "nil") -- not pressing
12:23:42   on page 'other': C=FIRE  U=SRCH PILOT LOS  R=NO MSL  D=TRACKING  FU=HOLD FIRE  FR=TGT PILOT  FD=SRCH 9K113 LOS  FL=CM MENU
12:23:42     !! L does not offer "CLOSE" (shows "nil") -- not pressing
12:23:42   on page 'other': C=FIRE  U=SRCH PILOT LOS  R=NO MSL  D=TRACKING  FU=HOLD FIRE  FR=TGT PILOT  FD=SRCH 9K113 LOS  FL=CM MENU
12:23:42     !! L does not offer "CLOSE" (shows "nil") -- not pressing
12:23:42   on page 'other': C=FIRE  U=SRCH PILOT LOS  R=NO MSL  D=TRACKING  FU=HOLD FIRE  FR=TGT PILOT  FD=SRCH 9K113 LOS  FL=CM MENU
12:23:42     !! L does not offer "CLOSE" (shows "nil") -- not pressing
12:23:42   on page 'other': C=FIRE  U=SRCH PILOT LOS  R=NO MSL  D=TRACKING  FU=HOLD FIRE  FR=TGT PILOT  FD=SRCH 9K113 LOS  FL=CM MENU
12:23:42     !! L does not offer "CLOSE" (shows "nil") -- not pressing
12:23:42   on page 'other': C=FIRE  U=SRCH PILOT LOS  R=NO MSL  D=TRACKING  FU=HOLD FIRE  FR=TGT PILOT  FD=SRCH 9K113 LOS  FL=CM MENU
12:23:42     !! L does not offer "CLOSE" (shows "nil") -- not pressing
12:23:42   on page 'other': C=FIRE  U=SRCH PILOT LOS  R=NO MSL  D=TRACKING  FU=HOLD FIRE  FR=TGT PILOT  FD=SRCH 9K113 LOS  FL=CM MENU
12:23:42     !! L does not offer "CLOSE" (shows "nil") -- not pressing
12:23:42   on page 'other': C=FIRE  U=SRCH PILOT LOS  R=NO MSL  D=TRACKING  FU=HOLD FIRE  FR=TGT PILOT  FD=SRCH 9K113 LOS  FL=CM MENU
12:23:42     !! L does not offer "CLOSE" (shows "nil") -- not pressing
12:23:42   on page 'other': C=FIRE  U=SRCH PILOT LOS  R=NO MSL  D=TRACKING  FU=HOLD FIRE  FR=TGT PILOT  FD=SRCH 9K113 LOS  FL=CM MENU
12:23:42     !! L does not offer "CLOSE" (shows "nil") -- not pressing
12:23:42   on page 'other': C=FIRE  U=SRCH PILOT LOS  R=NO MSL  D=TRACKING  FU=HOLD FIRE  FR=TGT PILOT  FD=SRCH 9K113 LOS  FL=CM MENU
12:23:42     !! L does not offer "CLOSE" (shows "nil") -- not pressing
12:23:42   on page 'other': C=FIRE  U=SRCH PILOT LOS  R=NO MSL  D=TRACKING  FU=HOLD FIRE  FR=TGT PILOT  FD=SRCH 9K113 LOS  FL=CM MENU
12:23:42     !! L does not offer "CLOSE" (shows "nil") -- not pressing
12:23:42   on page 'other': C=FIRE  U=SRCH PILOT LOS  R=NO MSL  D=TRACKING  FU=HOLD FIRE  FR=TGT PILOT  FD=SRCH 9K113 LOS  FL=CM MENU
12:23:42     !! L does not offer "CLOSE" (shows "nil") -- not pressing
12:23:42   on page 'other': C=FIRE  U=SRCH PILOT LOS  R=NO MSL  D=TRACKING  FU=HOLD FIRE  FR=TGT PILOT  FD=SRCH 9K113 LOS  FL=CM MENU
12:23:42     !! L does not offer "CLOSE" (shows "nil") -- not pressing
12:23:42   on page 'other': C=FIRE  U=SRCH PILOT LOS  R=NO MSL  D=TRACKING  FU=HOLD FIRE  FR=TGT PILOT  FD=SRCH 9K113 LOS  FL=CM MENU
12:23:42     !! L does not offer "CLOSE" (shows "nil") -- not pressing
12:23:42   on page 'other': C=FIRE  U=SRCH PILOT LOS  R=NO MSL  D=TRACKING  FU=HOLD FIRE  FR=TGT PILOT  FD=SRCH 9K113 LOS  FL=CM MENU
12:23:42     !! L does not offer "CLOSE" (shows "nil") -- not pressing
12:23:42   on page 'other': C=FIRE  U=SRCH PILOT LOS  R=NO MSL  D=TRACKING  FU=HOLD FIRE  FR=TGT PILOT  FD=SRCH 9K113 LOS  FL=CM MENU
12:23:42     !! L does not offer "CLOSE" (shows "nil") -- not pressing
12:23:42   on page 'other': C=FIRE  U=SRCH PILOT LOS  R=NO MSL  D=TRACKING  FU=HOLD FIRE  FR=TGT PILOT  FD=SRCH 9K113 LOS  FL=CM MENU
12:23:42     !! L does not offer "CLOSE" (shows "nil") -- not pressing
12:23:42   on page 'other': C=FIRE  U=SRCH PILOT LOS  R=NO MSL  D=TRACKING  FU=HOLD FIRE  FR=TGT PILOT  FD=SRCH 9K113 LOS  FL=CM MENU
12:23:42     !! L does not offer "CLOSE" (shows "nil") -- not pressing
12:23:42   on page 'other': C=FIRE  U=SRCH PILOT LOS  R=NO MSL  D=TRACKING  FU=HOLD FIRE  FR=TGT PILOT  FD=SRCH 9K113 LOS  FL=CM MENU
12:23:42     !! L does not offer "CLOSE" (shows "nil") -- not pressing
12:23:42   on page 'other': C=FIRE  U=SRCH PILOT LOS  R=NO MSL  D=TRACKING  FU=HOLD FIRE  FR=TGT PILOT  FD=SRCH 9K113 LOS  FL=CM MENU
12:23:42     !! L does not offer "CLOSE" (shows "nil") -- not pressing
12:23:42   on page 'other': C=FIRE  U=SRCH PILOT LOS  R=NO MSL  D=TRACKING  FU=HOLD FIRE  FR=TGT PILOT  FD=SRCH 9K113 LOS  FL=CM MENU
12:23:42     !! L does not offer "CLOSE" (shows "nil") -- not pressing
12:23:42   on page 'other': C=FIRE  U=SRCH PILOT LOS  R=NO MSL  D=TRACKING  FU=HOLD FIRE  FR=TGT PILOT  FD=SRCH 9K113 LOS  FL=CM MENU
12:23:42     !! L does not offer "CLOSE" (shows "nil") -- not pressing
12:23:42   on page 'other': C=FIRE  U=SRCH PILOT LOS  R=NO MSL  D=TRACKING  FU=HOLD FIRE  FR=TGT PILOT  FD=SRCH 9K113 LOS  FL=CM MENU
12:23:42     !! L does not offer "CLOSE" (shows "nil") -- not pressing
12:23:42   on page 'other': C=FIRE  U=SRCH PILOT LOS  R=NO MSL  D=TRACKING  FU=HOLD FIRE  FR=TGT PILOT  FD=SRCH 9K113 LOS  FL=CM MENU
12:23:42     !! L does not offer "CLOSE" (shows "nil") -- not pressing
12:23:42   on page 'other': C=FIRE  U=SRCH PILOT LOS  R=NO MSL  D=TRACKING  FU=HOLD FIRE  FR=TGT PILOT  FD=SRCH 9K113 LOS  FL=CM MENU
12:23:42     !! L does not offer "CLOSE" (shows "nil") -- not pressing
12:23:42   on page 'other': C=FIRE  U=SRCH PILOT LOS  R=NO MSL  D=TRACKING  FU=HOLD FIRE  FR=TGT PILOT  FD=SRCH 9K113 LOS  FL=CM MENU
12:23:42     !! L does not offer "CLOSE" (shows "nil") -- not pressing
12:23:42   on page 'other': C=FIRE  U=SRCH PILOT LOS  R=NO MSL  D=TRACKING  FU=HOLD FIRE  FR=TGT PILOT  FD=SRCH 9K113 LOS  FL=CM MENU
12:23:42     !! L does not offer "CLOSE" (shows "nil") -- not pressing
12:23:42   on page 'other': C=FIRE  U=SRCH PILOT LOS  R=NO MSL  D=TRACKING  FU=HOLD FIRE  FR=TGT PILOT  FD=SRCH 9K113 LOS  FL=CM MENU
12:23:42     !! L does not offer "CLOSE" (shows "nil") -- not pressing
12:23:42   on page 'other': C=FIRE  U=SRCH PILOT LOS  R=NO MSL  D=TRACKING  FU=HOLD FIRE  FR=TGT PILOT  FD=SRCH 9K113 LOS  FL=CM MENU
12:23:42     !! L does not offer "CLOSE" (shows "nil") -- not pressing
12:23:42   on page 'other': C=FIRE  U=SRCH PILOT LOS  R=NO MSL  D=TRACKING  FU=HOLD FIRE  FR=TGT PILOT  FD=SRCH 9K113 LOS  FL=CM MENU
12:23:42     !! L does not offer "CLOSE" (shows "nil") -- not pressing
12:23:42   on page 'other': C=FIRE  U=SRCH PILOT LOS  R=NO MSL  D=TRACKING  FU=HOLD FIRE  FR=TGT PILOT  FD=SRCH 9K113 LOS  FL=CM MENU
12:23:42     !! L does not offer "CLOSE" (shows "nil") -- not pressing
12:23:42   on page 'other': C=FIRE  U=SRCH PILOT LOS  R=NO MSL  D=TRACKING  FU=HOLD FIRE  FR=TGT PILOT  FD=SRCH 9K113 LOS  FL=CM MENU
12:23:42     !! L does not offer "CLOSE" (shows "nil") -- not pressing
12:23:42   on page 'other': C=FIRE  U=SRCH PILOT LOS  R=NO MSL  D=TRACKING  FU=HOLD FIRE  FR=TGT PILOT  FD=SRCH 9K113 LOS  FL=CM MENU
12:23:42     !! L does not offer "CLOSE" (shows "nil") -- not pressing
12:23:42   on page 'other': C=FIRE  U=SRCH PILOT LOS  R=NO MSL  D=TRACKING  FU=HOLD FIRE  FR=TGT PILOT  FD=SRCH 9K113 LOS  FL=CM MENU
12:23:42     !! L does not offer "CLOSE" (shows "nil") -- not pressing
12:23:42   on page 'other': C=FIRE  U=SRCH PILOT LOS  R=NO MSL  D=TRACKING  FU=HOLD FIRE  FR=TGT PILOT  FD=SRCH 9K113 LOS  FL=CM MENU
12:23:42     !! L does not offer "CLOSE" (shows "nil") -- not pressing
12:23:42   on page 'other': C=FIRE  U=SRCH PILOT LOS  R=NO MSL  D=TRACKING  FU=HOLD FIRE  FR=TGT PILOT  FD=SRCH 9K113 LOS  FL=CM MENU
12:23:42     !! L does not offer "CLOSE" (shows "nil") -- not pressing
12:23:42   on page 'other': C=FIRE  U=SRCH PILOT LOS  R=NO MSL  D=TRACKING  FU=HOLD FIRE  FR=TGT PILOT  FD=SRCH 9K113 LOS  FL=CM MENU
12:23:42     !! L does not offer "CLOSE" (shows "nil") -- not pressing
12:23:42   on page 'other': C=FIRE  U=SRCH PILOT LOS  R=NO MSL  D=TRACKING  FU=HOLD FIRE  FR=TGT PILOT  FD=SRCH 9K113 LOS  FL=CM MENU
12:23:42     !! L does not offer "CLOSE" (shows "nil") -- not pressing
12:23:42   on page 'other': C=FIRE  U=SRCH PILOT LOS  R=NO MSL  D=TRACKING  FU=HOLD FIRE  FR=TGT PILOT  FD=SRCH 9K113 LOS  FL=CM MENU
12:23:42     !! L does not offer "CLOSE" (shows "nil") -- not pressing
12:23:42   on page 'other': C=FIRE  U=SRCH PILOT LOS  R=NO MSL  D=TRACKING  FU=HOLD FIRE  FR=TGT PILOT  FD=SRCH 9K113 LOS  FL=CM MENU
12:23:42     !! L does not offer "CLOSE" (shows "nil") -- not pressing
12:23:42   on page 'other': C=FIRE  U=SRCH PILOT LOS  R=NO MSL  D=TRACKING  FU=HOLD FIRE  FR=TGT PILOT  FD=SRCH 9K113 LOS  FL=CM MENU
12:23:42     !! L does not offer "CLOSE" (shows "nil") -- not pressing
12:23:42   on page 'other': C=FIRE  U=SRCH PILOT LOS  R=NO MSL  D=TRACKING  FU=HOLD FIRE  FR=TGT PILOT  FD=SRCH 9K113 LOS  FL=CM MENU
12:23:42     !! L does not offer "CLOSE" (shows "nil") -- not pressing
12:23:42   on page 'other': C=FIRE  U=SRCH PILOT LOS  R=NO MSL  D=TRACKING  FU=HOLD FIRE  FR=TGT PILOT  FD=SRCH 9K113 LOS  FL=CM MENU
12:23:42     !! L does not offer "CLOSE" (shows "nil") -- not pressing
12:23:42   on page 'other': C=FIRE  U=SRCH PILOT LOS  R=NO MSL  D=TRACKING  FU=HOLD FIRE  FR=TGT PILOT  FD=SRCH 9K113 LOS  FL=CM MENU
12:23:42     !! L does not offer "CLOSE" (shows "nil") -- not pressing
12:23:42   on page 'other': C=FIRE  U=SRCH PILOT LOS  R=NO MSL  D=TRACKING  FU=HOLD FIRE  FR=TGT PILOT  FD=SRCH 9K113 LOS  FL=CM MENU
12:23:42     !! L does not offer "CLOSE" (shows "nil") -- not pressing
12:23:42   on page 'other': C=FIRE  U=SRCH PILOT LOS  R=NO MSL  D=TRACKING  FU=HOLD FIRE  FR=TGT PILOT  FD=SRCH 9K113 LOS  FL=CM MENU
12:23:42     !! L does not offer "CLOSE" (shows "nil") -- not pressing
12:23:42   on page 'other': C=FIRE  U=SRCH PILOT LOS  R=NO MSL  D=TRACKING  FU=HOLD FIRE  FR=TGT PILOT  FD=SRCH 9K113 LOS  FL=CM MENU
12:23:42     !! L does not offer "CLOSE" (shows "nil") -- not pressing
12:23:42   on page 'other': C=FIRE  U=SRCH PILOT LOS  R=NO MSL  D=TRACKING  FU=HOLD FIRE  FR=TGT PILOT  FD=SRCH 9K113 LOS  FL=CM MENU
12:23:42     !! L does not offer "CLOSE" (shows "nil") -- not pressing
12:23:42   on page 'other': C=FIRE  U=SRCH PILOT LOS  R=NO MSL  D=TRACKING  FU=HOLD FIRE  FR=TGT PILOT  FD=SRCH 9K113 LOS  FL=CM MENU
12:23:42     !! L does not offer "CLOSE" (shows "nil") -- not pressing
12:23:42   on page 'other': C=FIRE  U=SRCH PILOT LOS  R=NO MSL  D=TRACKING  FU=HOLD FIRE  FR=TGT PILOT  FD=SRCH 9K113 LOS  FL=CM MENU
12:23:42     !! L does not offer "CLOSE" (shows "nil") -- not pressing
12:23:42   on page 'other': C=FIRE  U=SRCH PILOT LOS  R=NO MSL  D=TRACKING  FU=HOLD FIRE  FR=TGT PILOT  FD=SRCH 9K113 LOS  FL=CM MENU
12:23:42     !! L does not offer "CLOSE" (shows "nil") -- not pressing
12:23:42   on page 'other': C=FIRE  U=SRCH PILOT LOS  R=NO MSL  D=TRACKING  FU=HOLD FIRE  FR=TGT PILOT  FD=SRCH 9K113 LOS  FL=CM MENU
12:23:42     !! L does not offer "CLOSE" (shows "nil") -- not pressing
12:23:42   on page 'other': C=FIRE  U=SRCH PILOT LOS  R=NO MSL  D=TRACKING  FU=HOLD FIRE  FR=TGT PILOT  FD=SRCH 9K113 LOS  FL=CM MENU
12:23:42     !! L does not offer "CLOSE" (shows "nil") -- not pressing
12:23:42   on page 'other': C=FIRE  U=SRCH PILOT LOS  R=NO MSL  D=TRACKING  FU=HOLD FIRE  FR=TGT PILOT  FD=SRCH 9K113 LOS  FL=CM MENU
12:23:42     !! L does not offer "CLOSE" (shows "nil") -- not pressing
12:23:42   on page 'other': C=FIRE  U=SRCH PILOT LOS  R=NO MSL  D=TRACKING  FU=HOLD FIRE  FR=TGT PILOT  FD=SRCH 9K113 LOS  FL=CM MENU
12:23:42     !! L does not offer "CLOSE" (shows "nil") -- not pressing
12:23:42   on page 'other': C=FIRE  U=SRCH PILOT LOS  R=NO MSL  D=TRACKING  FU=HOLD FIRE  FR=TGT PILOT  FD=SRCH 9K113 LOS  FL=CM MENU
12:23:42     !! L does not offer "CLOSE" (shows "nil") -- not pressing
12:23:42   on page 'other': C=FIRE  U=SRCH PILOT LOS  R=NO MSL  D=TRACKING  FU=HOLD FIRE  FR=TGT PILOT  FD=SRCH 9K113 LOS  FL=CM MENU
12:23:42     !! L does not offer "CLOSE" (shows "nil") -- not pressing
12:23:42   on page 'other': C=FIRE  U=SRCH PILOT LOS  R=NO MSL  D=TRACKING  FU=HOLD FIRE  FR=TGT PILOT  FD=SRCH 9K113 LOS  FL=CM MENU
12:23:42     !! L does not offer "CLOSE" (shows "nil") -- not pressing
12:23:42   on page 'other': C=FIRE  U=SRCH PILOT LOS  R=NO MSL  D=TRACKING  FU=HOLD FIRE  FR=TGT PILOT  FD=SRCH 9K113 LOS  FL=CM MENU
12:23:42     !! L does not offer "CLOSE" (shows "nil") -- not pressing
12:23:42   on page 'other': C=FIRE  U=SRCH PILOT LOS  R=NO MSL  D=TRACKING  FU=HOLD FIRE  FR=TGT PILOT  FD=SRCH 9K113 LOS  FL=CM MENU
12:23:42     !! L does not offer "CLOSE" (shows "nil") -- not pressing
12:23:42   on page 'other': C=FIRE  U=SRCH PILOT LOS  R=NO MSL  D=TRACKING  FU=HOLD FIRE  FR=TGT PILOT  FD=SRCH 9K113 LOS  FL=CM MENU
12:23:42     !! L does not offer "CLOSE" (shows "nil") -- not pressing
12:23:42   on page 'other': C=FIRE  U=SRCH PILOT LOS  R=NO MSL  D=TRACKING  FU=HOLD FIRE  FR=TGT PILOT  FD=SRCH 9K113 LOS  FL=CM MENU
12:23:42     !! L does not offer "CLOSE" (shows "nil") -- not pressing
12:23:42   on page 'other': C=FIRE  U=SRCH PILOT LOS  R=NO MSL  D=TRACKING  FU=HOLD FIRE  FR=TGT PILOT  FD=SRCH 9K113 LOS  FL=CM MENU
12:23:42     !! L does not offer "CLOSE" (shows "nil") -- not pressing
12:23:42   on page 'other': C=FIRE  U=SRCH PILOT LOS  R=NO MSL  D=TRACKING  FU=HOLD FIRE  FR=TGT PILOT  FD=SRCH 9K113 LOS  FL=CM MENU
12:23:42     !! L does not offer "CLOSE" (shows "nil") -- not pressing
12:23:42   on page 'other': C=FIRE  U=SRCH PILOT LOS  R=NO MSL  D=TRACKING  FU=HOLD FIRE  FR=TGT PILOT  FD=SRCH 9K113 LOS  FL=CM MENU
12:23:42     !! L does not offer "CLOSE" (shows "nil") -- not pressing
12:23:42   on page 'other': C=FIRE  U=SRCH PILOT LOS  R=NO MSL  D=TRACKING  FU=HOLD FIRE  FR=TGT PILOT  FD=SRCH 9K113 LOS  FL=CM MENU
12:23:42     !! L does not offer "CLOSE" (shows "nil") -- not pressing
12:23:42   on page 'other': C=FIRE  U=SRCH PILOT LOS  R=NO MSL  D=TRACKING  FU=HOLD FIRE  FR=TGT PILOT  FD=SRCH 9K113 LOS  FL=CM MENU
12:23:42     !! L does not offer "CLOSE" (shows "nil") -- not pressing
12:23:42   on page 'other': C=FIRE  U=SRCH PILOT LOS  R=NO MSL  D=TRACKING  FU=HOLD FIRE  FR=TGT PILOT  FD=SRCH 9K113 LOS  FL=CM MENU
12:23:42     !! L does not offer "CLOSE" (shows "nil") -- not pressing
12:23:42   on page 'other': C=FIRE  U=SRCH PILOT LOS  R=NO MSL  D=TRACKING  FU=HOLD FIRE  FR=TGT PILOT  FD=SRCH 9K113 LOS  FL=CM MENU
12:23:42     !! L does not offer "CLOSE" (shows "nil") -- not pressing
12:23:42   on page 'other': C=FIRE  U=SRCH PILOT LOS  R=NO MSL  D=TRACKING  FU=HOLD FIRE  FR=TGT PILOT  FD=SRCH 9K113 LOS  FL=CM MENU
12:23:42     !! L does not offer "CLOSE" (shows "nil") -- not pressing
12:23:43   on page 'other': C=FIRE  U=SRCH PILOT LOS  R=NO MSL  D=TRACKING  FU=HOLD FIRE  FR=TGT PILOT  FD=SRCH 9K113 LOS  FL=CM MENU
12:23:43     !! L does not offer "CLOSE" (shows "nil") -- not pressing
12:23:43   on page 'other': C=FIRE  U=SRCH PILOT LOS  R=NO MSL  D=TRACKING  FU=HOLD FIRE  FR=TGT PILOT  FD=SRCH 9K113 LOS  FL=CM MENU
12:23:43     !! L does not offer "CLOSE" (shows "nil") -- not pressing
12:23:43   on page 'other': C=FIRE  U=SRCH PILOT LOS  R=NO MSL  D=TRACKING  FU=HOLD FIRE  FR=TGT PILOT  FD=SRCH 9K113 LOS  FL=CM MENU
12:23:43     !! L does not offer "CLOSE" (shows "nil") -- not pressing
12:23:43   on page 'other': C=FIRE  U=SRCH PILOT LOS  R=NO MSL  D=TRACKING  FU=HOLD FIRE  FR=TGT PILOT  FD=SRCH 9K113 LOS  FL=CM MENU
12:23:43     !! L does not offer "CLOSE" (shows "nil") -- not pressing
12:23:43   on page 'other': C=FIRE  U=SRCH PILOT LOS  R=NO MSL  D=TRACKING  FU=HOLD FIRE  FR=TGT PILOT  FD=SRCH 9K113 LOS  FL=CM MENU
12:23:43     !! L does not offer "CLOSE" (shows "nil") -- not pressing
12:23:43   on page 'other': C=FIRE  U=SRCH PILOT LOS  R=NO MSL  D=TRACKING  FU=HOLD FIRE  FR=TGT PILOT  FD=SRCH 9K113 LOS  FL=CM MENU
12:23:43     !! L does not offer "CLOSE" (shows "nil") -- not pressing
12:23:43   on page 'other': C=FIRE  U=SRCH PILOT LOS  R=NO MSL  D=TRACKING  FU=HOLD FIRE  FR=TGT PILOT  FD=SRCH 9K113 LOS  FL=CM MENU
12:23:43     !! L does not offer "CLOSE" (shows "nil") -- not pressing
12:23:43   on page 'other': C=FIRE  U=SRCH PILOT LOS  R=NO MSL  D=TRACKING  FU=HOLD FIRE  FR=TGT PILOT  FD=SRCH 9K113 LOS  FL=CM MENU
12:23:43     !! L does not offer "CLOSE" (shows "nil") -- not pressing
12:23:43   on page 'other': C=FIRE  U=SRCH PILOT LOS  R=NO MSL  D=TRACKING  FU=HOLD FIRE  FR=TGT PILOT  FD=SRCH 9K113 LOS  FL=CM MENU
12:23:43     !! L does not offer "CLOSE" (shows "nil") -- not pressing
12:23:43   on page 'other': C=FIRE  U=SRCH PILOT LOS  R=NO MSL  D=TRACKING  FU=HOLD FIRE  FR=TGT PILOT  FD=SRCH 9K113 LOS  FL=CM MENU
12:23:43     !! L does not offer "CLOSE" (shows "nil") -- not pressing
12:23:43   on page 'other': C=FIRE  U=SRCH PILOT LOS  R=NO MSL  D=TRACKING  FU=HOLD FIRE  FR=TGT PILOT  FD=SRCH 9K113 LOS  FL=CM MENU
12:23:43     !! L does not offer "CLOSE" (shows "nil") -- not pressing
12:23:43   on page 'other': C=FIRE  U=SRCH PILOT LOS  R=NO MSL  D=TRACKING  FU=HOLD FIRE  FR=TGT PILOT  FD=SRCH 9K113 LOS  FL=CM MENU
12:23:43     !! L does not offer "CLOSE" (shows "nil") -- not pressing
12:23:43   on page 'other': C=FIRE  U=SRCH PILOT LOS  R=NO MSL  D=TRACKING  FU=HOLD FIRE  FR=TGT PILOT  FD=SRCH 9K113 LOS  FL=CM MENU
12:23:43     !! L does not offer "CLOSE" (shows "nil") -- not pressing
12:23:43   on page 'other': C=FIRE  U=SRCH PILOT LOS  R=NO MSL  D=TRACKING  FU=HOLD FIRE  FR=TGT PILOT  FD=SRCH 9K113 LOS  FL=CM MENU
12:23:43     !! L does not offer "CLOSE" (shows "nil") -- not pressing
12:23:43   on page 'other': C=FIRE  U=SRCH PILOT LOS  R=NO MSL  D=TRACKING  FU=HOLD FIRE  FR=TGT PILOT  FD=SRCH 9K113 LOS  FL=CM MENU
12:23:43     !! L does not offer "CLOSE" (shows "nil") -- not pressing
12:23:43   on page 'other': C=FIRE  U=SRCH PILOT LOS  R=NO MSL  D=TRACKING  FU=HOLD FIRE  FR=TGT PILOT  FD=SRCH 9K113 LOS  FL=CM MENU
12:23:43     !! L does not offer "CLOSE" (shows "nil") -- not pressing
12:23:43   on page 'other': C=FIRE  U=SRCH PILOT LOS  R=NO MSL  D=TRACKING  FU=HOLD FIRE  FR=TGT PILOT  FD=SRCH 9K113 LOS  FL=CM MENU
12:23:43     !! L does not offer "CLOSE" (shows "nil") -- not pressing
12:23:43   on page 'other': C=FIRE  U=SRCH PILOT LOS  R=NO MSL  D=TRACKING  FU=HOLD FIRE  FR=TGT PILOT  FD=SRCH 9K113 LOS  FL=CM MENU
12:23:43     !! L does not offer "CLOSE" (shows "nil") -- not pressing
12:23:43   on page 'other': C=FIRE  U=SRCH PILOT LOS  R=NO MSL  D=TRACKING  FU=HOLD FIRE  FR=TGT PILOT  FD=SRCH 9K113 LOS  FL=CM MENU
12:23:43     !! L does not offer "CLOSE" (shows "nil") -- not pressing
12:23:43   on page 'other': C=FIRE  U=SRCH PILOT LOS  R=NO MSL  D=TRACKING  FU=HOLD FIRE  FR=TGT PILOT  FD=SRCH 9K113 LOS  FL=CM MENU
12:23:43     !! L does not offer "CLOSE" (shows "nil") -- not pressing
12:23:43   on page 'other': C=FIRE  U=SRCH PILOT LOS  R=NO MSL  D=TRACKING  FU=HOLD FIRE  FR=TGT PILOT  FD=SRCH 9K113 LOS  FL=CM MENU
12:23:43     !! L does not offer "CLOSE" (shows "nil") -- not pressing
12:23:43   on page 'other': C=FIRE  U=SRCH PILOT LOS  R=NO MSL  D=TRACKING  FU=HOLD FIRE  FR=TGT PILOT  FD=SRCH 9K113 LOS  FL=CM MENU
12:23:43     !! L does not offer "CLOSE" (shows "nil") -- not pressing
12:23:43   on page 'other': C=FIRE  U=SRCH PILOT LOS  R=NO MSL  D=TRACKING  FU=HOLD FIRE  FR=TGT PILOT  FD=SRCH 9K113 LOS  FL=CM MENU
12:23:43     !! L does not offer "CLOSE" (shows "nil") -- not pressing
12:23:43   on page 'other': C=FIRE  U=SRCH PILOT LOS  R=NO MSL  D=TRACKING  FU=HOLD FIRE  FR=TGT PILOT  FD=SRCH 9K113 LOS  FL=CM MENU
12:23:43     !! L does not offer "CLOSE" (shows "nil") -- not pressing
12:23:43   on page 'other': C=FIRE  U=SRCH PILOT LOS  R=NO MSL  D=TRACKING  FU=HOLD FIRE  FR=TGT PILOT  FD=SRCH 9K113 LOS  FL=CM MENU
12:23:43     !! L does not offer "CLOSE" (shows "nil") -- not pressing
12:23:43   on page 'other': C=FIRE  U=SRCH PILOT LOS  R=NO MSL  D=TRACKING  FU=HOLD FIRE  FR=TGT PILOT  FD=SRCH 9K113 LOS  FL=CM MENU
12:23:43     !! L does not offer "CLOSE" (shows "nil") -- not pressing
12:23:43   on page 'other': C=FIRE  U=SRCH PILOT LOS  R=NO MSL  D=TRACKING  FU=HOLD FIRE  FR=TGT PILOT  FD=SRCH 9K113 LOS  FL=CM MENU
12:23:43     !! L does not offer "CLOSE" (shows "nil") -- not pressing
12:23:43   on page 'other': C=FIRE  U=SRCH PILOT LOS  R=NO MSL  D=TRACKING  FU=HOLD FIRE  FR=TGT PILOT  FD=SRCH 9K113 LOS  FL=CM MENU
12:23:43     !! L does not offer "CLOSE" (shows "nil") -- not pressing
12:23:43   on page 'other': C=FIRE  U=SRCH PILOT LOS  R=NO MSL  D=TRACKING  FU=HOLD FIRE  FR=TGT PILOT  FD=SRCH 9K113 LOS  FL=CM MENU
12:23:43     !! L does not offer "CLOSE" (shows "nil") -- not pressing
12:23:43   on page 'other': C=FIRE  U=SRCH PILOT LOS  R=NO MSL  D=TRACKING  FU=HOLD FIRE  FR=TGT PILOT  FD=SRCH 9K113 LOS  FL=CM MENU
12:23:43     !! L does not offer "CLOSE" (shows "nil") -- not pressing
12:23:43   on page 'other': C=FIRE  U=SRCH PILOT LOS  R=NO MSL  D=TRACKING  FU=HOLD FIRE  FR=TGT PILOT  FD=SRCH 9K113 LOS  FL=CM MENU
12:23:43     !! L does not offer "CLOSE" (shows "nil") -- not pressing
12:23:43   on page 'other': C=FIRE  U=SRCH PILOT LOS  R=NO MSL  D=TRACKING  FU=HOLD FIRE  FR=TGT PILOT  FD=SRCH 9K113 LOS  FL=CM MENU
12:23:43     !! L does not offer "CLOSE" (shows "nil") -- not pressing
12:23:43   on page 'other': C=FIRE  U=SRCH PILOT LOS  R=NO MSL  D=TRACKING  FU=HOLD FIRE  FR=TGT PILOT  FD=SRCH 9K113 LOS  FL=CM MENU
12:23:43     !! L does not offer "CLOSE" (shows "nil") -- not pressing
12:23:43   on page 'other': C=FIRE  U=SRCH PILOT LOS  R=NO MSL  D=TRACKING  FU=HOLD FIRE  FR=TGT PILOT  FD=SRCH 9K113 LOS  FL=CM MENU
12:23:43     !! L does not offer "CLOSE" (shows "nil") -- not pressing
12:23:43   on page 'other': C=FIRE  U=SRCH PILOT LOS  R=NO MSL  D=TRACKING  FU=HOLD FIRE  FR=TGT PILOT  FD=SRCH 9K113 LOS  FL=CM MENU
12:23:43     !! L does not offer "CLOSE" (shows "nil") -- not pressing
12:23:43   on page 'other': C=FIRE  U=SRCH PILOT LOS  R=NO MSL  D=TRACKING  FU=HOLD FIRE  FR=TGT PILOT  FD=SRCH 9K113 LOS  FL=CM MENU
12:23:43     !! L does not offer "CLOSE" (shows "nil") -- not pressing
12:23:43   on page 'other': C=FIRE  U=SRCH PILOT LOS  R=NO MSL  D=TRACKING  FU=HOLD FIRE  FR=TGT PILOT  FD=SRCH 9K113 LOS  FL=CM MENU
12:23:43     !! L does not offer "CLOSE" (shows "nil") -- not pressing
12:23:43   on page 'other': C=FIRE  U=SRCH PILOT LOS  R=NO MSL  D=TRACKING  FU=HOLD FIRE  FR=TGT PILOT  FD=SRCH 9K113 LOS  FL=CM MENU
12:23:43     !! L does not offer "CLOSE" (shows "nil") -- not pressing
12:23:43   on page 'other': C=FIRE  U=SRCH PILOT LOS  R=NO MSL  D=TRACKING  FU=HOLD FIRE  FR=TGT PILOT  FD=SRCH 9K113 LOS  FL=CM MENU
12:23:43     !! L does not offer "CLOSE" (shows "nil") -- not pressing
12:23:43   on page 'other': C=FIRE  U=SRCH PILOT LOS  R=NO MSL  D=TRACKING  FU=HOLD FIRE  FR=TGT PILOT  FD=SRCH 9K113 LOS  FL=CM MENU
12:23:43     !! L does not offer "CLOSE" (shows "nil") -- not pressing
12:23:43   on page 'other': C=FIRE  U=SRCH PILOT LOS  R=NO MSL  D=TRACKING  FU=HOLD FIRE  FR=TGT PILOT  FD=SRCH 9K113 LOS  FL=CM MENU
12:23:43     !! L does not offer "CLOSE" (shows "nil") -- not pressing
12:23:43   on page 'other': C=FIRE  U=SRCH PILOT LOS  R=NO MSL  D=TRACKING  FU=HOLD FIRE  FR=TGT PILOT  FD=SRCH 9K113 LOS  FL=CM MENU
12:23:43     !! L does not offer "CLOSE" (shows "nil") -- not pressing
12:23:43   on page 'other': C=FIRE  U=SRCH PILOT LOS  R=NO MSL  D=TRACKING  FU=HOLD FIRE  FR=TGT PILOT  FD=SRCH 9K113 LOS  FL=CM MENU
12:23:43     !! L does not offer "CLOSE" (shows "nil") -- not pressing
12:23:43   on page 'other': C=FIRE  U=SRCH PILOT LOS  R=NO MSL  D=TRACKING  FU=HOLD FIRE  FR=TGT PILOT  FD=SRCH 9K113 LOS  FL=CM MENU
12:23:43     !! L does not offer "CLOSE" (shows "nil") -- not pressing
12:23:43   on page 'other': C=FIRE  U=SRCH PILOT LOS  R=NO MSL  D=TRACKING  FU=HOLD FIRE  FR=TGT PILOT  FD=SRCH 9K113 LOS  FL=CM MENU
12:23:43     !! L does not offer "CLOSE" (shows "nil") -- not pressing
12:23:43   on page 'other': C=FIRE  U=SRCH PILOT LOS  R=NO MSL  D=TRACKING  FU=HOLD FIRE  FR=TGT PILOT  FD=SRCH 9K113 LOS  FL=CM MENU
12:23:43     !! L does not offer "CLOSE" (shows "nil") -- not pressing
12:23:43   on page 'other': C=FIRE  U=SRCH PILOT LOS  R=NO MSL  D=TRACKING  FU=HOLD FIRE  FR=TGT PILOT  FD=SRCH 9K113 LOS  FL=CM MENU
12:23:43     !! L does not offer "CLOSE" (shows "nil") -- not pressing
12:23:43   on page 'other': C=FIRE  U=SRCH PILOT LOS  R=NO MSL  D=TRACKING  FU=HOLD FIRE  FR=TGT PILOT  FD=SRCH 9K113 LOS  FL=CM MENU
12:23:43     !! L does not offer "CLOSE" (shows "nil") -- not pressing
12:23:43   on page 'other': C=FIRE  U=SRCH PILOT LOS  R=NO MSL  D=TRACKING  FU=HOLD FIRE  FR=TGT PILOT  FD=SRCH 9K113 LOS  FL=CM MENU
12:23:43     !! L does not offer "CLOSE" (shows "nil") -- not pressing
12:23:43   on page 'other': C=FIRE  U=SRCH PILOT LOS  R=NO MSL  D=TRACKING  FU=HOLD FIRE  FR=TGT PILOT  FD=SRCH 9K113 LOS  FL=CM MENU
12:23:43     !! L does not offer "CLOSE" (shows "nil") -- not pressing
12:23:43   on page 'other': C=FIRE  U=SRCH PILOT LOS  R=NO MSL  D=TRACKING  FU=HOLD FIRE  FR=TGT PILOT  FD=SRCH 9K113 LOS  FL=CM MENU
12:23:43     !! L does not offer "CLOSE" (shows "nil") -- not pressing
12:23:43   on page 'other': C=FIRE  U=SRCH PILOT LOS  R=NO MSL  D=TRACKING  FU=HOLD FIRE  FR=TGT PILOT  FD=SRCH 9K113 LOS  FL=CM MENU
12:23:43     !! L does not offer "CLOSE" (shows "nil") -- not pressing
12:23:43   on page 'other': C=FIRE  U=SRCH PILOT LOS  R=NO MSL  D=TRACKING  FU=HOLD FIRE  FR=TGT PILOT  FD=SRCH 9K113 LOS  FL=CM MENU
12:23:43     !! L does not offer "CLOSE" (shows "nil") -- not pressing
12:23:43   on page 'other': C=FIRE  U=SRCH PILOT LOS  R=NO MSL  D=TRACKING  FU=HOLD FIRE  FR=TGT PILOT  FD=SRCH 9K113 LOS  FL=CM MENU
12:23:43     !! L does not offer "CLOSE" (shows "nil") -- not pressing
12:23:43   on page 'other': C=FIRE  U=SRCH PILOT LOS  R=NO MSL  D=TRACKING  FU=HOLD FIRE  FR=TGT PILOT  FD=SRCH 9K113 LOS  FL=CM MENU
12:23:43     !! L does not offer "CLOSE" (shows "nil") -- not pressing
12:23:43   on page 'other': C=FIRE  U=SRCH PILOT LOS  R=NO MSL  D=TRACKING  FU=HOLD FIRE  FR=TGT PILOT  FD=SRCH 9K113 LOS  FL=CM MENU
12:23:43     !! L does not offer "CLOSE" (shows "nil") -- not pressing
12:23:43   on page 'other': C=FIRE  U=SRCH PILOT LOS  R=NO MSL  D=TRACKING  FU=HOLD FIRE  FR=TGT PILOT  FD=SRCH 9K113 LOS  FL=CM MENU
12:23:43     !! L does not offer "CLOSE" (shows "nil") -- not pressing
12:23:43   on page 'other': C=FIRE  U=SRCH PILOT LOS  R=NO MSL  D=TRACKING  FU=HOLD FIRE  FR=TGT PILOT  FD=SRCH 9K113 LOS  FL=CM MENU
12:23:43     !! L does not offer "CLOSE" (shows "nil") -- not pressing
12:23:43   on page 'other': C=FIRE  U=SRCH PILOT LOS  R=NO MSL  D=TRACKING  FU=HOLD FIRE  FR=TGT PILOT  FD=SRCH 9K113 LOS  FL=CM MENU
12:23:43     !! L does not offer "CLOSE" (shows "nil") -- not pressing
12:23:43   on page 'other': C=FIRE  U=SRCH PILOT LOS  R=NO MSL  D=TRACKING  FU=HOLD FIRE  FR=TGT PILOT  FD=SRCH 9K113 LOS  FL=CM MENU
12:23:43     !! L does not offer "CLOSE" (shows "nil") -- not pressing
12:23:43   on page 'other': C=FIRE  U=SRCH PILOT LOS  R=NO MSL  D=TRACKING  FU=HOLD FIRE  FR=TGT PILOT  FD=SRCH 9K113 LOS  FL=CM MENU
12:23:43     !! L does not offer "CLOSE" (shows "nil") -- not pressing
12:23:43   on page 'other': C=FIRE  U=SRCH PILOT LOS  R=NO MSL  D=TRACKING  FU=HOLD FIRE  FR=TGT PILOT  FD=SRCH 9K113 LOS  FL=CM MENU
12:23:43     !! L does not offer "CLOSE" (shows "nil") -- not pressing
12:23:43   on page 'other': C=FIRE  U=SRCH PILOT LOS  R=NO MSL  D=TRACKING  FU=HOLD FIRE  FR=TGT PILOT  FD=SRCH 9K113 LOS  FL=CM MENU
12:23:43     !! L does not offer "CLOSE" (shows "nil") -- not pressing
12:23:43   on page 'other': C=FIRE  U=SRCH PILOT LOS  R=NO MSL  D=TRACKING  FU=HOLD FIRE  FR=TGT PILOT  FD=SRCH 9K113 LOS  FL=CM MENU
12:23:43     !! L does not offer "CLOSE" (shows "nil") -- not pressing
12:23:43   on page 'other': C=FIRE  U=SRCH PILOT LOS  R=NO MSL  D=TRACKING  FU=HOLD FIRE  FR=TGT PILOT  FD=SRCH 9K113 LOS  FL=CM MENU
12:23:43     !! L does not offer "CLOSE" (shows "nil") -- not pressing
12:23:43   on page 'other': C=FIRE  U=SRCH PILOT LOS  R=NO MSL  D=TRACKING  FU=HOLD FIRE  FR=TGT PILOT  FD=SRCH 9K113 LOS  FL=CM MENU
12:23:43     !! L does not offer "CLOSE" (shows "nil") -- not pressing
12:23:43   on page 'other': C=FIRE  U=SRCH PILOT LOS  R=NO MSL  D=TRACKING  FU=HOLD FIRE  FR=TGT PILOT  FD=SRCH 9K113 LOS  FL=CM MENU
12:23:43     !! L does not offer "CLOSE" (shows "nil") -- not pressing
12:23:43   on page 'other': C=FIRE  U=SRCH PILOT LOS  R=NO MSL  D=TRACKING  FU=HOLD FIRE  FR=TGT PILOT  FD=SRCH 9K113 LOS  FL=CM MENU
12:23:43     !! L does not offer "CLOSE" (shows "nil") -- not pressing
12:23:43   on page 'other': C=FIRE  U=SRCH PILOT LOS  R=NO MSL  D=TRACKING  FU=HOLD FIRE  FR=TGT PILOT  FD=SRCH 9K113 LOS  FL=CM MENU
12:23:43     !! L does not offer "CLOSE" (shows "nil") -- not pressing
12:23:43   on page 'other': C=FIRE  U=SRCH PILOT LOS  R=NO MSL  D=TRACKING  FU=HOLD FIRE  FR=TGT PILOT  FD=SRCH 9K113 LOS  FL=CM MENU
12:23:43     !! L does not offer "CLOSE" (shows "nil") -- not pressing
12:23:43   on page 'other': C=FIRE  U=SRCH PILOT LOS  R=NO MSL  D=TRACKING  FU=HOLD FIRE  FR=TGT PILOT  FD=SRCH 9K113 LOS  FL=CM MENU
12:23:43     !! L does not offer "CLOSE" (shows "nil") -- not pressing
12:23:43   on page 'other': C=FIRE  U=SRCH PILOT LOS  R=NO MSL  D=TRACKING  FU=HOLD FIRE  FR=TGT PILOT  FD=SRCH 9K113 LOS  FL=CM MENU
12:23:43     !! L does not offer "CLOSE" (shows "nil") -- not pressing
12:23:43   on page 'other': C=FIRE  U=SRCH PILOT LOS  R=NO MSL  D=TRACKING  FU=HOLD FIRE  FR=TGT PILOT  FD=SRCH 9K113 LOS  FL=CM MENU
12:23:43     !! L does not offer "CLOSE" (shows "nil") -- not pressing
12:23:43   on page 'other': C=FIRE  U=SRCH PILOT LOS  R=NO MSL  D=TRACKING  FU=HOLD FIRE  FR=TGT PILOT  FD=SRCH 9K113 LOS  FL=CM MENU
12:23:43     !! L does not offer "CLOSE" (shows "nil") -- not pressing
12:23:43   on page 'other': C=FIRE  U=SRCH PILOT LOS  R=NO MSL  D=TRACKING  FU=HOLD FIRE  FR=TGT PILOT  FD=SRCH 9K113 LOS  FL=CM MENU
12:23:43     !! L does not offer "CLOSE" (shows "nil") -- not pressing
12:23:43   on page 'other': C=FIRE  U=SRCH PILOT LOS  R=NO MSL  D=TRACKING  FU=HOLD FIRE  FR=TGT PILOT  FD=SRCH 9K113 LOS  FL=CM MENU
12:23:43     !! L does not offer "CLOSE" (shows "nil") -- not pressing
12:23:43   on page 'other': C=FIRE  U=SRCH PILOT LOS  R=NO MSL  D=TRACKING  FU=HOLD FIRE  FR=TGT PILOT  FD=SRCH 9K113 LOS  FL=CM MENU
12:23:43     !! L does not offer "CLOSE" (shows "nil") -- not pressing
12:23:43   on page 'other': C=FIRE  U=SRCH PILOT LOS  R=NO MSL  D=TRACKING  FU=HOLD FIRE  FR=TGT PILOT  FD=SRCH 9K113 LOS  FL=CM MENU
12:23:43     !! L does not offer "CLOSE" (shows "nil") -- not pressing
12:23:43   on page 'other': C=FIRE  U=SRCH PILOT LOS  R=NO MSL  D=TRACKING  FU=HOLD FIRE  FR=TGT PILOT  FD=SRCH 9K113 LOS  FL=CM MENU
12:23:43     !! L does not offer "CLOSE" (shows "nil") -- not pressing
12:23:44   on page 'other': C=FIRE  U=SRCH PILOT LOS  R=NO MSL  D=TRACKING  FU=HOLD FIRE  FR=TGT PILOT  FD=SRCH 9K113 LOS  FL=CM MENU
12:23:44     !! L does not offer "CLOSE" (shows "nil") -- not pressing
12:23:44   on page 'other': C=FIRE  U=SRCH PILOT LOS  R=NO MSL  D=TRACKING  FU=HOLD FIRE  FR=TGT PILOT  FD=SRCH 9K113 LOS  FL=CM MENU
12:23:44     !! L does not offer "CLOSE" (shows "nil") -- not pressing
12:23:44   on page 'other': C=FIRE  U=SRCH PILOT LOS  R=NO MSL  D=TRACKING  FU=HOLD FIRE  FR=TGT PILOT  FD=SRCH 9K113 LOS  FL=CM MENU
12:23:44     !! L does not offer "CLOSE" (shows "nil") -- not pressing
12:23:44   on page 'other': C=FIRE  U=SRCH PILOT LOS  R=NO MSL  D=TRACKING  FU=HOLD FIRE  FR=TGT PILOT  FD=SRCH 9K113 LOS  FL=CM MENU
12:23:44     !! L does not offer "CLOSE" (shows "nil") -- not pressing
12:23:44   on page 'other': C=FIRE  U=SRCH PILOT LOS  R=NO MSL  D=TRACKING  FU=HOLD FIRE  FR=TGT PILOT  FD=SRCH 9K113 LOS  FL=CM MENU
12:23:44     !! L does not offer "CLOSE" (shows "nil") -- not pressing
12:23:44   on page 'other': C=FIRE  U=SRCH PILOT LOS  R=NO MSL  D=TRACKING  FU=HOLD FIRE  FR=TGT PILOT  FD=SRCH 9K113 LOS  FL=CM MENU
12:23:44     !! L does not offer "CLOSE" (shows "nil") -- not pressing
12:23:44   on page 'other': C=FIRE  U=SRCH PILOT LOS  R=NO MSL  D=TRACKING  FU=HOLD FIRE  FR=TGT PILOT  FD=SRCH 9K113 LOS  FL=CM MENU
12:23:44     !! L does not offer "CLOSE" (shows "nil") -- not pressing
12:23:44   on page 'other': C=FIRE  U=SRCH PILOT LOS  R=NO MSL  D=TRACKING  FU=HOLD FIRE  FR=TGT PILOT  FD=SRCH 9K113 LOS  FL=CM MENU
12:23:44     !! L does not offer "CLOSE" (shows "nil") -- not pressing
12:23:44   on page 'other': C=FIRE  U=SRCH PILOT LOS  R=NO MSL  D=TRACKING  FU=HOLD FIRE  FR=TGT PILOT  FD=SRCH 9K113 LOS  FL=CM MENU
12:23:44     !! L does not offer "CLOSE" (shows "nil") -- not pressing
12:23:44   on page 'other': C=FIRE  U=SRCH PILOT LOS  R=NO MSL  D=TRACKING  FU=HOLD FIRE  FR=TGT PILOT  FD=SRCH 9K113 LOS  FL=CM MENU
12:23:44     !! L does not offer "CLOSE" (shows "nil") -- not pressing
12:23:44   on page 'other': C=FIRE  U=SRCH PILOT LOS  R=NO MSL  D=TRACKING  FU=HOLD FIRE  FR=TGT PILOT  FD=SRCH 9K113 LOS  FL=CM MENU
12:23:44     !! L does not offer "CLOSE" (shows "nil") -- not pressing
12:23:44   on page 'other': C=FIRE  U=SRCH PILOT LOS  R=NO MSL  D=TRACKING  FU=HOLD FIRE  FR=TGT PILOT  FD=SRCH 9K113 LOS  FL=CM MENU
12:23:44     !! L does not offer "CLOSE" (shows "nil") -- not pressing
12:23:44   on page 'other': C=FIRE  U=SRCH PILOT LOS  R=NO MSL  D=TRACKING  FU=HOLD FIRE  FR=TGT PILOT  FD=SRCH 9K113 LOS  FL=CM MENU
12:23:44     !! L does not offer "CLOSE" (shows "nil") -- not pressing
12:23:44   on page 'other': C=FIRE  U=SRCH PILOT LOS  R=NO MSL  D=TRACKING  FU=HOLD FIRE  FR=TGT PILOT  FD=SRCH 9K113 LOS  FL=CM MENU
12:23:44     !! L does not offer "CLOSE" (shows "nil") -- not pressing
12:23:44   on page 'other': C=FIRE  U=SRCH PILOT LOS  R=NO MSL  D=TRACKING  FU=HOLD FIRE  FR=TGT PILOT  FD=SRCH 9K113 LOS  FL=CM MENU
12:23:44     !! L does not offer "CLOSE" (shows "nil") -- not pressing
12:23:44   on page 'other': C=FIRE  U=SRCH PILOT LOS  R=NO MSL  D=TRACKING  FU=HOLD FIRE  FR=TGT PILOT  FD=SRCH 9K113 LOS  FL=CM MENU
12:23:44     !! L does not offer "CLOSE" (shows "nil") -- not pressing
12:23:44   on page 'other': C=FIRE  U=SRCH PILOT LOS  R=NO MSL  D=TRACKING  FU=HOLD FIRE  FR=TGT PILOT  FD=SRCH 9K113 LOS  FL=CM MENU
12:23:44     !! L does not offer "CLOSE" (shows "nil") -- not pressing
12:23:44   on page 'other': C=FIRE  U=SRCH PILOT LOS  R=NO MSL  D=TRACKING  FU=HOLD FIRE  FR=TGT PILOT  FD=SRCH 9K113 LOS  FL=CM MENU
12:23:44     !! L does not offer "CLOSE" (shows "nil") -- not pressing
12:23:44   on page 'other': C=FIRE  U=SRCH PILOT LOS  R=NO MSL  D=TRACKING  FU=HOLD FIRE  FR=TGT PILOT  FD=SRCH 9K113 LOS  FL=CM MENU
12:23:44     !! L does not offer "CLOSE" (shows "nil") -- not pressing
12:23:44   on page 'other': C=FIRE  U=SRCH PILOT LOS  R=NO MSL  D=TRACKING  FU=HOLD FIRE  FR=TGT PILOT  FD=SRCH 9K113 LOS  FL=CM MENU
12:23:44     !! L does not offer "CLOSE" (shows "nil") -- not pressing
12:23:44   on page 'other': C=FIRE  U=SRCH PILOT LOS  R=NO MSL  D=TRACKING  FU=HOLD FIRE  FR=TGT PILOT  FD=SRCH 9K113 LOS  FL=CM MENU
12:23:44     !! L does not offer "CLOSE" (shows "nil") -- not pressing
12:23:44   on page 'other': C=FIRE  U=SRCH PILOT LOS  R=NO MSL  D=TRACKING  FU=HOLD FIRE  FR=TGT PILOT  FD=SRCH 9K113 LOS  FL=CM MENU
12:23:44     !! L does not offer "CLOSE" (shows "nil") -- not pressing
12:23:44   on page 'other': C=FIRE  U=SRCH PILOT LOS  R=NO MSL  D=TRACKING  FU=HOLD FIRE  FR=TGT PILOT  FD=SRCH 9K113 LOS  FL=CM MENU
12:23:44     !! L does not offer "CLOSE" (shows "nil") -- not pressing
12:23:44   on page 'other': C=FIRE  U=SRCH PILOT LOS  R=NO MSL  D=TRACKING  FU=HOLD FIRE  FR=TGT PILOT  FD=SRCH 9K113 LOS  FL=CM MENU
12:23:44     !! L does not offer "CLOSE" (shows "nil") -- not pressing
12:23:44   on page 'other': C=FIRE  U=SRCH PILOT LOS  R=NO MSL  D=TRACKING  FU=HOLD FIRE  FR=TGT PILOT  FD=SRCH 9K113 LOS  FL=CM MENU
12:23:44     !! L does not offer "CLOSE" (shows "nil") -- not pressing
12:23:44   on page 'other': C=FIRE  U=SRCH PILOT LOS  R=NO MSL  D=TRACKING  FU=HOLD FIRE  FR=TGT PILOT  FD=SRCH 9K113 LOS  FL=CM MENU
12:23:44     !! L does not offer "CLOSE" (shows "nil") -- not pressing
12:23:44   on page 'other': C=FIRE  U=SRCH PILOT LOS  R=NO MSL  D=TRACKING  FU=HOLD FIRE  FR=TGT PILOT  FD=SRCH 9K113 LOS  FL=CM MENU
12:23:44     !! L does not offer "CLOSE" (shows "nil") -- not pressing
12:23:44   on page 'other': C=FIRE  U=SRCH PILOT LOS  R=NO MSL  D=TRACKING  FU=HOLD FIRE  FR=TGT PILOT  FD=SRCH 9K113 LOS  FL=CM MENU
12:23:44     !! L does not offer "CLOSE" (shows "nil") -- not pressing
12:23:44   on page 'other': C=FIRE  U=SRCH PILOT LOS  R=NO MSL  D=TRACKING  FU=HOLD FIRE  FR=TGT PILOT  FD=SRCH 9K113 LOS  FL=CM MENU
12:23:44     !! L does not offer "CLOSE" (shows "nil") -- not pressing
12:23:44   on page 'other': C=FIRE  U=SRCH PILOT LOS  R=NO MSL  D=TRACKING  FU=HOLD FIRE  FR=TGT PILOT  FD=SRCH 9K113 LOS  FL=CM MENU
12:23:44     !! L does not offer "CLOSE" (shows "nil") -- not pressing
12:23:44   on page 'other': C=FIRE  U=SRCH PILOT LOS  R=NO MSL  D=TRACKING  FU=HOLD FIRE  FR=TGT PILOT  FD=SRCH 9K113 LOS  FL=CM MENU
12:23:44     !! L does not offer "CLOSE" (shows "nil") -- not pressing
12:23:44   on page 'other': C=FIRE  U=SRCH PILOT LOS  R=NO MSL  D=TRACKING  FU=HOLD FIRE  FR=TGT PILOT  FD=SRCH 9K113 LOS  FL=CM MENU
12:23:44     !! L does not offer "CLOSE" (shows "nil") -- not pressing
12:23:44   on page 'other': C=FIRE  U=SRCH PILOT LOS  R=NO MSL  D=TRACKING  FU=HOLD FIRE  FR=TGT PILOT  FD=SRCH 9K113 LOS  FL=CM MENU
12:23:44     !! L does not offer "CLOSE" (shows "nil") -- not pressing
12:23:44   on page 'other': C=FIRE  U=SRCH PILOT LOS  R=NO MSL  D=TRACKING  FU=HOLD FIRE  FR=TGT PILOT  FD=SRCH 9K113 LOS  FL=CM MENU
12:23:44     !! L does not offer "CLOSE" (shows "nil") -- not pressing
12:23:44   on page 'other': C=FIRE  U=SRCH PILOT LOS  R=NO MSL  D=TRACKING  FU=HOLD FIRE  FR=TGT PILOT  FD=SRCH 9K113 LOS  FL=CM MENU
12:23:44     !! L does not offer "CLOSE" (shows "nil") -- not pressing
12:23:44   on page 'other': C=FIRE  U=SRCH PILOT LOS  R=NO MSL  D=TRACKING  FU=HOLD FIRE  FR=TGT PILOT  FD=SRCH 9K113 LOS  FL=CM MENU
12:23:44     !! L does not offer "CLOSE" (shows "nil") -- not pressing
12:23:44   on page 'other': C=FIRE  U=SRCH PILOT LOS  R=NO MSL  D=TRACKING  FU=HOLD FIRE  FR=TGT PILOT  FD=SRCH 9K113 LOS  FL=CM MENU
12:23:44     !! L does not offer "CLOSE" (shows "nil") -- not pressing
12:23:44   on page 'other': C=FIRE  U=SRCH PILOT LOS  R=NO MSL  D=TRACKING  FU=HOLD FIRE  FR=TGT PILOT  FD=SRCH 9K113 LOS  FL=CM MENU
12:23:44     !! L does not offer "CLOSE" (shows "nil") -- not pressing
12:23:44   on page 'other': C=FIRE  U=SRCH PILOT LOS  R=NO MSL  D=TRACKING  FU=HOLD FIRE  FR=TGT PILOT  FD=SRCH 9K113 LOS  FL=CM MENU
12:23:44     !! L does not offer "CLOSE" (shows "nil") -- not pressing
12:23:44   on page 'other': C=FIRE  U=SRCH PILOT LOS  R=NO MSL  D=TRACKING  FU=HOLD FIRE  FR=TGT PILOT  FD=SRCH 9K113 LOS  FL=CM MENU
12:23:44     !! L does not offer "CLOSE" (shows "nil") -- not pressing
12:23:44   on page 'other': C=FIRE  U=SRCH PILOT LOS  R=NO MSL  D=TRACKING  FU=HOLD FIRE  FR=TGT PILOT  FD=SRCH 9K113 LOS  FL=CM MENU
12:23:44     !! L does not offer "CLOSE" (shows "nil") -- not pressing
12:23:44   on page 'other': C=FIRE  U=SRCH PILOT LOS  R=NO MSL  D=TRACKING  FU=HOLD FIRE  FR=TGT PILOT  FD=SRCH 9K113 LOS  FL=CM MENU
12:23:44     !! L does not offer "CLOSE" (shows "nil") -- not pressing
12:23:44   on page 'other': C=FIRE  U=SRCH PILOT LOS  R=NO MSL  D=TRACKING  FU=HOLD FIRE  FR=TGT PILOT  FD=SRCH 9K113 LOS  FL=CM MENU
12:23:44     !! L does not offer "CLOSE" (shows "nil") -- not pressing
12:23:44   on page 'other': C=FIRE  U=SRCH PILOT LOS  R=NO MSL  D=TRACKING  FU=HOLD FIRE  FR=TGT PILOT  FD=SRCH 9K113 LOS  FL=CM MENU
12:23:44     !! L does not offer "CLOSE" (shows "nil") -- not pressing
12:23:44   on page 'other': C=FIRE  U=SRCH PILOT LOS  R=NO MSL  D=TRACKING  FU=HOLD FIRE  FR=TGT PILOT  FD=SRCH 9K113 LOS  FL=CM MENU
12:23:44     !! L does not offer "CLOSE" (shows "nil") -- not pressing
12:23:44   on page 'other': C=FIRE  U=SRCH PILOT LOS  R=NO MSL  D=TRACKING  FU=HOLD FIRE  FR=TGT PILOT  FD=SRCH 9K113 LOS  FL=CM MENU
12:23:44     !! L does not offer "CLOSE" (shows "nil") -- not pressing
12:23:44   on page 'other': C=FIRE  U=SRCH PILOT LOS  R=NO MSL  D=TRACKING  FU=HOLD FIRE  FR=TGT PILOT  FD=SRCH 9K113 LOS  FL=CM MENU
12:23:44     !! L does not offer "CLOSE" (shows "nil") -- not pressing
12:23:44   on page 'other': C=FIRE  U=SRCH PILOT LOS  R=NO MSL  D=TRACKING  FU=HOLD FIRE  FR=TGT PILOT  FD=SRCH 9K113 LOS  FL=CM MENU
12:23:44     !! L does not offer "CLOSE" (shows "nil") -- not pressing
12:23:44   on page 'other': C=FIRE  U=SRCH PILOT LOS  R=NO MSL  D=TRACKING  FU=HOLD FIRE  FR=TGT PILOT  FD=SRCH 9K113 LOS  FL=CM MENU
12:23:44     !! L does not offer "CLOSE" (shows "nil") -- not pressing
12:23:44   on page 'other': C=FIRE  U=SRCH PILOT LOS  R=NO MSL  D=TRACKING  FU=HOLD FIRE  FR=TGT PILOT  FD=SRCH 9K113 LOS  FL=CM MENU
12:23:44     !! L does not offer "CLOSE" (shows "nil") -- not pressing
12:23:44   on page 'other': C=FIRE  U=SRCH PILOT LOS  R=NO MSL  D=TRACKING  FU=HOLD FIRE  FR=TGT PILOT  FD=SRCH 9K113 LOS  FL=CM MENU
12:23:44     !! L does not offer "CLOSE" (shows "nil") -- not pressing
12:23:44   on page 'other': C=FIRE  U=SRCH PILOT LOS  R=NO MSL  D=TRACKING  FU=HOLD FIRE  FR=TGT PILOT  FD=SRCH 9K113 LOS  FL=CM MENU
12:23:44     !! L does not offer "CLOSE" (shows "nil") -- not pressing
12:23:44   on page 'other': C=FIRE  U=SRCH PILOT LOS  R=NO MSL  D=TRACKING  FU=HOLD FIRE  FR=TGT PILOT  FD=SRCH 9K113 LOS  FL=CM MENU
12:23:44     !! L does not offer "CLOSE" (shows "nil") -- not pressing
12:23:44   on page 'other': C=FIRE  U=SRCH PILOT LOS  R=NO MSL  D=TRACKING  FU=HOLD FIRE  FR=TGT PILOT  FD=SRCH 9K113 LOS  FL=CM MENU
12:23:44     !! L does not offer "CLOSE" (shows "nil") -- not pressing
12:23:44   on page 'other': C=FIRE  U=SRCH PILOT LOS  R=NO MSL  D=TRACKING  FU=HOLD FIRE  FR=TGT PILOT  FD=SRCH 9K113 LOS  FL=CM MENU
12:23:44     !! L does not offer "CLOSE" (shows "nil") -- not pressing
12:23:44   on page 'other': C=FIRE  U=SRCH PILOT LOS  R=NO MSL  D=TRACKING  FU=HOLD FIRE  FR=TGT PILOT  FD=SRCH 9K113 LOS  FL=CM MENU
12:23:44     !! L does not offer "CLOSE" (shows "nil") -- not pressing
12:23:44   on page 'other': C=FIRE  U=SRCH PILOT LOS  R=NO MSL  D=TRACKING  FU=HOLD FIRE  FR=TGT PILOT  FD=SRCH 9K113 LOS  FL=CM MENU
12:23:44     !! L does not offer "CLOSE" (shows "nil") -- not pressing
12:23:44   on page 'other': C=FIRE  U=SRCH PILOT LOS  R=NO MSL  D=TRACKING  FU=HOLD FIRE  FR=TGT PILOT  FD=SRCH 9K113 LOS  FL=CM MENU
12:23:44     !! L does not offer "CLOSE" (shows "nil") -- not pressing
12:23:44   on page 'other': C=FIRE  U=SRCH PILOT LOS  R=NO MSL  D=TRACKING  FU=HOLD FIRE  FR=TGT PILOT  FD=SRCH 9K113 LOS  FL=CM MENU
12:23:44     !! L does not offer "CLOSE" (shows "nil") -- not pressing
12:23:44   on page 'other': C=FIRE  U=SRCH PILOT LOS  R=NO MSL  D=TRACKING  FU=HOLD FIRE  FR=TGT PILOT  FD=SRCH 9K113 LOS  FL=CM MENU
12:23:44     !! L does not offer "CLOSE" (shows "nil") -- not pressing
12:23:44   on page 'other': C=FIRE  U=SRCH PILOT LOS  R=NO MSL  D=TRACKING  FU=HOLD FIRE  FR=TGT PILOT  FD=SRCH 9K113 LOS  FL=CM MENU
12:23:44     !! L does not offer "CLOSE" (shows "nil") -- not pressing
12:23:44   on page 'other': C=FIRE  U=SRCH PILOT LOS  R=NO MSL  D=TRACKING  FU=HOLD FIRE  FR=TGT PILOT  FD=SRCH 9K113 LOS  FL=CM MENU
12:23:44     !! L does not offer "CLOSE" (shows "nil") -- not pressing
12:23:44   on page 'other': C=FIRE  U=SRCH PILOT LOS  R=NO MSL  D=TRACKING  FU=HOLD FIRE  FR=TGT PILOT  FD=SRCH 9K113 LOS  FL=CM MENU
12:23:44     !! L does not offer "CLOSE" (shows "nil") -- not pressing
12:23:44   on page 'other': C=FIRE  U=SRCH PILOT LOS  R=NO MSL  D=TRACKING  FU=HOLD FIRE  FR=TGT PILOT  FD=SRCH 9K113 LOS  FL=CM MENU
12:23:44     !! L does not offer "CLOSE" (shows "nil") -- not pressing
12:23:44   on page 'other': C=FIRE  U=SRCH PILOT LOS  R=NO MSL  D=TRACKING  FU=HOLD FIRE  FR=TGT PILOT  FD=SRCH 9K113 LOS  FL=CM MENU
12:23:44     !! L does not offer "CLOSE" (shows "nil") -- not pressing
12:23:44   on page 'other': C=FIRE  U=SRCH PILOT LOS  R=NO MSL  D=TRACKING  FU=HOLD FIRE  FR=TGT PILOT  FD=SRCH 9K113 LOS  FL=CM MENU
12:23:44     !! L does not offer "CLOSE" (shows "nil") -- not pressing
12:23:44   on page 'other': C=FIRE  U=SRCH PILOT LOS  R=NO MSL  D=TRACKING  FU=HOLD FIRE  FR=TGT PILOT  FD=SRCH 9K113 LOS  FL=CM MENU
12:23:44     !! L does not offer "CLOSE" (shows "nil") -- not pressing
12:23:44   on page 'other': C=FIRE  U=SRCH PILOT LOS  R=NO MSL  D=TRACKING  FU=HOLD FIRE  FR=TGT PILOT  FD=SRCH 9K113 LOS  FL=CM MENU
12:23:44     !! L does not offer "CLOSE" (shows "nil") -- not pressing
12:23:44   on page 'other': C=FIRE  U=SRCH PILOT LOS  R=NO MSL  D=TRACKING  FU=HOLD FIRE  FR=TGT PILOT  FD=SRCH 9K113 LOS  FL=CM MENU
12:23:44     !! L does not offer "CLOSE" (shows "nil") -- not pressing
12:23:44   on page 'other': C=FIRE  U=SRCH PILOT LOS  R=NO MSL  D=TRACKING  FU=HOLD FIRE  FR=TGT PILOT  FD=SRCH 9K113 LOS  FL=CM MENU
12:23:44     !! L does not offer "CLOSE" (shows "nil") -- not pressing
12:23:44   on page 'other': C=FIRE  U=SRCH PILOT LOS  R=NO MSL  D=TRACKING  FU=HOLD FIRE  FR=TGT PILOT  FD=SRCH 9K113 LOS  FL=CM MENU
12:23:44     !! L does not offer "CLOSE" (shows "nil") -- not pressing
12:23:44   on page 'other': C=FIRE  U=SRCH PILOT LOS  R=NO MSL  D=TRACKING  FU=HOLD FIRE  FR=TGT PILOT  FD=SRCH 9K113 LOS  FL=CM MENU
12:23:44     !! L does not offer "CLOSE" (shows "nil") -- not pressing
12:23:44   on page 'other': C=FIRE  U=SRCH PILOT LOS  R=NO MSL  D=TRACKING  FU=HOLD FIRE  FR=TGT PILOT  FD=SRCH 9K113 LOS  FL=CM MENU
12:23:44     !! L does not offer "CLOSE" (shows "nil") -- not pressing
12:23:44   on page 'other': C=FIRE  U=SRCH PILOT LOS  R=NO MSL  D=TRACKING  FU=HOLD FIRE  FR=TGT PILOT  FD=SRCH 9K113 LOS  FL=CM MENU
12:23:44     !! L does not offer "CLOSE" (shows "nil") -- not pressing
12:23:44   on page 'other': C=FIRE  U=SRCH PILOT LOS  R=NO MSL  D=TRACKING  FU=HOLD FIRE  FR=TGT PILOT  FD=SRCH 9K113 LOS  FL=CM MENU
12:23:44     !! L does not offer "CLOSE" (shows "nil") -- not pressing
12:23:44   on page 'other': C=FIRE  U=SRCH PILOT LOS  R=NO MSL  D=TRACKING  FU=HOLD FIRE  FR=TGT PILOT  FD=SRCH 9K113 LOS  FL=CM MENU
12:23:44     !! L does not offer "CLOSE" (shows "nil") -- not pressing
12:23:44   on page 'other': C=FIRE  U=SRCH PILOT LOS  R=NO MSL  D=TRACKING  FU=HOLD FIRE  FR=TGT PILOT  FD=SRCH 9K113 LOS  FL=CM MENU
12:23:44     !! L does not offer "CLOSE" (shows "nil") -- not pressing
12:23:44   on page 'other': C=FIRE  U=SRCH PILOT LOS  R=NO MSL  D=TRACKING  FU=HOLD FIRE  FR=TGT PILOT  FD=SRCH 9K113 LOS  FL=CM MENU
12:23:44     !! L does not offer "CLOSE" (shows "nil") -- not pressing
12:23:44   on page 'other': C=FIRE  U=SRCH PILOT LOS  R=NO MSL  D=TRACKING  FU=HOLD FIRE  FR=TGT PILOT  FD=SRCH 9K113 LOS  FL=CM MENU
12:23:44     !! L does not offer "CLOSE" (shows "nil") -- not pressing
12:23:45   on page 'other': C=FIRE  U=SRCH PILOT LOS  R=NO MSL  D=TRACKING  FU=HOLD FIRE  FR=TGT PILOT  FD=SRCH 9K113 LOS  FL=CM MENU
12:23:45     !! L does not offer "CLOSE" (shows "nil") -- not pressing
12:23:45   on page 'other': C=FIRE  U=SRCH PILOT LOS  R=NO MSL  D=TRACKING  FU=HOLD FIRE  FR=TGT PILOT  FD=SRCH 9K113 LOS  FL=CM MENU
12:23:45     !! L does not offer "CLOSE" (shows "nil") -- not pressing
12:23:45   on page 'other': C=FIRE  U=SRCH PILOT LOS  R=NO MSL  D=TRACKING  FU=HOLD FIRE  FR=TGT PILOT  FD=SRCH 9K113 LOS  FL=CM MENU
12:23:45     !! L does not offer "CLOSE" (shows "nil") -- not pressing
12:23:45   on page 'other': C=FIRE  U=SRCH PILOT LOS  R=NO MSL  D=TRACKING  FU=HOLD FIRE  FR=TGT PILOT  FD=SRCH 9K113 LOS  FL=CM MENU
12:23:45     !! L does not offer "CLOSE" (shows "nil") -- not pressing
12:23:45   on page 'other': C=FIRE  U=SRCH PILOT LOS  R=NO MSL  D=TRACKING  FU=HOLD FIRE  FR=TGT PILOT  FD=SRCH 9K113 LOS  FL=CM MENU
12:23:45     !! L does not offer "CLOSE" (shows "nil") -- not pressing
12:23:45   on page 'other': C=FIRE  U=SRCH PILOT LOS  R=NO MSL  D=TRACKING  FU=HOLD FIRE  FR=TGT PILOT  FD=SRCH 9K113 LOS  FL=CM MENU
12:23:45     !! L does not offer "CLOSE" (shows "nil") -- not pressing
12:23:45   on page 'other': C=FIRE  U=SRCH PILOT LOS  R=NO MSL  D=TRACKING  FU=HOLD FIRE  FR=TGT PILOT  FD=SRCH 9K113 LOS  FL=CM MENU
12:23:45     !! L does not offer "CLOSE" (shows "nil") -- not pressing
12:23:45   on page 'other': C=FIRE  U=SRCH PILOT LOS  R=NO MSL  D=TRACKING  FU=HOLD FIRE  FR=TGT PILOT  FD=SRCH 9K113 LOS  FL=CM MENU
12:23:45     !! L does not offer "CLOSE" (shows "nil") -- not pressing
12:23:45   on page 'other': C=FIRE  U=SRCH PILOT LOS  R=NO MSL  D=TRACKING  FU=HOLD FIRE  FR=TGT PILOT  FD=SRCH 9K113 LOS  FL=CM MENU
12:23:45     !! L does not offer "CLOSE" (shows "nil") -- not pressing
12:23:45   on page 'other': C=FIRE  U=SRCH PILOT LOS  R=NO MSL  D=TRACKING  FU=HOLD FIRE  FR=TGT PILOT  FD=SRCH 9K113 LOS  FL=CM MENU
12:23:45     !! L does not offer "CLOSE" (shows "nil") -- not pressing
12:23:45   on page 'other': C=FIRE  U=SRCH PILOT LOS  R=NO MSL  D=TRACKING  FU=HOLD FIRE  FR=TGT PILOT  FD=SRCH 9K113 LOS  FL=CM MENU
12:23:45     !! L does not offer "CLOSE" (shows "nil") -- not pressing
12:23:45   on page 'other': C=FIRE  U=SRCH PILOT LOS  R=NO MSL  D=TRACKING  FU=HOLD FIRE  FR=TGT PILOT  FD=SRCH 9K113 LOS  FL=CM MENU
12:23:45     !! L does not offer "CLOSE" (shows "nil") -- not pressing
12:23:45   on page 'other': C=FIRE  U=SRCH PILOT LOS  R=NO MSL  D=TRACKING  FU=HOLD FIRE  FR=TGT PILOT  FD=SRCH 9K113 LOS  FL=CM MENU
12:23:45     !! L does not offer "CLOSE" (shows "nil") -- not pressing
12:23:45   on page 'other': C=FIRE  U=SRCH PILOT LOS  R=NO MSL  D=TRACKING  FU=HOLD FIRE  FR=TGT PILOT  FD=SRCH 9K113 LOS  FL=CM MENU
12:23:45     !! L does not offer "CLOSE" (shows "nil") -- not pressing
12:23:45   on page 'other': C=FIRE  U=SRCH PILOT LOS  R=NO MSL  D=TRACKING  FU=HOLD FIRE  FR=TGT PILOT  FD=SRCH 9K113 LOS  FL=CM MENU
12:23:45     !! L does not offer "CLOSE" (shows "nil") -- not pressing
12:23:45   on page 'other': C=FIRE  U=SRCH PILOT LOS  R=NO MSL  D=TRACKING  FU=HOLD FIRE  FR=TGT PILOT  FD=SRCH 9K113 LOS  FL=CM MENU
12:23:45     !! L does not offer "CLOSE" (shows "nil") -- not pressing
12:23:45   on page 'other': C=FIRE  U=SRCH PILOT LOS  R=NO MSL  D=TRACKING  FU=HOLD FIRE  FR=TGT PILOT  FD=SRCH 9K113 LOS  FL=CM MENU
12:23:45     !! L does not offer "CLOSE" (shows "nil") -- not pressing
12:23:45   on page 'other': C=FIRE  U=SRCH PILOT LOS  R=NO MSL  D=TRACKING  FU=HOLD FIRE  FR=TGT PILOT  FD=SRCH 9K113 LOS  FL=CM MENU
12:23:45     !! L does not offer "CLOSE" (shows "nil") -- not pressing
12:23:45   on page 'other': C=FIRE  U=SRCH PILOT LOS  R=NO MSL  D=TRACKING  FU=HOLD FIRE  FR=TGT PILOT  FD=SRCH 9K113 LOS  FL=CM MENU
12:23:45     !! L does not offer "CLOSE" (shows "nil") -- not pressing
12:23:45   on page 'other': C=FIRE  U=SRCH PILOT LOS  R=NO MSL  D=TRACKING  FU=HOLD FIRE  FR=TGT PILOT  FD=SRCH 9K113 LOS  FL=CM MENU
12:23:45     !! L does not offer "CLOSE" (shows "nil") -- not pressing
12:23:45   on page 'other': C=FIRE  U=SRCH PILOT LOS  R=NO MSL  D=TRACKING  FU=HOLD FIRE  FR=TGT PILOT  FD=SRCH 9K113 LOS  FL=CM MENU
12:23:45     !! L does not offer "CLOSE" (shows "nil") -- not pressing
12:23:45   on page 'other': C=FIRE  U=SRCH PILOT LOS  R=NO MSL  D=TRACKING  FU=HOLD FIRE  FR=TGT PILOT  FD=SRCH 9K113 LOS  FL=CM MENU
12:23:45     !! L does not offer "CLOSE" (shows "nil") -- not pressing
12:23:45   on page 'other': C=FIRE  U=SRCH PILOT LOS  R=NO MSL  D=TRACKING  FU=HOLD FIRE  FR=TGT PILOT  FD=SRCH 9K113 LOS  FL=CM MENU
12:23:45     !! L does not offer "CLOSE" (shows "nil") -- not pressing
12:23:45   on page 'other': C=FIRE  U=SRCH PILOT LOS  R=NO MSL  D=TRACKING  FU=HOLD FIRE  FR=TGT PILOT  FD=SRCH 9K113 LOS  FL=CM MENU
12:23:45     !! L does not offer "CLOSE" (shows "nil") -- not pressing
12:23:45   on page 'other': C=FIRE  U=SRCH PILOT LOS  R=NO MSL  D=TRACKING  FU=HOLD FIRE  FR=TGT PILOT  FD=SRCH 9K113 LOS  FL=CM MENU
12:23:45     !! L does not offer "CLOSE" (shows "nil") -- not pressing
12:23:45   on page 'other': C=FIRE  U=SRCH PILOT LOS  R=NO MSL  D=TRACKING  FU=HOLD FIRE  FR=TGT PILOT  FD=SRCH 9K113 LOS  FL=CM MENU
12:23:45     !! L does not offer "CLOSE" (shows "nil") -- not pressing
12:23:45   on page 'other': C=FIRE  U=SRCH PILOT LOS  R=NO MSL  D=TRACKING  FU=HOLD FIRE  FR=TGT PILOT  FD=SRCH 9K113 LOS  FL=CM MENU
12:23:45     !! L does not offer "CLOSE" (shows "nil") -- not pressing
12:23:45   on page 'other': C=FIRE  U=SRCH PILOT LOS  R=NO MSL  D=TRACKING  FU=HOLD FIRE  FR=TGT PILOT  FD=SRCH 9K113 LOS  FL=CM MENU
12:23:45     !! L does not offer "CLOSE" (shows "nil") -- not pressing
12:23:45   on page 'other': C=FIRE  U=SRCH PILOT LOS  R=NO MSL  D=TRACKING  FU=HOLD FIRE  FR=TGT PILOT  FD=SRCH 9K113 LOS  FL=CM MENU
12:23:45     !! L does not offer "CLOSE" (shows "nil") -- not pressing
12:23:45   on page 'other': C=FIRE  U=SRCH PILOT LOS  R=NO MSL  D=TRACKING  FU=HOLD FIRE  FR=TGT PILOT  FD=SRCH 9K113 LOS  FL=CM MENU
12:23:45     !! L does not offer "CLOSE" (shows "nil") -- not pressing
12:23:45   on page 'other': C=FIRE  U=SRCH PILOT LOS  R=NO MSL  D=TRACKING  FU=HOLD FIRE  FR=TGT PILOT  FD=SRCH 9K113 LOS  FL=CM MENU
12:23:45     !! L does not offer "CLOSE" (shows "nil") -- not pressing
12:23:45   on page 'other': C=FIRE  U=SRCH PILOT LOS  R=NO MSL  D=TRACKING  FU=HOLD FIRE  FR=TGT PILOT  FD=SRCH 9K113 LOS  FL=CM MENU
12:23:45     !! L does not offer "CLOSE" (shows "nil") -- not pressing
12:23:45   on page 'other': C=FIRE  U=SRCH PILOT LOS  R=NO MSL  D=TRACKING  FU=HOLD FIRE  FR=TGT PILOT  FD=SRCH 9K113 LOS  FL=CM MENU
12:23:45     !! L does not offer "CLOSE" (shows "nil") -- not pressing
12:23:45   on page 'other': C=FIRE  U=SRCH PILOT LOS  R=NO MSL  D=TRACKING  FU=HOLD FIRE  FR=TGT PILOT  FD=SRCH 9K113 LOS  FL=CM MENU
12:23:45     !! L does not offer "CLOSE" (shows "nil") -- not pressing
12:23:45   on page 'other': C=FIRE  U=SRCH PILOT LOS  R=NO MSL  D=TRACKING  FU=HOLD FIRE  FR=TGT PILOT  FD=SRCH 9K113 LOS  FL=CM MENU
12:23:45     !! L does not offer "CLOSE" (shows "nil") -- not pressing
12:23:45   on page 'other': C=FIRE  U=SRCH PILOT LOS  R=NO MSL  D=TRACKING  FU=HOLD FIRE  FR=TGT PILOT  FD=SRCH 9K113 LOS  FL=CM MENU
12:23:45     !! L does not offer "CLOSE" (shows "nil") -- not pressing
12:23:45   on page 'other': C=FIRE  U=SRCH PILOT LOS  R=NO MSL  D=TRACKING  FU=HOLD FIRE  FR=TGT PILOT  FD=SRCH 9K113 LOS  FL=CM MENU
12:23:45     !! L does not offer "CLOSE" (shows "nil") -- not pressing
12:23:45   on page 'other': C=FIRE  U=SRCH PILOT LOS  R=NO MSL  D=TRACKING  FU=HOLD FIRE  FR=TGT PILOT  FD=SRCH 9K113 LOS  FL=CM MENU
12:23:45     !! L does not offer "CLOSE" (shows "nil") -- not pressing
12:23:45   on page 'other': C=FIRE  U=SRCH PILOT LOS  R=NO MSL  D=TRACKING  FU=HOLD FIRE  FR=TGT PILOT  FD=SRCH 9K113 LOS  FL=CM MENU
12:23:45     !! L does not offer "CLOSE" (shows "nil") -- not pressing
12:23:45   on page 'other': C=FIRE  U=SRCH PILOT LOS  R=NO MSL  D=TRACKING  FU=HOLD FIRE  FR=TGT PILOT  FD=SRCH 9K113 LOS  FL=CM MENU
12:23:45     !! L does not offer "CLOSE" (shows "nil") -- not pressing
12:23:45   on page 'other': C=FIRE  U=SRCH PILOT LOS  R=NO MSL  D=TRACKING  FU=HOLD FIRE  FR=TGT PILOT  FD=SRCH 9K113 LOS  FL=CM MENU
12:23:45     !! L does not offer "CLOSE" (shows "nil") -- not pressing
12:23:45   on page 'other': C=FIRE  U=SRCH PILOT LOS  R=NO MSL  D=TRACKING  FU=HOLD FIRE  FR=TGT PILOT  FD=SRCH 9K113 LOS  FL=CM MENU
12:23:45     !! L does not offer "CLOSE" (shows "nil") -- not pressing
12:23:45   on page 'other': C=FIRE  U=SRCH PILOT LOS  R=NO MSL  D=TRACKING  FU=HOLD FIRE  FR=TGT PILOT  FD=SRCH 9K113 LOS  FL=CM MENU
12:23:45     !! L does not offer "CLOSE" (shows "nil") -- not pressing
12:23:45   on page 'other': C=FIRE  U=SRCH PILOT LOS  R=NO MSL  D=TRACKING  FU=HOLD FIRE  FR=TGT PILOT  FD=SRCH 9K113 LOS  FL=CM MENU
12:23:45     !! L does not offer "CLOSE" (shows "nil") -- not pressing
12:23:45   on page 'other': C=FIRE  U=SRCH PILOT LOS  R=NO MSL  D=TRACKING  FU=HOLD FIRE  FR=TGT PILOT  FD=SRCH 9K113 LOS  FL=CM MENU
12:23:45     !! L does not offer "CLOSE" (shows "nil") -- not pressing
12:23:45   on page 'other': C=FIRE  U=SRCH PILOT LOS  R=NO MSL  D=TRACKING  FU=HOLD FIRE  FR=TGT PILOT  FD=SRCH 9K113 LOS  FL=CM MENU
12:23:45     !! L does not offer "CLOSE" (shows "nil") -- not pressing
12:23:45   on page 'other': C=FIRE  U=SRCH PILOT LOS  R=NO MSL  D=TRACKING  FU=HOLD FIRE  FR=TGT PILOT  FD=SRCH 9K113 LOS  FL=CM MENU
12:23:45     !! L does not offer "CLOSE" (shows "nil") -- not pressing
12:23:45   on page 'other': C=FIRE  U=SRCH PILOT LOS  R=NO MSL  D=TRACKING  FU=HOLD FIRE  FR=TGT PILOT  FD=SRCH 9K113 LOS  FL=CM MENU
12:23:45     !! L does not offer "CLOSE" (shows "nil") -- not pressing
12:23:45   on page 'other': C=FIRE  U=SRCH PILOT LOS  R=NO MSL  D=TRACKING  FU=HOLD FIRE  FR=TGT PILOT  FD=SRCH 9K113 LOS  FL=CM MENU
12:23:45     !! L does not offer "CLOSE" (shows "nil") -- not pressing
12:23:45   on page 'other': C=FIRE  U=SRCH PILOT LOS  R=NO MSL  D=TRACKING  FU=HOLD FIRE  FR=TGT PILOT  FD=SRCH 9K113 LOS  FL=CM MENU
12:23:45     !! L does not offer "CLOSE" (shows "nil") -- not pressing
12:23:45   on page 'other': C=FIRE  U=SRCH PILOT LOS  R=NO MSL  D=TRACKING  FU=HOLD FIRE  FR=TGT PILOT  FD=SRCH 9K113 LOS  FL=CM MENU
12:23:45     !! L does not offer "CLOSE" (shows "nil") -- not pressing
12:23:45   on page 'other': C=FIRE  U=SRCH PILOT LOS  R=NO MSL  D=TRACKING  FU=HOLD FIRE  FR=TGT PILOT  FD=SRCH 9K113 LOS  FL=CM MENU
12:23:45     !! L does not offer "CLOSE" (shows "nil") -- not pressing
12:23:45   on page 'other': C=FIRE  U=SRCH PILOT LOS  R=NO MSL  D=TRACKING  FU=HOLD FIRE  FR=TGT PILOT  FD=SRCH 9K113 LOS  FL=CM MENU
12:23:45     !! L does not offer "CLOSE" (shows "nil") -- not pressing
12:23:45   on page 'other': C=FIRE  U=SRCH PILOT LOS  R=NO MSL  D=TRACKING  FU=HOLD FIRE  FR=TGT PILOT  FD=SRCH 9K113 LOS  FL=CM MENU
12:23:45     !! L does not offer "CLOSE" (shows "nil") -- not pressing
12:23:45   on page 'other': C=FIRE  U=SRCH PILOT LOS  R=NO MSL  D=TRACKING  FU=HOLD FIRE  FR=TGT PILOT  FD=SRCH 9K113 LOS  FL=CM MENU
12:23:45     !! L does not offer "CLOSE" (shows "nil") -- not pressing
12:23:45   on page 'other': C=FIRE  U=SRCH PILOT LOS  R=NO MSL  D=TRACKING  FU=HOLD FIRE  FR=TGT PILOT  FD=SRCH 9K113 LOS  FL=CM MENU
12:23:45     !! L does not offer "CLOSE" (shows "nil") -- not pressing
12:23:45   on page 'other': C=FIRE  U=SRCH PILOT LOS  R=NO MSL  D=TRACKING  FU=HOLD FIRE  FR=TGT PILOT  FD=SRCH 9K113 LOS  FL=CM MENU
12:23:45     !! L does not offer "CLOSE" (shows "nil") -- not pressing
12:23:45   on page 'other': C=FIRE  U=SRCH PILOT LOS  R=NO MSL  D=TRACKING  FU=HOLD FIRE  FR=TGT PILOT  FD=SRCH 9K113 LOS  FL=CM MENU
12:23:45     !! L does not offer "CLOSE" (shows "nil") -- not pressing
12:23:45   on page 'other': C=FIRE  U=SRCH PILOT LOS  R=NO MSL  D=TRACKING  FU=HOLD FIRE  FR=TGT PILOT  FD=SRCH 9K113 LOS  FL=CM MENU
12:23:45     !! L does not offer "CLOSE" (shows "nil") -- not pressing
12:23:45   on page 'other': C=FIRE  U=SRCH PILOT LOS  R=NO MSL  D=TRACKING  FU=HOLD FIRE  FR=TGT PILOT  FD=SRCH 9K113 LOS  FL=CM MENU
12:23:45     !! L does not offer "CLOSE" (shows "nil") -- not pressing
12:23:45   on page 'other': C=FIRE  U=SRCH PILOT LOS  R=NO MSL  D=TRACKING  FU=HOLD FIRE  FR=TGT PILOT  FD=SRCH 9K113 LOS  FL=CM MENU
12:23:45     !! L does not offer "CLOSE" (shows "nil") -- not pressing
12:23:45   on page 'other': C=FIRE  U=SRCH PILOT LOS  R=NO MSL  D=TRACKING  FU=HOLD FIRE  FR=TGT PILOT  FD=SRCH 9K113 LOS  FL=CM MENU
12:23:45     !! L does not offer "CLOSE" (shows "nil") -- not pressing
12:23:45   on page 'other': C=FIRE  U=SRCH PILOT LOS  R=NO MSL  D=TRACKING  FU=HOLD FIRE  FR=TGT PILOT  FD=SRCH 9K113 LOS  FL=CM MENU
12:23:45     !! L does not offer "CLOSE" (shows "nil") -- not pressing
12:23:45   on page 'other': C=FIRE  U=SRCH PILOT LOS  R=NO MSL  D=TRACKING  FU=HOLD FIRE  FR=TGT PILOT  FD=SRCH 9K113 LOS  FL=CM MENU
12:23:45     !! L does not offer "CLOSE" (shows "nil") -- not pressing
12:23:45   on page 'other': C=FIRE  U=SRCH PILOT LOS  R=NO MSL  D=TRACKING  FU=HOLD FIRE  FR=TGT PILOT  FD=SRCH 9K113 LOS  FL=CM MENU
12:23:45     !! L does not offer "CLOSE" (shows "nil") -- not pressing
12:23:45   on page 'other': C=FIRE  U=SRCH PILOT LOS  R=NO MSL  D=TRACKING  FU=HOLD FIRE  FR=TGT PILOT  FD=SRCH 9K113 LOS  FL=CM MENU
12:23:45     !! L does not offer "CLOSE" (shows "nil") -- not pressing
12:23:45   on page 'other': C=FIRE  U=SRCH PILOT LOS  R=NO MSL  D=TRACKING  FU=HOLD FIRE  FR=TGT PILOT  FD=SRCH 9K113 LOS  FL=CM MENU
12:23:45     !! L does not offer "CLOSE" (shows "nil") -- not pressing
12:23:45   on page 'other': C=FIRE  U=SRCH PILOT LOS  R=NO MSL  D=TRACKING  FU=HOLD FIRE  FR=TGT PILOT  FD=SRCH 9K113 LOS  FL=CM MENU
12:23:45     !! L does not offer "CLOSE" (shows "nil") -- not pressing
12:23:45   on page 'other': C=FIRE  U=SRCH PILOT LOS  R=NO MSL  D=TRACKING  FU=HOLD FIRE  FR=TGT PILOT  FD=SRCH 9K113 LOS  FL=CM MENU
12:23:45     !! L does not offer "CLOSE" (shows "nil") -- not pressing
12:23:45   on page 'other': C=FIRE  U=SRCH PILOT LOS  R=NO MSL  D=TRACKING  FU=HOLD FIRE  FR=TGT PILOT  FD=SRCH 9K113 LOS  FL=CM MENU
12:23:45     !! L does not offer "CLOSE" (shows "nil") -- not pressing
12:23:45   on page 'other': C=FIRE  U=SRCH PILOT LOS  R=NO MSL  D=TRACKING  FU=HOLD FIRE  FR=TGT PILOT  FD=SRCH 9K113 LOS  FL=CM MENU
12:23:45     !! L does not offer "CLOSE" (shows "nil") -- not pressing
12:23:45   on page 'other': C=FIRE  U=SRCH PILOT LOS  R=NO MSL  D=TRACKING  FU=HOLD FIRE  FR=TGT PILOT  FD=SRCH 9K113 LOS  FL=CM MENU
12:23:45     !! L does not offer "CLOSE" (shows "nil") -- not pressing
12:23:45   on page 'other': C=FIRE  U=SRCH PILOT LOS  R=NO MSL  D=TRACKING  FU=HOLD FIRE  FR=TGT PILOT  FD=SRCH 9K113 LOS  FL=CM MENU
12:23:45     !! L does not offer "CLOSE" (shows "nil") -- not pressing
12:23:45   on page 'other': C=FIRE  U=SRCH PILOT LOS  R=NO MSL  D=TRACKING  FU=HOLD FIRE  FR=TGT PILOT  FD=SRCH 9K113 LOS  FL=CM MENU
12:23:45     !! L does not offer "CLOSE" (shows "nil") -- not pressing
12:23:45   on page 'other': C=FIRE  U=SRCH PILOT LOS  R=NO MSL  D=TRACKING  FU=HOLD FIRE  FR=TGT PILOT  FD=SRCH 9K113 LOS  FL=CM MENU
12:23:45     !! L does not offer "CLOSE" (shows "nil") -- not pressing
12:23:45   on page 'other': C=FIRE  U=SRCH PILOT LOS  R=NO MSL  D=TRACKING  FU=HOLD FIRE  FR=TGT PILOT  FD=SRCH 9K113 LOS  FL=CM MENU
12:23:45     !! L does not offer "CLOSE" (shows "nil") -- not pressing
12:23:45   on page 'other': C=FIRE  U=SRCH PILOT LOS  R=NO MSL  D=TRACKING  FU=HOLD FIRE  FR=TGT PILOT  FD=SRCH 9K113 LOS  FL=CM MENU
12:23:45     !! L does not offer "CLOSE" (shows "nil") -- not pressing
12:23:45   on page 'other': C=FIRE  U=SRCH PILOT LOS  R=NO MSL  D=TRACKING  FU=HOLD FIRE  FR=TGT PILOT  FD=SRCH 9K113 LOS  FL=CM MENU
12:23:45     !! L does not offer "CLOSE" (shows "nil") -- not pressing
12:23:45   on page 'other': C=FIRE  U=SRCH PILOT LOS  R=NO MSL  D=TRACKING  FU=HOLD FIRE  FR=TGT PILOT  FD=SRCH 9K113 LOS  FL=CM MENU
12:23:45     !! L does not offer "CLOSE" (shows "nil") -- not pressing
12:23:46   on page 'other': C=FIRE  U=SRCH PILOT LOS  R=NO MSL  D=TRACKING  FU=HOLD FIRE  FR=TGT PILOT  FD=SRCH 9K113 LOS  FL=CM MENU
12:23:46     !! L does not offer "CLOSE" (shows "nil") -- not pressing
12:23:46   on page 'other': C=FIRE  U=SRCH PILOT LOS  R=NO MSL  D=TRACKING  FU=HOLD FIRE  FR=TGT PILOT  FD=SRCH 9K113 LOS  FL=CM MENU
12:23:46     !! L does not offer "CLOSE" (shows "nil") -- not pressing
12:23:46   on page 'other': C=FIRE  U=SRCH PILOT LOS  R=NO MSL  D=TRACKING  FU=HOLD FIRE  FR=TGT PILOT  FD=SRCH 9K113 LOS  FL=CM MENU
12:23:46     !! L does not offer "CLOSE" (shows "nil") -- not pressing
12:23:46   on page 'other': C=FIRE  U=SRCH PILOT LOS  R=NO MSL  D=TRACKING  FU=HOLD FIRE  FR=TGT PILOT  FD=SRCH 9K113 LOS  FL=CM MENU
12:23:46     !! L does not offer "CLOSE" (shows "nil") -- not pressing
12:23:46   on page 'other': C=FIRE  U=SRCH PILOT LOS  R=NO MSL  D=TRACKING  FU=HOLD FIRE  FR=TGT PILOT  FD=SRCH 9K113 LOS  FL=CM MENU
12:23:46     !! L does not offer "CLOSE" (shows "nil") -- not pressing
12:23:46   on page 'other': C=FIRE  U=SRCH PILOT LOS  R=NO MSL  D=TRACKING  FU=HOLD FIRE  FR=TGT PILOT  FD=SRCH 9K113 LOS  FL=CM MENU
12:23:46     !! L does not offer "CLOSE" (shows "nil") -- not pressing
12:23:46   on page 'other': C=FIRE  U=SRCH PILOT LOS  R=NO MSL  D=TRACKING  FU=HOLD FIRE  FR=TGT PILOT  FD=SRCH 9K113 LOS  FL=CM MENU
12:23:46     !! L does not offer "CLOSE" (shows "nil") -- not pressing
12:23:46   on page 'other': C=FIRE  U=SRCH PILOT LOS  R=NO MSL  D=TRACKING  FU=HOLD FIRE  FR=TGT PILOT  FD=SRCH 9K113 LOS  FL=CM MENU
12:23:46     !! L does not offer "CLOSE" (shows "nil") -- not pressing
12:23:46   on page 'other': C=FIRE  U=SRCH PILOT LOS  R=NO MSL  D=TRACKING  FU=HOLD FIRE  FR=TGT PILOT  FD=SRCH 9K113 LOS  FL=CM MENU
12:23:46     !! L does not offer "CLOSE" (shows "nil") -- not pressing
12:23:46   on page 'other': C=FIRE  U=SRCH PILOT LOS  R=NO MSL  D=TRACKING  FU=HOLD FIRE  FR=TGT PILOT  FD=SRCH 9K113 LOS  FL=CM MENU
12:23:46     !! L does not offer "CLOSE" (shows "nil") -- not pressing
12:23:46   on page 'other': C=FIRE  U=SRCH PILOT LOS  R=NO MSL  D=TRACKING  FU=HOLD FIRE  FR=TGT PILOT  FD=SRCH 9K113 LOS  FL=CM MENU
12:23:46     !! L does not offer "CLOSE" (shows "nil") -- not pressing
12:23:46   on page 'other': C=FIRE  U=SRCH PILOT LOS  R=NO MSL  D=TRACKING  FU=HOLD FIRE  FR=TGT PILOT  FD=SRCH 9K113 LOS  FL=CM MENU
12:23:46     !! L does not offer "CLOSE" (shows "nil") -- not pressing
12:23:46   on page 'other': C=FIRE  U=SRCH PILOT LOS  R=NO MSL  D=TRACKING  FU=HOLD FIRE  FR=TGT PILOT  FD=SRCH 9K113 LOS  FL=CM MENU
12:23:46     !! L does not offer "CLOSE" (shows "nil") -- not pressing
12:23:46   on page 'other': C=FIRE  U=SRCH PILOT LOS  R=NO MSL  D=TRACKING  FU=HOLD FIRE  FR=TGT PILOT  FD=SRCH 9K113 LOS  FL=CM MENU
12:23:46     !! L does not offer "CLOSE" (shows "nil") -- not pressing
12:23:46   on page 'other': C=FIRE  U=SRCH PILOT LOS  R=NO MSL  D=TRACKING  FU=HOLD FIRE  FR=TGT PILOT  FD=SRCH 9K113 LOS  FL=CM MENU
12:23:46     !! L does not offer "CLOSE" (shows "nil") -- not pressing
12:23:46   on page 'other': C=FIRE  U=SRCH PILOT LOS  R=NO MSL  D=TRACKING  FU=HOLD FIRE  FR=TGT PILOT  FD=SRCH 9K113 LOS  FL=CM MENU
12:23:46     !! L does not offer "CLOSE" (shows "nil") -- not pressing
12:23:46   on page 'other': C=FIRE  U=SRCH PILOT LOS  R=NO MSL  D=TRACKING  FU=HOLD FIRE  FR=TGT PILOT  FD=SRCH 9K113 LOS  FL=CM MENU
12:23:46     !! L does not offer "CLOSE" (shows "nil") -- not pressing
12:23:46   on page 'other': C=FIRE  U=SRCH PILOT LOS  R=NO MSL  D=TRACKING  FU=HOLD FIRE  FR=TGT PILOT  FD=SRCH 9K113 LOS  FL=CM MENU
12:23:46     !! L does not offer "CLOSE" (shows "nil") -- not pressing
12:23:46   on page 'other': C=FIRE  U=SRCH PILOT LOS  R=NO MSL  D=TRACKING  FU=HOLD FIRE  FR=TGT PILOT  FD=SRCH 9K113 LOS  FL=CM MENU
12:23:46     !! L does not offer "CLOSE" (shows "nil") -- not pressing
12:23:46   on page 'other': C=FIRE  U=SRCH PILOT LOS  R=NO MSL  D=TRACKING  FU=HOLD FIRE  FR=TGT PILOT  FD=SRCH 9K113 LOS  FL=CM MENU
12:23:46     !! L does not offer "CLOSE" (shows "nil") -- not pressing
12:23:46   on page 'other': C=FIRE  U=SRCH PILOT LOS  R=NO MSL  D=TRACKING  FU=HOLD FIRE  FR=TGT PILOT  FD=SRCH 9K113 LOS  FL=CM MENU
12:23:46     !! L does not offer "CLOSE" (shows "nil") -- not pressing
12:23:46   on page 'other': C=FIRE  U=SRCH PILOT LOS  R=NO MSL  D=TRACKING  FU=HOLD FIRE  FR=TGT PILOT  FD=SRCH 9K113 LOS  FL=CM MENU
12:23:46     !! L does not offer "CLOSE" (shows "nil") -- not pressing
12:23:46   on page 'other': C=FIRE  U=SRCH PILOT LOS  R=NO MSL  D=TRACKING  FU=HOLD FIRE  FR=TGT PILOT  FD=SRCH 9K113 LOS  FL=CM MENU
12:23:46     !! L does not offer "CLOSE" (shows "nil") -- not pressing
12:23:46   on page 'other': C=FIRE  U=SRCH PILOT LOS  R=NO MSL  D=TRACKING  FU=HOLD FIRE  FR=TGT PILOT  FD=SRCH 9K113 LOS  FL=CM MENU
12:23:46     !! L does not offer "CLOSE" (shows "nil") -- not pressing
12:23:46   on page 'other': C=FIRE  U=SRCH PILOT LOS  R=NO MSL  D=TRACKING  FU=HOLD FIRE  FR=TGT PILOT  FD=SRCH 9K113 LOS  FL=CM MENU
12:23:46     !! L does not offer "CLOSE" (shows "nil") -- not pressing
12:23:46   on page 'other': C=FIRE  U=SRCH PILOT LOS  R=NO MSL  D=TRACKING  FU=HOLD FIRE  FR=TGT PILOT  FD=SRCH 9K113 LOS  FL=CM MENU
12:23:46     !! L does not offer "CLOSE" (shows "nil") -- not pressing
12:23:46   on page 'other': C=FIRE  U=SRCH PILOT LOS  R=NO MSL  D=TRACKING  FU=HOLD FIRE  FR=TGT PILOT  FD=SRCH 9K113 LOS  FL=CM MENU
12:23:46     !! L does not offer "CLOSE" (shows "nil") -- not pressing
12:23:46   on page 'other': C=FIRE  U=SRCH PILOT LOS  R=NO MSL  D=TRACKING  FU=HOLD FIRE  FR=TGT PILOT  FD=SRCH 9K113 LOS  FL=CM MENU
12:23:46     !! L does not offer "CLOSE" (shows "nil") -- not pressing
12:23:46   on page 'other': C=FIRE  U=SRCH PILOT LOS  R=NO MSL  D=TRACKING  FU=HOLD FIRE  FR=TGT PILOT  FD=SRCH 9K113 LOS  FL=CM MENU
12:23:46     !! L does not offer "CLOSE" (shows "nil") -- not pressing
12:23:46   on page 'other': C=FIRE  U=SRCH PILOT LOS  R=NO MSL  D=TRACKING  FU=HOLD FIRE  FR=TGT PILOT  FD=SRCH 9K113 LOS  FL=CM MENU
12:23:46     !! L does not offer "CLOSE" (shows "nil") -- not pressing
12:23:46   on page 'other': C=FIRE  U=SRCH PILOT LOS  R=NO MSL  D=TRACKING  FU=HOLD FIRE  FR=TGT PILOT  FD=SRCH 9K113 LOS  FL=CM MENU
12:23:46     !! L does not offer "CLOSE" (shows "nil") -- not pressing
12:23:46   on page 'other': C=FIRE  U=SRCH PILOT LOS  R=NO MSL  D=TRACKING  FU=HOLD FIRE  FR=TGT PILOT  FD=SRCH 9K113 LOS  FL=CM MENU
12:23:46     !! L does not offer "CLOSE" (shows "nil") -- not pressing
12:23:46   on page 'other': C=FIRE  U=SRCH PILOT LOS  R=NO MSL  D=TRACKING  FU=HOLD FIRE  FR=TGT PILOT  FD=SRCH 9K113 LOS  FL=CM MENU
12:23:46     !! L does not offer "CLOSE" (shows "nil") -- not pressing
12:23:46   on page 'other': C=FIRE  U=SRCH PILOT LOS  R=NO MSL  D=TRACKING  FU=HOLD FIRE  FR=TGT PILOT  FD=SRCH 9K113 LOS  FL=CM MENU
12:23:46     !! L does not offer "CLOSE" (shows "nil") -- not pressing
12:23:46   on page 'other': C=FIRE  U=SRCH PILOT LOS  R=NO MSL  D=TRACKING  FU=HOLD FIRE  FR=TGT PILOT  FD=SRCH 9K113 LOS  FL=CM MENU
12:23:46     !! L does not offer "CLOSE" (shows "nil") -- not pressing
12:23:46   on page 'other': C=FIRE  U=SRCH PILOT LOS  R=NO MSL  D=TRACKING  FU=HOLD FIRE  FR=TGT PILOT  FD=SRCH 9K113 LOS  FL=CM MENU
12:23:46     !! L does not offer "CLOSE" (shows "nil") -- not pressing
12:23:46   on page 'other': C=FIRE  U=SRCH PILOT LOS  R=NO MSL  D=TRACKING  FU=HOLD FIRE  FR=TGT PILOT  FD=SRCH 9K113 LOS  FL=CM MENU
12:23:46     !! L does not offer "CLOSE" (shows "nil") -- not pressing
12:23:46   on page 'other': C=FIRE  U=SRCH PILOT LOS  R=NO MSL  D=TRACKING  FU=HOLD FIRE  FR=TGT PILOT  FD=SRCH 9K113 LOS  FL=CM MENU
12:23:46     !! L does not offer "CLOSE" (shows "nil") -- not pressing
12:23:46   on page 'other': C=FIRE  U=SRCH PILOT LOS  R=NO MSL  D=TRACKING  FU=HOLD FIRE  FR=TGT PILOT  FD=SRCH 9K113 LOS  FL=CM MENU
12:23:46     !! L does not offer "CLOSE" (shows "nil") -- not pressing
12:23:46   on page 'other': C=FIRE  U=SRCH PILOT LOS  R=NO MSL  D=TRACKING  FU=HOLD FIRE  FR=TGT PILOT  FD=SRCH 9K113 LOS  FL=CM MENU
12:23:46     !! L does not offer "CLOSE" (shows "nil") -- not pressing
12:23:46   on page 'other': C=FIRE  U=SRCH PILOT LOS  R=NO MSL  D=TRACKING  FU=HOLD FIRE  FR=TGT PILOT  FD=SRCH 9K113 LOS  FL=CM MENU
12:23:46     !! L does not offer "CLOSE" (shows "nil") -- not pressing
12:23:46   on page 'other': C=FIRE  U=SRCH PILOT LOS  R=NO MSL  D=TRACKING  FU=HOLD FIRE  FR=TGT PILOT  FD=SRCH 9K113 LOS  FL=CM MENU
12:23:46     !! L does not offer "CLOSE" (shows "nil") -- not pressing
12:23:46   on page 'other': C=FIRE  U=SRCH PILOT LOS  R=NO MSL  D=TRACKING  FU=HOLD FIRE  FR=TGT PILOT  FD=SRCH 9K113 LOS  FL=CM MENU
12:23:46     !! L does not offer "CLOSE" (shows "nil") -- not pressing
12:23:46   on page 'other': C=FIRE  U=SRCH PILOT LOS  R=NO MSL  D=TRACKING  FU=HOLD FIRE  FR=TGT PILOT  FD=SRCH 9K113 LOS  FL=CM MENU
12:23:46     !! L does not offer "CLOSE" (shows "nil") -- not pressing
12:23:46   on page 'other': C=FIRE  U=SRCH PILOT LOS  R=NO MSL  D=TRACKING  FU=HOLD FIRE  FR=TGT PILOT  FD=SRCH 9K113 LOS  FL=CM MENU
12:23:46     !! L does not offer "CLOSE" (shows "nil") -- not pressing
12:23:46   on page 'other': C=FIRE  U=SRCH PILOT LOS  R=NO MSL  D=TRACKING  FU=HOLD FIRE  FR=TGT PILOT  FD=SRCH 9K113 LOS  FL=CM MENU
12:23:46     !! L does not offer "CLOSE" (shows "nil") -- not pressing
12:23:46   on page 'other': C=FIRE  U=SRCH PILOT LOS  R=NO MSL  D=TRACKING  FU=HOLD FIRE  FR=TGT PILOT  FD=SRCH 9K113 LOS  FL=CM MENU
12:23:46     !! L does not offer "CLOSE" (shows "nil") -- not pressing
12:23:46   on page 'other': C=FIRE  U=SRCH PILOT LOS  R=NO MSL  D=TRACKING  FU=HOLD FIRE  FR=TGT PILOT  FD=SRCH 9K113 LOS  FL=CM MENU
12:23:46     !! L does not offer "CLOSE" (shows "nil") -- not pressing
12:23:46   on page 'other': C=FIRE  U=SRCH PILOT LOS  R=NO MSL  D=TRACKING  FU=HOLD FIRE  FR=TGT PILOT  FD=SRCH 9K113 LOS  FL=CM MENU
12:23:46     !! L does not offer "CLOSE" (shows "nil") -- not pressing
12:23:46   on page 'other': C=FIRE  U=SRCH PILOT LOS  R=NO MSL  D=TRACKING  FU=HOLD FIRE  FR=TGT PILOT  FD=SRCH 9K113 LOS  FL=CM MENU
12:23:46     !! L does not offer "CLOSE" (shows "nil") -- not pressing
12:23:46   on page 'other': C=FIRE  U=SRCH PILOT LOS  R=NO MSL  D=TRACKING  FU=HOLD FIRE  FR=TGT PILOT  FD=SRCH 9K113 LOS  FL=CM MENU
12:23:46     !! L does not offer "CLOSE" (shows "nil") -- not pressing
12:23:46   on page 'other': C=FIRE  U=SRCH PILOT LOS  R=NO MSL  D=TRACKING  FU=HOLD FIRE  FR=TGT PILOT  FD=SRCH 9K113 LOS  FL=CM MENU
12:23:46     !! L does not offer "CLOSE" (shows "nil") -- not pressing
12:23:46   on page 'other': C=FIRE  U=SRCH PILOT LOS  R=NO MSL  D=TRACKING  FU=HOLD FIRE  FR=TGT PILOT  FD=SRCH 9K113 LOS  FL=CM MENU
12:23:46     !! L does not offer "CLOSE" (shows "nil") -- not pressing
12:23:46   on page 'other': C=FIRE  U=SRCH PILOT LOS  R=NO MSL  D=TRACKING  FU=HOLD FIRE  FR=TGT PILOT  FD=SRCH 9K113 LOS  FL=CM MENU
12:23:46     !! L does not offer "CLOSE" (shows "nil") -- not pressing
12:23:46   on page 'other': C=FIRE  U=SRCH PILOT LOS  R=NO MSL  D=TRACKING  FU=HOLD FIRE  FR=TGT PILOT  FD=SRCH 9K113 LOS  FL=CM MENU
12:23:46     !! L does not offer "CLOSE" (shows "nil") -- not pressing
12:23:46   on page 'other': C=FIRE  U=SRCH PILOT LOS  R=NO MSL  D=TRACKING  FU=HOLD FIRE  FR=TGT PILOT  FD=SRCH 9K113 LOS  FL=CM MENU
12:23:46     !! L does not offer "CLOSE" (shows "nil") -- not pressing
12:23:46   on page 'other': C=FIRE  U=SRCH PILOT LOS  R=NO MSL  D=TRACKING  FU=HOLD FIRE  FR=TGT PILOT  FD=SRCH 9K113 LOS  FL=CM MENU
12:23:46     !! L does not offer "CLOSE" (shows "nil") -- not pressing
12:23:46   on page 'other': C=FIRE  U=SRCH PILOT LOS  R=NO MSL  D=TRACKING  FU=HOLD FIRE  FR=TGT PILOT  FD=SRCH 9K113 LOS  FL=CM MENU
12:23:46     !! L does not offer "CLOSE" (shows "nil") -- not pressing
12:23:46   on page 'other': C=FIRE  U=SRCH PILOT LOS  R=NO MSL  D=TRACKING  FU=HOLD FIRE  FR=TGT PILOT  FD=SRCH 9K113 LOS  FL=CM MENU
12:23:46     !! L does not offer "CLOSE" (shows "nil") -- not pressing
12:23:46   on page 'other': C=FIRE  U=SRCH PILOT LOS  R=NO MSL  D=TRACKING  FU=HOLD FIRE  FR=TGT PILOT  FD=SRCH 9K113 LOS  FL=CM MENU
12:23:46     !! L does not offer "CLOSE" (shows "nil") -- not pressing
12:23:46   on page 'other': C=FIRE  U=SRCH PILOT LOS  R=NO MSL  D=TRACKING  FU=HOLD FIRE  FR=TGT PILOT  FD=SRCH 9K113 LOS  FL=CM MENU
12:23:46     !! L does not offer "CLOSE" (shows "nil") -- not pressing
12:23:46   on page 'other': C=FIRE  U=SRCH PILOT LOS  R=NO MSL  D=TRACKING  FU=HOLD FIRE  FR=TGT PILOT  FD=SRCH 9K113 LOS  FL=CM MENU
12:23:46     !! L does not offer "CLOSE" (shows "nil") -- not pressing
12:23:46   on page 'other': C=FIRE  U=SRCH PILOT LOS  R=NO MSL  D=TRACKING  FU=HOLD FIRE  FR=TGT PILOT  FD=SRCH 9K113 LOS  FL=CM MENU
12:23:46     !! L does not offer "CLOSE" (shows "nil") -- not pressing
12:23:46   on page 'other': C=FIRE  U=SRCH PILOT LOS  R=NO MSL  D=TRACKING  FU=HOLD FIRE  FR=TGT PILOT  FD=SRCH 9K113 LOS  FL=CM MENU
12:23:46     !! L does not offer "CLOSE" (shows "nil") -- not pressing
12:23:46   on page 'other': C=FIRE  U=SRCH PILOT LOS  R=NO MSL  D=TRACKING  FU=HOLD FIRE  FR=TGT PILOT  FD=SRCH 9K113 LOS  FL=CM MENU
12:23:46     !! L does not offer "CLOSE" (shows "nil") -- not pressing
12:23:46   on page 'other': C=FIRE  U=SRCH PILOT LOS  R=NO MSL  D=TRACKING  FU=HOLD FIRE  FR=TGT PILOT  FD=SRCH 9K113 LOS  FL=CM MENU
12:23:46     !! L does not offer "CLOSE" (shows "nil") -- not pressing
12:23:46   on page 'other': C=FIRE  U=SRCH PILOT LOS  R=NO MSL  D=TRACKING  FU=HOLD FIRE  FR=TGT PILOT  FD=SRCH 9K113 LOS  FL=CM MENU
12:23:46     !! L does not offer "CLOSE" (shows "nil") -- not pressing
12:23:46   on page 'other': C=FIRE  U=SRCH PILOT LOS  R=NO MSL  D=TRACKING  FU=HOLD FIRE  FR=TGT PILOT  FD=SRCH 9K113 LOS  FL=CM MENU
12:23:46     !! L does not offer "CLOSE" (shows "nil") -- not pressing
12:23:46   on page 'other': C=FIRE  U=SRCH PILOT LOS  R=NO MSL  D=TRACKING  FU=HOLD FIRE  FR=TGT PILOT  FD=SRCH 9K113 LOS  FL=CM MENU
12:23:46     !! L does not offer "CLOSE" (shows "nil") -- not pressing
12:23:46   on page 'other': C=FIRE  U=SRCH PILOT LOS  R=NO MSL  D=TRACKING  FU=HOLD FIRE  FR=TGT PILOT  FD=SRCH 9K113 LOS  FL=CM MENU
12:23:46     !! L does not offer "CLOSE" (shows "nil") -- not pressing
12:23:46   on page 'other': C=FIRE  U=SRCH PILOT LOS  R=NO MSL  D=TRACKING  FU=HOLD FIRE  FR=TGT PILOT  FD=SRCH 9K113 LOS  FL=CM MENU
12:23:46     !! L does not offer "CLOSE" (shows "nil") -- not pressing
12:23:46   on page 'other': C=FIRE  U=SRCH PILOT LOS  R=NO MSL  D=TRACKING  FU=HOLD FIRE  FR=TGT PILOT  FD=SRCH 9K113 LOS  FL=CM MENU
12:23:46     !! L does not offer "CLOSE" (shows "nil") -- not pressing
12:23:46   on page 'other': C=FIRE  U=SRCH PILOT LOS  R=NO MSL  D=TRACKING  FU=HOLD FIRE  FR=TGT PILOT  FD=SRCH 9K113 LOS  FL=CM MENU
12:23:46     !! L does not offer "CLOSE" (shows "nil") -- not pressing
12:23:46   on page 'other': C=FIRE  U=SRCH PILOT LOS  R=NO MSL  D=TRACKING  FU=HOLD FIRE  FR=TGT PILOT  FD=SRCH 9K113 LOS  FL=CM MENU
12:23:46     !! L does not offer "CLOSE" (shows "nil") -- not pressing
12:23:46   on page 'other': C=FIRE  U=SRCH PILOT LOS  R=NO MSL  D=TRACKING  FU=HOLD FIRE  FR=TGT PILOT  FD=SRCH 9K113 LOS  FL=CM MENU
12:23:46     !! L does not offer "CLOSE" (shows "nil") -- not pressing
12:23:46   on page 'other': C=FIRE  U=SRCH PILOT LOS  R=NO MSL  D=TRACKING  FU=HOLD FIRE  FR=TGT PILOT  FD=SRCH 9K113 LOS  FL=CM MENU
12:23:46     !! L does not offer "CLOSE" (shows "nil") -- not pressing
12:23:46   on page 'other': C=FIRE  U=SRCH PILOT LOS  R=NO MSL  D=TRACKING  FU=HOLD FIRE  FR=TGT PILOT  FD=SRCH 9K113 LOS  FL=CM MENU
12:23:46     !! L does not offer "CLOSE" (shows "nil") -- not pressing
12:23:46   on page 'other': C=FIRE  U=SRCH PILOT LOS  R=NO MSL  D=TRACKING  FU=HOLD FIRE  FR=TGT PILOT  FD=SRCH 9K113 LOS  FL=CM MENU
12:23:46     !! L does not offer "CLOSE" (shows "nil") -- not pressing
12:23:47   on page 'other': C=FIRE  U=SRCH PILOT LOS  R=NO MSL  D=TRACKING  FU=HOLD FIRE  FR=TGT PILOT  FD=SRCH 9K113 LOS  FL=CM MENU
12:23:47     !! L does not offer "CLOSE" (shows "nil") -- not pressing
12:23:47   on page 'other': C=FIRE  U=SRCH PILOT LOS  R=NO MSL  D=TRACKING  FU=HOLD FIRE  FR=TGT PILOT  FD=SRCH 9K113 LOS  FL=CM MENU
12:23:47     !! L does not offer "CLOSE" (shows "nil") -- not pressing
12:23:47   on page 'other': C=FIRE  U=SRCH PILOT LOS  R=NO MSL  D=TRACKING  FU=HOLD FIRE  FR=TGT PILOT  FD=SRCH 9K113 LOS  FL=CM MENU
12:23:47     !! L does not offer "CLOSE" (shows "nil") -- not pressing
12:23:47   on page 'other': C=FIRE  U=SRCH PILOT LOS  R=NO MSL  D=TRACKING  FU=HOLD FIRE  FR=TGT PILOT  FD=SRCH 9K113 LOS  FL=CM MENU
12:23:47     !! L does not offer "CLOSE" (shows "nil") -- not pressing
12:23:47   on page 'other': C=FIRE  U=SRCH PILOT LOS  R=NO MSL  D=TRACKING  FU=HOLD FIRE  FR=TGT PILOT  FD=SRCH 9K113 LOS  FL=CM MENU
12:23:47     !! L does not offer "CLOSE" (shows "nil") -- not pressing
12:23:47   on page 'other': C=FIRE  U=SRCH PILOT LOS  R=NO MSL  D=TRACKING  FU=HOLD FIRE  FR=TGT PILOT  FD=SRCH 9K113 LOS  FL=CM MENU
12:23:47     !! L does not offer "CLOSE" (shows "nil") -- not pressing
12:23:47   on page 'other': C=FIRE  U=SRCH PILOT LOS  R=NO MSL  D=TRACKING  FU=HOLD FIRE  FR=TGT PILOT  FD=SRCH 9K113 LOS  FL=CM MENU
12:23:47     !! L does not offer "CLOSE" (shows "nil") -- not pressing
12:23:47   on page 'other': C=FIRE  U=SRCH PILOT LOS  R=NO MSL  D=TRACKING  FU=HOLD FIRE  FR=TGT PILOT  FD=SRCH 9K113 LOS  FL=CM MENU
12:23:47     !! L does not offer "CLOSE" (shows "nil") -- not pressing
12:23:47   on page 'other': C=FIRE  U=SRCH PILOT LOS  R=NO MSL  D=TRACKING  FU=HOLD FIRE  FR=TGT PILOT  FD=SRCH 9K113 LOS  FL=CM MENU
12:23:47     !! L does not offer "CLOSE" (shows "nil") -- not pressing
12:23:47   on page 'other': C=FIRE  U=SRCH PILOT LOS  R=NO MSL  D=TRACKING  FU=HOLD FIRE  FR=TGT PILOT  FD=SRCH 9K113 LOS  FL=CM MENU
12:23:47     !! L does not offer "CLOSE" (shows "nil") -- not pressing
12:23:47   on page 'other': C=FIRE  U=SRCH PILOT LOS  R=NO MSL  D=TRACKING  FU=HOLD FIRE  FR=TGT PILOT  FD=SRCH 9K113 LOS  FL=CM MENU
12:23:47     !! L does not offer "CLOSE" (shows "nil") -- not pressing
12:23:47   on page 'other': C=FIRE  U=SRCH PILOT LOS  R=NO MSL  D=TRACKING  FU=HOLD FIRE  FR=TGT PILOT  FD=SRCH 9K113 LOS  FL=CM MENU
12:23:47     !! L does not offer "CLOSE" (shows "nil") -- not pressing
12:23:47   on page 'other': C=FIRE  U=SRCH PILOT LOS  R=NO MSL  D=TRACKING  FU=HOLD FIRE  FR=TGT PILOT  FD=SRCH 9K113 LOS  FL=CM MENU
12:23:47     !! L does not offer "CLOSE" (shows "nil") -- not pressing
12:23:47   on page 'other': C=FIRE  U=SRCH PILOT LOS  R=NO MSL  D=TRACKING  FU=HOLD FIRE  FR=TGT PILOT  FD=SRCH 9K113 LOS  FL=CM MENU
12:23:47     !! L does not offer "CLOSE" (shows "nil") -- not pressing
12:23:47   on page 'other': C=FIRE  U=SRCH PILOT LOS  R=NO MSL  D=TRACKING  FU=HOLD FIRE  FR=TGT PILOT  FD=SRCH 9K113 LOS  FL=CM MENU
12:23:47     !! L does not offer "CLOSE" (shows "nil") -- not pressing
12:23:47   on page 'other': C=FIRE  U=SRCH PILOT LOS  R=NO MSL  D=TRACKING  FU=HOLD FIRE  FR=TGT PILOT  FD=SRCH 9K113 LOS  FL=CM MENU
12:23:47     !! L does not offer "CLOSE" (shows "nil") -- not pressing
12:23:47   on page 'other': C=FIRE  U=SRCH PILOT LOS  R=NO MSL  D=TRACKING  FU=HOLD FIRE  FR=TGT PILOT  FD=SRCH 9K113 LOS  FL=CM MENU
12:23:47     !! L does not offer "CLOSE" (shows "nil") -- not pressing
12:23:47   on page 'other': C=FIRE  U=SRCH PILOT LOS  R=NO MSL  D=TRACKING  FU=HOLD FIRE  FR=TGT PILOT  FD=SRCH 9K113 LOS  FL=CM MENU
12:23:47     !! L does not offer "CLOSE" (shows "nil") -- not pressing
12:23:47   on page 'other': C=FIRE  U=SRCH PILOT LOS  R=NO MSL  D=TRACKING  FU=HOLD FIRE  FR=TGT PILOT  FD=SRCH 9K113 LOS  FL=CM MENU
12:23:47     !! L does not offer "CLOSE" (shows "nil") -- not pressing
12:23:47   on page 'other': C=FIRE  U=SRCH PILOT LOS  R=NO MSL  D=TRACKING  FU=HOLD FIRE  FR=TGT PILOT  FD=SRCH 9K113 LOS  FL=CM MENU
12:23:47     !! L does not offer "CLOSE" (shows "nil") -- not pressing
12:23:47   on page 'other': C=FIRE  U=SRCH PILOT LOS  R=NO MSL  D=TRACKING  FU=HOLD FIRE  FR=TGT PILOT  FD=SRCH 9K113 LOS  FL=CM MENU
12:23:47     !! L does not offer "CLOSE" (shows "nil") -- not pressing
12:23:47   on page 'other': C=FIRE  U=SRCH PILOT LOS  R=NO MSL  D=TRACKING  FU=HOLD FIRE  FR=TGT PILOT  FD=SRCH 9K113 LOS  FL=CM MENU
12:23:47     !! L does not offer "CLOSE" (shows "nil") -- not pressing
12:23:47   on page 'other': C=FIRE  U=SRCH PILOT LOS  R=NO MSL  D=TRACKING  FU=HOLD FIRE  FR=TGT PILOT  FD=SRCH 9K113 LOS  FL=CM MENU
12:23:47     !! L does not offer "CLOSE" (shows "nil") -- not pressing
12:23:47   on page 'other': C=FIRE  U=SRCH PILOT LOS  R=NO MSL  D=TRACKING  FU=HOLD FIRE  FR=TGT PILOT  FD=SRCH 9K113 LOS  FL=CM MENU
12:23:47     !! L does not offer "CLOSE" (shows "nil") -- not pressing
12:23:47   on page 'other': C=FIRE  U=SRCH PILOT LOS  R=NO MSL  D=TRACKING  FU=HOLD FIRE  FR=TGT PILOT  FD=SRCH 9K113 LOS  FL=CM MENU
12:23:47     !! L does not offer "CLOSE" (shows "nil") -- not pressing
12:23:47   on page 'other': C=FIRE  U=SRCH PILOT LOS  R=NO MSL  D=TRACKING  FU=HOLD FIRE  FR=TGT PILOT  FD=SRCH 9K113 LOS  FL=CM MENU
12:23:47     !! L does not offer "CLOSE" (shows "nil") -- not pressing
12:23:47   on page 'other': C=FIRE  U=SRCH PILOT LOS  R=NO MSL  D=TRACKING  FU=HOLD FIRE  FR=TGT PILOT  FD=SRCH 9K113 LOS  FL=CM MENU
12:23:47     !! L does not offer "CLOSE" (shows "nil") -- not pressing
12:23:47   on page 'other': C=FIRE  U=SRCH PILOT LOS  R=NO MSL  D=TRACKING  FU=HOLD FIRE  FR=TGT PILOT  FD=SRCH 9K113 LOS  FL=CM MENU
12:23:47     !! L does not offer "CLOSE" (shows "nil") -- not pressing
12:23:47   on page 'other': C=FIRE  U=SRCH PILOT LOS  R=NO MSL  D=TRACKING  FU=HOLD FIRE  FR=TGT PILOT  FD=SRCH 9K113 LOS  FL=CM MENU
12:23:47     !! L does not offer "CLOSE" (shows "nil") -- not pressing
12:23:47   on page 'other': C=FIRE  U=SRCH PILOT LOS  R=NO MSL  D=TRACKING  FU=HOLD FIRE  FR=TGT PILOT  FD=SRCH 9K113 LOS  FL=CM MENU
12:23:47     !! L does not offer "CLOSE" (shows "nil") -- not pressing
12:23:47   on page 'other': C=FIRE  U=SRCH PILOT LOS  R=NO MSL  D=TRACKING  FU=HOLD FIRE  FR=TGT PILOT  FD=SRCH 9K113 LOS  FL=CM MENU
12:23:47     !! L does not offer "CLOSE" (shows "nil") -- not pressing
12:23:47   on page 'other': C=FIRE  U=SRCH PILOT LOS  R=NO MSL  D=TRACKING  FU=HOLD FIRE  FR=TGT PILOT  FD=SRCH 9K113 LOS  FL=CM MENU
12:23:47     !! L does not offer "CLOSE" (shows "nil") -- not pressing
12:23:47   on page 'other': C=FIRE  U=SRCH PILOT LOS  R=NO MSL  D=TRACKING  FU=HOLD FIRE  FR=TGT PILOT  FD=SRCH 9K113 LOS  FL=CM MENU
12:23:47     !! L does not offer "CLOSE" (shows "nil") -- not pressing
12:23:47   on page 'other': C=FIRE  U=SRCH PILOT LOS  R=NO MSL  D=TRACKING  FU=HOLD FIRE  FR=TGT PILOT  FD=SRCH 9K113 LOS  FL=CM MENU
12:23:47     !! L does not offer "CLOSE" (shows "nil") -- not pressing
12:23:47   on page 'other': C=FIRE  U=SRCH PILOT LOS  R=NO MSL  D=TRACKING  FU=HOLD FIRE  FR=TGT PILOT  FD=SRCH 9K113 LOS  FL=CM MENU
12:23:47     !! L does not offer "CLOSE" (shows "nil") -- not pressing
12:23:47   on page 'other': C=FIRE  U=SRCH PILOT LOS  R=NO MSL  D=TRACKING  FU=HOLD FIRE  FR=TGT PILOT  FD=SRCH 9K113 LOS  FL=CM MENU
12:23:47     !! L does not offer "CLOSE" (shows "nil") -- not pressing
12:23:47   on page 'other': C=FIRE  U=SRCH PILOT LOS  R=NO MSL  D=TRACKING  FU=HOLD FIRE  FR=TGT PILOT  FD=SRCH 9K113 LOS  FL=CM MENU
12:23:47     !! L does not offer "CLOSE" (shows "nil") -- not pressing
12:23:47   on page 'other': C=FIRE  U=SRCH PILOT LOS  R=NO MSL  D=TRACKING  FU=HOLD FIRE  FR=TGT PILOT  FD=SRCH 9K113 LOS  FL=CM MENU
12:23:47     !! L does not offer "CLOSE" (shows "nil") -- not pressing
12:23:47   on page 'other': C=FIRE  U=SRCH PILOT LOS  R=NO MSL  D=TRACKING  FU=HOLD FIRE  FR=TGT PILOT  FD=SRCH 9K113 LOS  FL=CM MENU
12:23:47     !! L does not offer "CLOSE" (shows "nil") -- not pressing
12:23:47   on page 'other': C=FIRE  U=SRCH PILOT LOS  R=NO MSL  D=TRACKING  FU=HOLD FIRE  FR=TGT PILOT  FD=SRCH 9K113 LOS  FL=CM MENU
12:23:47     !! L does not offer "CLOSE" (shows "nil") -- not pressing
12:23:47   on page 'other': C=FIRE  U=SRCH PILOT LOS  R=NO MSL  D=TRACKING  FU=HOLD FIRE  FR=TGT PILOT  FD=SRCH 9K113 LOS  FL=CM MENU
12:23:47     !! L does not offer "CLOSE" (shows "nil") -- not pressing
12:23:47   on page 'other': C=FIRE  U=SRCH PILOT LOS  R=NO MSL  D=TRACKING  FU=HOLD FIRE  FR=TGT PILOT  FD=SRCH 9K113 LOS  FL=CM MENU
12:23:47     !! L does not offer "CLOSE" (shows "nil") -- not pressing
12:23:47   on page 'other': C=FIRE  U=SRCH PILOT LOS  R=NO MSL  D=TRACKING  FU=HOLD FIRE  FR=TGT PILOT  FD=SRCH 9K113 LOS  FL=CM MENU
12:23:47     !! L does not offer "CLOSE" (shows "nil") -- not pressing
12:23:47   on page 'other': C=FIRE  U=SRCH PILOT LOS  R=NO MSL  D=TRACKING  FU=HOLD FIRE  FR=TGT PILOT  FD=SRCH 9K113 LOS  FL=CM MENU
12:23:47     !! L does not offer "CLOSE" (shows "nil") -- not pressing
12:23:47   on page 'other': C=FIRE  U=SRCH PILOT LOS  R=NO MSL  D=TRACKING  FU=HOLD FIRE  FR=TGT PILOT  FD=SRCH 9K113 LOS  FL=CM MENU
12:23:47     !! L does not offer "CLOSE" (shows "nil") -- not pressing
12:23:47   on page 'other': C=FIRE  U=SRCH PILOT LOS  R=NO MSL  D=TRACKING  FU=HOLD FIRE  FR=TGT PILOT  FD=SRCH 9K113 LOS  FL=CM MENU
12:23:47     !! L does not offer "CLOSE" (shows "nil") -- not pressing
12:23:47   on page 'other': C=FIRE  U=SRCH PILOT LOS  R=NO MSL  D=TRACKING  FU=HOLD FIRE  FR=TGT PILOT  FD=SRCH 9K113 LOS  FL=CM MENU
12:23:47     !! L does not offer "CLOSE" (shows "nil") -- not pressing
12:23:47   on page 'other': C=FIRE  U=SRCH PILOT LOS  R=NO MSL  D=TRACKING  FU=HOLD FIRE  FR=TGT PILOT  FD=SRCH 9K113 LOS  FL=CM MENU
12:23:47     !! L does not offer "CLOSE" (shows "nil") -- not pressing
12:23:47   on page 'other': C=FIRE  U=SRCH PILOT LOS  R=NO MSL  D=TRACKING  FU=HOLD FIRE  FR=TGT PILOT  FD=SRCH 9K113 LOS  FL=CM MENU
12:23:47     !! L does not offer "CLOSE" (shows "nil") -- not pressing
12:23:47   on page 'other': C=FIRE  U=SRCH PILOT LOS  R=NO MSL  D=TRACKING  FU=HOLD FIRE  FR=TGT PILOT  FD=SRCH 9K113 LOS  FL=CM MENU
12:23:47     !! L does not offer "CLOSE" (shows "nil") -- not pressing
12:23:47   on page 'other': C=FIRE  U=SRCH PILOT LOS  R=NO MSL  D=TRACKING  FU=HOLD FIRE  FR=TGT PILOT  FD=SRCH 9K113 LOS  FL=CM MENU
12:23:47     !! L does not offer "CLOSE" (shows "nil") -- not pressing
12:23:47   on page 'other': C=FIRE  U=SRCH PILOT LOS  R=NO MSL  D=TRACKING  FU=HOLD FIRE  FR=TGT PILOT  FD=SRCH 9K113 LOS  FL=CM MENU
12:23:47     !! L does not offer "CLOSE" (shows "nil") -- not pressing
12:23:47   on page 'other': C=FIRE  U=SRCH PILOT LOS  R=NO MSL  D=TRACKING  FU=HOLD FIRE  FR=TGT PILOT  FD=SRCH 9K113 LOS  FL=CM MENU
12:23:47     !! L does not offer "CLOSE" (shows "nil") -- not pressing
12:23:47   on page 'other': C=FIRE  U=SRCH PILOT LOS  R=NO MSL  D=TRACKING  FU=HOLD FIRE  FR=TGT PILOT  FD=SRCH 9K113 LOS  FL=CM MENU
12:23:47     !! L does not offer "CLOSE" (shows "nil") -- not pressing
12:23:47   on page 'other': C=FIRE  U=SRCH PILOT LOS  R=NO MSL  D=TRACKING  FU=HOLD FIRE  FR=TGT PILOT  FD=SRCH 9K113 LOS  FL=CM MENU
12:23:47     !! L does not offer "CLOSE" (shows "nil") -- not pressing
12:23:47   on page 'other': C=FIRE  U=SRCH PILOT LOS  R=NO MSL  D=TRACKING  FU=HOLD FIRE  FR=TGT PILOT  FD=SRCH 9K113 LOS  FL=CM MENU
12:23:47     !! L does not offer "CLOSE" (shows "nil") -- not pressing
12:23:47   on page 'other': C=FIRE  U=SRCH PILOT LOS  R=NO MSL  D=TRACKING  FU=HOLD FIRE  FR=TGT PILOT  FD=SRCH 9K113 LOS  FL=CM MENU
12:23:47     !! L does not offer "CLOSE" (shows "nil") -- not pressing
12:23:47   on page 'other': C=FIRE  U=SRCH PILOT LOS  R=NO MSL  D=TRACKING  FU=HOLD FIRE  FR=TGT PILOT  FD=SRCH 9K113 LOS  FL=CM MENU
12:23:47     !! L does not offer "CLOSE" (shows "nil") -- not pressing
12:23:47   on page 'other': C=FIRE  U=SRCH PILOT LOS  R=NO MSL  D=TRACKING  FU=HOLD FIRE  FR=TGT PILOT  FD=SRCH 9K113 LOS  FL=CM MENU
12:23:47     !! L does not offer "CLOSE" (shows "nil") -- not pressing
12:23:47   on page 'other': C=FIRE  U=SRCH PILOT LOS  R=NO MSL  D=TRACKING  FU=HOLD FIRE  FR=TGT PILOT  FD=SRCH 9K113 LOS  FL=CM MENU
12:23:47     !! L does not offer "CLOSE" (shows "nil") -- not pressing
12:23:47   on page 'other': C=FIRE  U=SRCH PILOT LOS  R=NO MSL  D=TRACKING  FU=HOLD FIRE  FR=TGT PILOT  FD=SRCH 9K113 LOS  FL=CM MENU
12:23:47     !! L does not offer "CLOSE" (shows "nil") -- not pressing
12:23:47   on page 'other': C=FIRE  U=SRCH PILOT LOS  R=NO MSL  D=TRACKING  FU=HOLD FIRE  FR=TGT PILOT  FD=SRCH 9K113 LOS  FL=CM MENU
12:23:47     !! L does not offer "CLOSE" (shows "nil") -- not pressing
12:23:47   on page 'other': C=FIRE  U=SRCH PILOT LOS  R=NO MSL  D=TRACKING  FU=HOLD FIRE  FR=TGT PILOT  FD=SRCH 9K113 LOS  FL=CM MENU
12:23:47     !! L does not offer "CLOSE" (shows "nil") -- not pressing
12:23:47   on page 'other': C=FIRE  U=SRCH PILOT LOS  R=NO MSL  D=TRACKING  FU=HOLD FIRE  FR=TGT PILOT  FD=SRCH 9K113 LOS  FL=CM MENU
12:23:47     !! L does not offer "CLOSE" (shows "nil") -- not pressing
12:23:47   on page 'other': C=FIRE  U=SRCH PILOT LOS  R=NO MSL  D=TRACKING  FU=HOLD FIRE  FR=TGT PILOT  FD=SRCH 9K113 LOS  FL=CM MENU
12:23:47     !! L does not offer "CLOSE" (shows "nil") -- not pressing
12:23:47   on page 'other': C=FIRE  U=SRCH PILOT LOS  R=NO MSL  D=TRACKING  FU=HOLD FIRE  FR=TGT PILOT  FD=SRCH 9K113 LOS  FL=CM MENU
12:23:47     !! L does not offer "CLOSE" (shows "nil") -- not pressing
12:23:47   on page 'other': C=FIRE  U=SRCH PILOT LOS  R=NO MSL  D=TRACKING  FU=HOLD FIRE  FR=TGT PILOT  FD=SRCH 9K113 LOS  FL=CM MENU
12:23:47     !! L does not offer "CLOSE" (shows "nil") -- not pressing
12:23:47   on page 'other': C=FIRE  U=SRCH PILOT LOS  R=NO MSL  D=TRACKING  FU=HOLD FIRE  FR=TGT PILOT  FD=SRCH 9K113 LOS  FL=CM MENU
12:23:47     !! L does not offer "CLOSE" (shows "nil") -- not pressing
12:23:47   on page 'other': C=FIRE  U=SRCH PILOT LOS  R=NO MSL  D=TRACKING  FU=HOLD FIRE  FR=TGT PILOT  FD=SRCH 9K113 LOS  FL=CM MENU
12:23:47     !! L does not offer "CLOSE" (shows "nil") -- not pressing
12:23:47   on page 'other': C=FIRE  U=SRCH PILOT LOS  R=NO MSL  D=TRACKING  FU=HOLD FIRE  FR=TGT PILOT  FD=SRCH 9K113 LOS  FL=CM MENU
12:23:47     !! L does not offer "CLOSE" (shows "nil") -- not pressing
12:23:47   on page 'other': C=FIRE  U=SRCH PILOT LOS  R=NO MSL  D=TRACKING  FU=HOLD FIRE  FR=TGT PILOT  FD=SRCH 9K113 LOS  FL=CM MENU
12:23:47     !! L does not offer "CLOSE" (shows "nil") -- not pressing
12:23:47   on page 'other': C=FIRE  U=SRCH PILOT LOS  R=NO MSL  D=TRACKING  FU=HOLD FIRE  FR=TGT PILOT  FD=SRCH 9K113 LOS  FL=CM MENU
12:23:47     !! L does not offer "CLOSE" (shows "nil") -- not pressing
12:23:47   on page 'other': C=FIRE  U=SRCH PILOT LOS  R=NO MSL  D=TRACKING  FU=HOLD FIRE  FR=TGT PILOT  FD=SRCH 9K113 LOS  FL=CM MENU
12:23:47     !! L does not offer "CLOSE" (shows "nil") -- not pressing
12:23:47   on page 'other': C=FIRE  U=SRCH PILOT LOS  R=NO MSL  D=TRACKING  FU=HOLD FIRE  FR=TGT PILOT  FD=SRCH 9K113 LOS  FL=CM MENU
12:23:47     !! L does not offer "CLOSE" (shows "nil") -- not pressing
12:23:47   on page 'other': C=FIRE  U=SRCH PILOT LOS  R=NO MSL  D=TRACKING  FU=HOLD FIRE  FR=TGT PILOT  FD=SRCH 9K113 LOS  FL=CM MENU
12:23:47     !! L does not offer "CLOSE" (shows "nil") -- not pressing
12:23:47   on page 'other': C=FIRE  U=SRCH PILOT LOS  R=NO MSL  D=TRACKING  FU=HOLD FIRE  FR=TGT PILOT  FD=SRCH 9K113 LOS  FL=CM MENU
12:23:47     !! L does not offer "CLOSE" (shows "nil") -- not pressing
12:23:47   on page 'other': C=FIRE  U=SRCH PILOT LOS  R=NO MSL  D=TRACKING  FU=HOLD FIRE  FR=TGT PILOT  FD=SRCH 9K113 LOS  FL=CM MENU
12:23:47     !! L does not offer "CLOSE" (shows "nil") -- not pressing
12:23:47   on page 'other': C=FIRE  U=SRCH PILOT LOS  R=NO MSL  D=TRACKING  FU=HOLD FIRE  FR=TGT PILOT  FD=SRCH 9K113 LOS  FL=CM MENU
12:23:47     !! L does not offer "CLOSE" (shows "nil") -- not pressing
12:23:47   on page 'other': C=FIRE  U=SRCH PILOT LOS  R=NO MSL  D=TRACKING  FU=HOLD FIRE  FR=TGT PILOT  FD=SRCH 9K113 LOS  FL=CM MENU
12:23:47     !! L does not offer "CLOSE" (shows "nil") -- not pressing
12:23:47   on page 'other': C=FIRE  U=SRCH PILOT LOS  R=NO MSL  D=TRACKING  FU=HOLD FIRE  FR=TGT PILOT  FD=SRCH 9K113 LOS  FL=CM MENU
12:23:47     !! L does not offer "CLOSE" (shows "nil") -- not pressing
12:23:48   on page 'other': C=FIRE  U=SRCH PILOT LOS  R=NO MSL  D=TRACKING  FU=HOLD FIRE  FR=TGT PILOT  FD=SRCH 9K113 LOS  FL=CM MENU
12:23:48     !! L does not offer "CLOSE" (shows "nil") -- not pressing
12:23:48   on page 'other': C=FIRE  U=SRCH PILOT LOS  R=NO MSL  D=TRACKING  FU=HOLD FIRE  FR=TGT PILOT  FD=SRCH 9K113 LOS  FL=CM MENU
12:23:48     !! L does not offer "CLOSE" (shows "nil") -- not pressing
12:23:48   on page 'other': C=FIRE  U=SRCH PILOT LOS  R=NO MSL  D=TRACKING  FU=HOLD FIRE  FR=TGT PILOT  FD=SRCH 9K113 LOS  FL=CM MENU
12:23:48     !! L does not offer "CLOSE" (shows "nil") -- not pressing
12:23:48   on page 'other': C=FIRE  U=SRCH PILOT LOS  R=NO MSL  D=TRACKING  FU=HOLD FIRE  FR=TGT PILOT  FD=SRCH 9K113 LOS  FL=CM MENU
12:23:48     !! L does not offer "CLOSE" (shows "nil") -- not pressing
12:23:48   on page 'other': C=FIRE  U=SRCH PILOT LOS  R=NO MSL  D=TRACKING  FU=HOLD FIRE  FR=TGT PILOT  FD=SRCH 9K113 LOS  FL=CM MENU
12:23:48     !! L does not offer "CLOSE" (shows "nil") -- not pressing
12:23:48   on page 'other': C=FIRE  U=SRCH PILOT LOS  R=NO MSL  D=TRACKING  FU=HOLD FIRE  FR=TGT PILOT  FD=SRCH 9K113 LOS  FL=CM MENU
12:23:48     !! L does not offer "CLOSE" (shows "nil") -- not pressing
12:23:48   on page 'other': C=FIRE  U=SRCH PILOT LOS  R=NO MSL  D=TRACKING  FU=HOLD FIRE  FR=TGT PILOT  FD=SRCH 9K113 LOS  FL=CM MENU
12:23:48     !! L does not offer "CLOSE" (shows "nil") -- not pressing
12:23:48   on page 'other': C=FIRE  U=SRCH PILOT LOS  R=NO MSL  D=TRACKING  FU=HOLD FIRE  FR=TGT PILOT  FD=SRCH 9K113 LOS  FL=CM MENU
12:23:48     !! L does not offer "CLOSE" (shows "nil") -- not pressing
12:23:48   on page 'other': C=FIRE  U=SRCH PILOT LOS  R=NO MSL  D=TRACKING  FU=HOLD FIRE  FR=TGT PILOT  FD=SRCH 9K113 LOS  FL=CM MENU
12:23:48     !! L does not offer "CLOSE" (shows "nil") -- not pressing
12:23:48   on page 'other': C=FIRE  U=SRCH PILOT LOS  R=NO MSL  D=TRACKING  FU=HOLD FIRE  FR=TGT PILOT  FD=SRCH 9K113 LOS  FL=CM MENU
12:23:48     !! L does not offer "CLOSE" (shows "nil") -- not pressing
12:23:48   on page 'other': C=FIRE  U=SRCH PILOT LOS  R=NO MSL  D=TRACKING  FU=HOLD FIRE  FR=TGT PILOT  FD=SRCH 9K113 LOS  FL=CM MENU
12:23:48     !! L does not offer "CLOSE" (shows "nil") -- not pressing
12:23:48   on page 'other': C=FIRE  U=SRCH PILOT LOS  R=NO MSL  D=TRACKING  FU=HOLD FIRE  FR=TGT PILOT  FD=SRCH 9K113 LOS  FL=CM MENU
12:23:48     !! L does not offer "CLOSE" (shows "nil") -- not pressing
12:23:48   on page 'other': C=FIRE  U=SRCH PILOT LOS  R=NO MSL  D=TRACKING  FU=HOLD FIRE  FR=TGT PILOT  FD=SRCH 9K113 LOS  FL=CM MENU
12:23:48     !! L does not offer "CLOSE" (shows "nil") -- not pressing
12:23:48   on page 'other': C=FIRE  U=SRCH PILOT LOS  R=NO MSL  D=TRACKING  FU=HOLD FIRE  FR=TGT PILOT  FD=SRCH 9K113 LOS  FL=CM MENU
12:23:48     !! L does not offer "CLOSE" (shows "nil") -- not pressing
12:23:48   on page 'other': C=FIRE  U=SRCH PILOT LOS  R=NO MSL  D=TRACKING  FU=HOLD FIRE  FR=TGT PILOT  FD=SRCH 9K113 LOS  FL=CM MENU
12:23:48     !! L does not offer "CLOSE" (shows "nil") -- not pressing
12:23:48   on page 'other': C=FIRE  U=SRCH PILOT LOS  R=NO MSL  D=TRACKING  FU=HOLD FIRE  FR=TGT PILOT  FD=SRCH 9K113 LOS  FL=CM MENU
12:23:48     !! L does not offer "CLOSE" (shows "nil") -- not pressing
12:23:48   on page 'other': C=FIRE  U=SRCH PILOT LOS  R=NO MSL  D=TRACKING  FU=HOLD FIRE  FR=TGT PILOT  FD=SRCH 9K113 LOS  FL=CM MENU
12:23:48     !! L does not offer "CLOSE" (shows "nil") -- not pressing
12:23:48   on page 'other': C=FIRE  U=SRCH PILOT LOS  R=NO MSL  D=TRACKING  FU=HOLD FIRE  FR=TGT PILOT  FD=SRCH 9K113 LOS  FL=CM MENU
12:23:48     !! L does not offer "CLOSE" (shows "nil") -- not pressing
12:23:48   on page 'other': C=FIRE  U=SRCH PILOT LOS  R=NO MSL  D=TRACKING  FU=HOLD FIRE  FR=TGT PILOT  FD=SRCH 9K113 LOS  FL=CM MENU
12:23:48     !! L does not offer "CLOSE" (shows "nil") -- not pressing
12:23:48   on page 'other': C=FIRE  U=SRCH PILOT LOS  R=NO MSL  D=TRACKING  FU=HOLD FIRE  FR=TGT PILOT  FD=SRCH 9K113 LOS  FL=CM MENU
12:23:48     !! L does not offer "CLOSE" (shows "nil") -- not pressing
12:23:48   on page 'other': C=FIRE  U=SRCH PILOT LOS  R=NO MSL  D=TRACKING  FU=HOLD FIRE  FR=TGT PILOT  FD=SRCH 9K113 LOS  FL=CM MENU
12:23:48     !! L does not offer "CLOSE" (shows "nil") -- not pressing
12:23:48   on page 'other': C=FIRE  U=SRCH PILOT LOS  R=NO MSL  D=TRACKING  FU=HOLD FIRE  FR=TGT PILOT  FD=SRCH 9K113 LOS  FL=CM MENU
12:23:48     !! L does not offer "CLOSE" (shows "nil") -- not pressing
12:23:48   on page 'other': C=FIRE  U=SRCH PILOT LOS  R=NO MSL  D=TRACKING  FU=HOLD FIRE  FR=TGT PILOT  FD=SRCH 9K113 LOS  FL=CM MENU
12:23:48     !! L does not offer "CLOSE" (shows "nil") -- not pressing
12:23:48   on page 'other': C=FIRE  U=SRCH PILOT LOS  R=NO MSL  D=TRACKING  FU=HOLD FIRE  FR=TGT PILOT  FD=SRCH 9K113 LOS  FL=CM MENU
12:23:48     !! L does not offer "CLOSE" (shows "nil") -- not pressing
12:23:48   on page 'other': C=FIRE  U=SRCH PILOT LOS  R=NO MSL  D=TRACKING  FU=HOLD FIRE  FR=TGT PILOT  FD=SRCH 9K113 LOS  FL=CM MENU
12:23:48     !! L does not offer "CLOSE" (shows "nil") -- not pressing
12:23:48   on page 'other': C=FIRE  U=SRCH PILOT LOS  R=NO MSL  D=TRACKING  FU=HOLD FIRE  FR=TGT PILOT  FD=SRCH 9K113 LOS  FL=CM MENU
12:23:48     !! L does not offer "CLOSE" (shows "nil") -- not pressing
12:23:48   on page 'other': C=FIRE  U=SRCH PILOT LOS  R=NO MSL  D=TRACKING  FU=HOLD FIRE  FR=TGT PILOT  FD=SRCH 9K113 LOS  FL=CM MENU
12:23:48     !! L does not offer "CLOSE" (shows "nil") -- not pressing
12:23:48   on page 'other': C=FIRE  U=SRCH PILOT LOS  R=NO MSL  D=TRACKING  FU=HOLD FIRE  FR=TGT PILOT  FD=SRCH 9K113 LOS  FL=CM MENU
12:23:48     !! L does not offer "CLOSE" (shows "nil") -- not pressing
12:23:48   on page 'other': C=FIRE  U=SRCH PILOT LOS  R=NO MSL  D=TRACKING  FU=HOLD FIRE  FR=TGT PILOT  FD=SRCH 9K113 LOS  FL=CM MENU
12:23:48     !! L does not offer "CLOSE" (shows "nil") -- not pressing
12:23:48   on page 'other': C=FIRE  U=SRCH PILOT LOS  R=NO MSL  D=TRACKING  FU=HOLD FIRE  FR=TGT PILOT  FD=SRCH 9K113 LOS  FL=CM MENU
12:23:48     !! L does not offer "CLOSE" (shows "nil") -- not pressing
12:23:48   on page 'other': C=FIRE  U=SRCH PILOT LOS  R=NO MSL  D=TRACKING  FU=HOLD FIRE  FR=TGT PILOT  FD=SRCH 9K113 LOS  FL=CM MENU
12:23:48     !! L does not offer "CLOSE" (shows "nil") -- not pressing
12:23:48   on page 'other': C=FIRE  U=SRCH PILOT LOS  R=NO MSL  D=TRACKING  FU=HOLD FIRE  FR=TGT PILOT  FD=SRCH 9K113 LOS  FL=CM MENU
12:23:48     !! L does not offer "CLOSE" (shows "nil") -- not pressing
12:23:48   on page 'other': C=FIRE  U=SRCH PILOT LOS  R=NO MSL  D=TRACKING  FU=HOLD FIRE  FR=TGT PILOT  FD=SRCH 9K113 LOS  FL=CM MENU
12:23:48     !! L does not offer "CLOSE" (shows "nil") -- not pressing
12:23:48   on page 'other': C=FIRE  U=SRCH PILOT LOS  R=NO MSL  D=TRACKING  FU=HOLD FIRE  FR=TGT PILOT  FD=SRCH 9K113 LOS  FL=CM MENU
12:23:48     !! L does not offer "CLOSE" (shows "nil") -- not pressing
12:23:48   on page 'other': C=FIRE  U=SRCH PILOT LOS  R=NO MSL  D=TRACKING  FU=HOLD FIRE  FR=TGT PILOT  FD=SRCH 9K113 LOS  FL=CM MENU
12:23:48     !! L does not offer "CLOSE" (shows "nil") -- not pressing
12:23:48   on page 'other': C=FIRE  U=SRCH PILOT LOS  R=NO MSL  D=TRACKING  FU=HOLD FIRE  FR=TGT PILOT  FD=SRCH 9K113 LOS  FL=CM MENU
12:23:48     !! L does not offer "CLOSE" (shows "nil") -- not pressing
12:23:48   on page 'other': C=FIRE  U=SRCH PILOT LOS  R=NO MSL  D=TRACKING  FU=HOLD FIRE  FR=TGT PILOT  FD=SRCH 9K113 LOS  FL=CM MENU
12:23:48     !! L does not offer "CLOSE" (shows "nil") -- not pressing
12:23:48   on page 'other': C=FIRE  U=SRCH PILOT LOS  R=NO MSL  D=TRACKING  FU=HOLD FIRE  FR=TGT PILOT  FD=SRCH 9K113 LOS  FL=CM MENU
12:23:48     !! L does not offer "CLOSE" (shows "nil") -- not pressing
12:23:48   on page 'other': C=FIRE  U=SRCH PILOT LOS  R=NO MSL  D=TRACKING  FU=HOLD FIRE  FR=TGT PILOT  FD=SRCH 9K113 LOS  FL=CM MENU
12:23:48     !! L does not offer "CLOSE" (shows "nil") -- not pressing
12:23:48   on page 'other': C=FIRE  U=SRCH PILOT LOS  R=NO MSL  D=TRACKING  FU=HOLD FIRE  FR=TGT PILOT  FD=SRCH 9K113 LOS  FL=CM MENU
12:23:48     !! L does not offer "CLOSE" (shows "nil") -- not pressing
12:23:48   on page 'other': C=FIRE  U=SRCH PILOT LOS  R=NO MSL  D=TRACKING  FU=HOLD FIRE  FR=TGT PILOT  FD=SRCH 9K113 LOS  FL=CM MENU
12:23:48     !! L does not offer "CLOSE" (shows "nil") -- not pressing
12:23:48   on page 'other': C=FIRE  U=SRCH PILOT LOS  R=NO MSL  D=TRACKING  FU=HOLD FIRE  FR=TGT PILOT  FD=SRCH 9K113 LOS  FL=CM MENU
12:23:48     !! L does not offer "CLOSE" (shows "nil") -- not pressing
12:23:48   on page 'other': C=FIRE  U=SRCH PILOT LOS  R=NO MSL  D=TRACKING  FU=HOLD FIRE  FR=TGT PILOT  FD=SRCH 9K113 LOS  FL=CM MENU
12:23:48     !! L does not offer "CLOSE" (shows "nil") -- not pressing
12:23:48   on page 'other': C=FIRE  U=SRCH PILOT LOS  R=NO MSL  D=TRACKING  FU=HOLD FIRE  FR=TGT PILOT  FD=SRCH 9K113 LOS  FL=CM MENU
12:23:48     !! L does not offer "CLOSE" (shows "nil") -- not pressing
12:23:48   on page 'other': C=FIRE  U=SRCH PILOT LOS  R=NO MSL  D=TRACKING  FU=HOLD FIRE  FR=TGT PILOT  FD=SRCH 9K113 LOS  FL=CM MENU
12:23:48     !! L does not offer "CLOSE" (shows "nil") -- not pressing
12:23:48   on page 'other': C=FIRE  U=SRCH PILOT LOS  R=NO MSL  D=TRACKING  FU=HOLD FIRE  FR=TGT PILOT  FD=SRCH 9K113 LOS  FL=CM MENU
12:23:48     !! L does not offer "CLOSE" (shows "nil") -- not pressing
12:23:48   on page 'other': C=FIRE  U=SRCH PILOT LOS  R=NO MSL  D=TRACKING  FU=HOLD FIRE  FR=TGT PILOT  FD=SRCH 9K113 LOS  FL=CM MENU
12:23:48     !! L does not offer "CLOSE" (shows "nil") -- not pressing
12:23:48   on page 'other': C=FIRE  U=SRCH PILOT LOS  R=NO MSL  D=TRACKING  FU=HOLD FIRE  FR=TGT PILOT  FD=SRCH 9K113 LOS  FL=CM MENU
12:23:48     !! L does not offer "CLOSE" (shows "nil") -- not pressing
12:23:48   on page 'other': C=FIRE  U=SRCH PILOT LOS  R=NO MSL  D=TRACKING  FU=HOLD FIRE  FR=TGT PILOT  FD=SRCH 9K113 LOS  FL=CM MENU
12:23:48     !! L does not offer "CLOSE" (shows "nil") -- not pressing
12:23:48   on page 'other': C=FIRE  U=SRCH PILOT LOS  R=NO MSL  D=TRACKING  FU=HOLD FIRE  FR=TGT PILOT  FD=SRCH 9K113 LOS  FL=CM MENU
12:23:48     !! L does not offer "CLOSE" (shows "nil") -- not pressing
12:23:48   on page 'other': C=FIRE  U=SRCH PILOT LOS  R=NO MSL  D=TRACKING  FU=HOLD FIRE  FR=TGT PILOT  FD=SRCH 9K113 LOS  FL=CM MENU
12:23:48     !! L does not offer "CLOSE" (shows "nil") -- not pressing
12:23:48   on page 'other': C=FIRE  U=SRCH PILOT LOS  R=NO MSL  D=TRACKING  FU=HOLD FIRE  FR=TGT PILOT  FD=SRCH 9K113 LOS  FL=CM MENU
12:23:48     !! L does not offer "CLOSE" (shows "nil") -- not pressing
12:23:48   on page 'other': C=FIRE  U=SRCH PILOT LOS  R=NO MSL  D=TRACKING  FU=HOLD FIRE  FR=TGT PILOT  FD=SRCH 9K113 LOS  FL=CM MENU
12:23:48     !! L does not offer "CLOSE" (shows "nil") -- not pressing
12:23:48   on page 'other': C=FIRE  U=SRCH PILOT LOS  R=NO MSL  D=TRACKING  FU=HOLD FIRE  FR=TGT PILOT  FD=SRCH 9K113 LOS  FL=CM MENU
12:23:48     !! L does not offer "CLOSE" (shows "nil") -- not pressing
12:23:48   on page 'other': C=FIRE  U=SRCH PILOT LOS  R=NO MSL  D=TRACKING  FU=HOLD FIRE  FR=TGT PILOT  FD=SRCH 9K113 LOS  FL=CM MENU
12:23:48     !! L does not offer "CLOSE" (shows "nil") -- not pressing
12:23:48   on page 'other': C=FIRE  U=SRCH PILOT LOS  R=NO MSL  D=TRACKING  FU=HOLD FIRE  FR=TGT PILOT  FD=SRCH 9K113 LOS  FL=CM MENU
12:23:48     !! L does not offer "CLOSE" (shows "nil") -- not pressing
12:23:48   on page 'other': C=FIRE  U=SRCH PILOT LOS  R=NO MSL  D=TRACKING  FU=HOLD FIRE  FR=TGT PILOT  FD=SRCH 9K113 LOS  FL=CM MENU
12:23:48     !! L does not offer "CLOSE" (shows "nil") -- not pressing
12:23:48   on page 'other': C=FIRE  U=SRCH PILOT LOS  R=NO MSL  D=TRACKING  FU=HOLD FIRE  FR=TGT PILOT  FD=SRCH 9K113 LOS  FL=CM MENU
12:23:48     !! L does not offer "CLOSE" (shows "nil") -- not pressing
12:23:48   on page 'other': C=FIRE  U=SRCH PILOT LOS  R=NO MSL  D=TRACKING  FU=HOLD FIRE  FR=TGT PILOT  FD=SRCH 9K113 LOS  FL=CM MENU
12:23:48     !! L does not offer "CLOSE" (shows "nil") -- not pressing
12:23:48   on page 'other': C=FIRE  U=SRCH PILOT LOS  R=NO MSL  D=TRACKING  FU=HOLD FIRE  FR=TGT PILOT  FD=SRCH 9K113 LOS  FL=CM MENU
12:23:48     !! L does not offer "CLOSE" (shows "nil") -- not pressing
12:23:48   on page 'other': C=FIRE  U=SRCH PILOT LOS  R=NO MSL  D=TRACKING  FU=HOLD FIRE  FR=TGT PILOT  FD=SRCH 9K113 LOS  FL=CM MENU
12:23:48     !! L does not offer "CLOSE" (shows "nil") -- not pressing
12:23:48   on page 'other': C=FIRE  U=SRCH PILOT LOS  R=NO MSL  D=TRACKING  FU=HOLD FIRE  FR=TGT PILOT  FD=SRCH 9K113 LOS  FL=CM MENU
12:23:48     !! L does not offer "CLOSE" (shows "nil") -- not pressing
12:23:48   on page 'other': C=FIRE  U=SRCH PILOT LOS  R=NO MSL  D=TRACKING  FU=HOLD FIRE  FR=TGT PILOT  FD=SRCH 9K113 LOS  FL=CM MENU
12:23:48     !! L does not offer "CLOSE" (shows "nil") -- not pressing
12:23:48   on page 'other': C=FIRE  U=SRCH PILOT LOS  R=NO MSL  D=TRACKING  FU=HOLD FIRE  FR=TGT PILOT  FD=SRCH 9K113 LOS  FL=CM MENU
12:23:48     !! L does not offer "CLOSE" (shows "nil") -- not pressing
12:23:48   on page 'other': C=FIRE  U=SRCH PILOT LOS  R=NO MSL  D=TRACKING  FU=HOLD FIRE  FR=TGT PILOT  FD=SRCH 9K113 LOS  FL=CM MENU
12:23:48     !! L does not offer "CLOSE" (shows "nil") -- not pressing
12:23:48   on page 'other': C=FIRE  U=SRCH PILOT LOS  R=NO MSL  D=TRACKING  FU=HOLD FIRE  FR=TGT PILOT  FD=SRCH 9K113 LOS  FL=CM MENU
12:23:48     !! L does not offer "CLOSE" (shows "nil") -- not pressing
12:23:48   on page 'other': C=FIRE  U=SRCH PILOT LOS  R=NO MSL  D=TRACKING  FU=HOLD FIRE  FR=TGT PILOT  FD=SRCH 9K113 LOS  FL=CM MENU
12:23:48     !! L does not offer "CLOSE" (shows "nil") -- not pressing
12:23:48   on page 'other': C=FIRE  U=SRCH PILOT LOS  R=NO MSL  D=TRACKING  FU=HOLD FIRE  FR=TGT PILOT  FD=SRCH 9K113 LOS  FL=CM MENU
12:23:48     !! L does not offer "CLOSE" (shows "nil") -- not pressing
12:23:48   on page 'other': C=FIRE  U=SRCH PILOT LOS  R=NO MSL  D=TRACKING  FU=HOLD FIRE  FR=TGT PILOT  FD=SRCH 9K113 LOS  FL=CM MENU
12:23:48     !! L does not offer "CLOSE" (shows "nil") -- not pressing
12:23:48   on page 'other': C=FIRE  U=SRCH PILOT LOS  R=NO MSL  D=TRACKING  FU=HOLD FIRE  FR=TGT PILOT  FD=SRCH 9K113 LOS  FL=CM MENU
12:23:48     !! L does not offer "CLOSE" (shows "nil") -- not pressing
12:23:48   on page 'other': C=FIRE  U=SRCH PILOT LOS  R=NO MSL  D=TRACKING  FU=HOLD FIRE  FR=TGT PILOT  FD=SRCH 9K113 LOS  FL=CM MENU
12:23:48     !! L does not offer "CLOSE" (shows "nil") -- not pressing
12:23:48   on page 'other': C=FIRE  U=SRCH PILOT LOS  R=NO MSL  D=TRACKING  FU=HOLD FIRE  FR=TGT PILOT  FD=SRCH 9K113 LOS  FL=CM MENU
12:23:48     !! L does not offer "CLOSE" (shows "nil") -- not pressing
12:23:48   on page 'other': C=FIRE  U=SRCH PILOT LOS  R=NO MSL  D=TRACKING  FU=HOLD FIRE  FR=TGT PILOT  FD=SRCH 9K113 LOS  FL=CM MENU
12:23:48     !! L does not offer "CLOSE" (shows "nil") -- not pressing
12:23:48   on page 'other': C=FIRE  U=SRCH PILOT LOS  R=NO MSL  D=TRACKING  FU=HOLD FIRE  FR=TGT PILOT  FD=SRCH 9K113 LOS  FL=CM MENU
12:23:48     !! L does not offer "CLOSE" (shows "nil") -- not pressing
12:23:48   on page 'other': C=FIRE  U=SRCH PILOT LOS  R=NO MSL  D=TRACKING  FU=HOLD FIRE  FR=TGT PILOT  FD=SRCH 9K113 LOS  FL=CM MENU
12:23:48     !! L does not offer "CLOSE" (shows "nil") -- not pressing
12:23:48   on page 'other': C=FIRE  U=SRCH PILOT LOS  R=NO MSL  D=TRACKING  FU=HOLD FIRE  FR=TGT PILOT  FD=SRCH 9K113 LOS  FL=CM MENU
12:23:48     !! L does not offer "CLOSE" (shows "nil") -- not pressing
12:23:48   on page 'other': C=FIRE  U=SRCH PILOT LOS  R=NO MSL  D=TRACKING  FU=HOLD FIRE  FR=TGT PILOT  FD=SRCH 9K113 LOS  FL=CM MENU
12:23:48     !! L does not offer "CLOSE" (shows "nil") -- not pressing
12:23:48   on page 'other': C=FIRE  U=SRCH PILOT LOS  R=NO MSL  D=TRACKING  FU=HOLD FIRE  FR=TGT PILOT  FD=SRCH 9K113 LOS  FL=CM MENU
12:23:48     !! L does not offer "CLOSE" (shows "nil") -- not pressing
12:23:48   on page 'other': C=FIRE  U=SRCH PILOT LOS  R=NO MSL  D=TRACKING  FU=HOLD FIRE  FR=TGT PILOT  FD=SRCH 9K113 LOS  FL=CM MENU
12:23:48     !! L does not offer "CLOSE" (shows "nil") -- not pressing
12:23:49   on page 'other': C=FIRE  U=SRCH PILOT LOS  R=NO MSL  D=TRACKING  FU=HOLD FIRE  FR=TGT PILOT  FD=SRCH 9K113 LOS  FL=CM MENU
12:23:49     !! L does not offer "CLOSE" (shows "nil") -- not pressing
12:23:49   on page 'other': C=FIRE  U=SRCH PILOT LOS  R=NO MSL  D=TRACKING  FU=HOLD FIRE  FR=TGT PILOT  FD=SRCH 9K113 LOS  FL=CM MENU
12:23:49     !! L does not offer "CLOSE" (shows "nil") -- not pressing
12:23:49   on page 'other': C=FIRE  U=SRCH PILOT LOS  R=NO MSL  D=TRACKING  FU=HOLD FIRE  FR=TGT PILOT  FD=SRCH 9K113 LOS  FL=CM MENU
12:23:49     !! L does not offer "CLOSE" (shows "nil") -- not pressing
12:23:49   on page 'other': C=FIRE  U=SRCH PILOT LOS  R=NO MSL  D=TRACKING  FU=HOLD FIRE  FR=TGT PILOT  FD=SRCH 9K113 LOS  FL=CM MENU
12:23:49     !! L does not offer "CLOSE" (shows "nil") -- not pressing
12:23:49   on page 'other': C=FIRE  U=SRCH PILOT LOS  R=NO MSL  D=TRACKING  FU=HOLD FIRE  FR=TGT PILOT  FD=SRCH 9K113 LOS  FL=CM MENU
12:23:49     !! L does not offer "CLOSE" (shows "nil") -- not pressing
12:23:49   on page 'other': C=FIRE  U=SRCH PILOT LOS  R=NO MSL  D=TRACKING  FU=HOLD FIRE  FR=TGT PILOT  FD=SRCH 9K113 LOS  FL=CM MENU
12:23:49     !! L does not offer "CLOSE" (shows "nil") -- not pressing
12:23:49   on page 'other': C=FIRE  U=SRCH PILOT LOS  R=NO MSL  D=TRACKING  FU=HOLD FIRE  FR=TGT PILOT  FD=SRCH 9K113 LOS  FL=CM MENU
12:23:49     !! L does not offer "CLOSE" (shows "nil") -- not pressing
12:23:49   on page 'other': C=FIRE  U=SRCH PILOT LOS  R=NO MSL  D=TRACKING  FU=HOLD FIRE  FR=TGT PILOT  FD=SRCH 9K113 LOS  FL=CM MENU
12:23:49     !! L does not offer "CLOSE" (shows "nil") -- not pressing
12:23:49   on page 'other': C=FIRE  U=SRCH PILOT LOS  R=NO MSL  D=TRACKING  FU=HOLD FIRE  FR=TGT PILOT  FD=SRCH 9K113 LOS  FL=CM MENU
12:23:49     !! L does not offer "CLOSE" (shows "nil") -- not pressing
12:23:49   on page 'other': C=FIRE  U=SRCH PILOT LOS  R=NO MSL  D=TRACKING  FU=HOLD FIRE  FR=TGT PILOT  FD=SRCH 9K113 LOS  FL=CM MENU
12:23:49     !! L does not offer "CLOSE" (shows "nil") -- not pressing
12:23:49   on page 'other': C=FIRE  U=SRCH PILOT LOS  R=NO MSL  D=TRACKING  FU=HOLD FIRE  FR=TGT PILOT  FD=SRCH 9K113 LOS  FL=CM MENU
12:23:49     !! L does not offer "CLOSE" (shows "nil") -- not pressing
12:23:49   on page 'other': C=FIRE  U=SRCH PILOT LOS  R=NO MSL  D=TRACKING  FU=HOLD FIRE  FR=TGT PILOT  FD=SRCH 9K113 LOS  FL=CM MENU
12:23:49     !! L does not offer "CLOSE" (shows "nil") -- not pressing
12:23:49   on page 'other': C=FIRE  U=SRCH PILOT LOS  R=NO MSL  D=TRACKING  FU=HOLD FIRE  FR=TGT PILOT  FD=SRCH 9K113 LOS  FL=CM MENU
12:23:49     !! L does not offer "CLOSE" (shows "nil") -- not pressing
12:23:49   on page 'other': C=FIRE  U=SRCH PILOT LOS  R=NO MSL  D=TRACKING  FU=HOLD FIRE  FR=TGT PILOT  FD=SRCH 9K113 LOS  FL=CM MENU
12:23:49     !! L does not offer "CLOSE" (shows "nil") -- not pressing
12:23:49   on page 'other': C=FIRE  U=SRCH PILOT LOS  R=NO MSL  D=TRACKING  FU=HOLD FIRE  FR=TGT PILOT  FD=SRCH 9K113 LOS  FL=CM MENU
12:23:49     !! L does not offer "CLOSE" (shows "nil") -- not pressing
12:23:49   on page 'other': C=FIRE  U=SRCH PILOT LOS  R=NO MSL  D=TRACKING  FU=HOLD FIRE  FR=TGT PILOT  FD=SRCH 9K113 LOS  FL=CM MENU
12:23:49     !! L does not offer "CLOSE" (shows "nil") -- not pressing
12:23:49   on page 'other': C=FIRE  U=SRCH PILOT LOS  R=NO MSL  D=TRACKING  FU=HOLD FIRE  FR=TGT PILOT  FD=SRCH 9K113 LOS  FL=CM MENU
12:23:49     !! L does not offer "CLOSE" (shows "nil") -- not pressing
12:23:49   on page 'other': C=FIRE  U=SRCH PILOT LOS  R=NO MSL  D=TRACKING  FU=HOLD FIRE  FR=TGT PILOT  FD=SRCH 9K113 LOS  FL=CM MENU
12:23:49     !! L does not offer "CLOSE" (shows "nil") -- not pressing
12:23:49   on page 'other': C=FIRE  U=SRCH PILOT LOS  R=NO MSL  D=TRACKING  FU=HOLD FIRE  FR=TGT PILOT  FD=SRCH 9K113 LOS  FL=CM MENU
12:23:49     !! L does not offer "CLOSE" (shows "nil") -- not pressing
12:23:49   on page 'other': C=FIRE  U=SRCH PILOT LOS  R=NO MSL  D=TRACKING  FU=HOLD FIRE  FR=TGT PILOT  FD=SRCH 9K113 LOS  FL=CM MENU
12:23:49     !! L does not offer "CLOSE" (shows "nil") -- not pressing
12:23:49   on page 'other': C=FIRE  U=SRCH PILOT LOS  R=NO MSL  D=TRACKING  FU=HOLD FIRE  FR=TGT PILOT  FD=SRCH 9K113 LOS  FL=CM MENU
12:23:49     !! L does not offer "CLOSE" (shows "nil") -- not pressing
12:23:49   on page 'other': C=FIRE  U=SRCH PILOT LOS  R=NO MSL  D=TRACKING  FU=HOLD FIRE  FR=TGT PILOT  FD=SRCH 9K113 LOS  FL=CM MENU
12:23:49     !! L does not offer "CLOSE" (shows "nil") -- not pressing
12:23:49   on page 'other': C=FIRE  U=SRCH PILOT LOS  R=NO MSL  D=TRACKING  FU=HOLD FIRE  FR=TGT PILOT  FD=SRCH 9K113 LOS  FL=CM MENU
12:23:49     !! L does not offer "CLOSE" (shows "nil") -- not pressing
12:23:49   on page 'other': C=FIRE  U=SRCH PILOT LOS  R=NO MSL  D=TRACKING  FU=HOLD FIRE  FR=TGT PILOT  FD=SRCH 9K113 LOS  FL=CM MENU
12:23:49     !! L does not offer "CLOSE" (shows "nil") -- not pressing
12:23:49   on page 'other': C=FIRE  U=SRCH PILOT LOS  R=NO MSL  D=TRACKING  FU=HOLD FIRE  FR=TGT PILOT  FD=SRCH 9K113 LOS  FL=CM MENU
12:23:49     !! L does not offer "CLOSE" (shows "nil") -- not pressing
12:23:49   on page 'other': C=FIRE  U=SRCH PILOT LOS  R=NO MSL  D=TRACKING  FU=HOLD FIRE  FR=TGT PILOT  FD=SRCH 9K113 LOS  FL=CM MENU
12:23:49     !! L does not offer "CLOSE" (shows "nil") -- not pressing
12:23:49   on page 'other': C=FIRE  U=SRCH PILOT LOS  R=NO MSL  D=TRACKING  FU=HOLD FIRE  FR=TGT PILOT  FD=SRCH 9K113 LOS  FL=CM MENU
12:23:49     !! L does not offer "CLOSE" (shows "nil") -- not pressing
12:23:49   on page 'other': C=FIRE  U=SRCH PILOT LOS  R=NO MSL  D=TRACKING  FU=HOLD FIRE  FR=TGT PILOT  FD=SRCH 9K113 LOS  FL=CM MENU
12:23:49     !! L does not offer "CLOSE" (shows "nil") -- not pressing
12:23:49   on page 'other': C=FIRE  U=SRCH PILOT LOS  R=NO MSL  D=TRACKING  FU=HOLD FIRE  FR=TGT PILOT  FD=SRCH 9K113 LOS  FL=CM MENU
12:23:49     !! L does not offer "CLOSE" (shows "nil") -- not pressing
12:23:49   on page 'other': C=FIRE  U=SRCH PILOT LOS  R=NO MSL  D=TRACKING  FU=HOLD FIRE  FR=TGT PILOT  FD=SRCH 9K113 LOS  FL=CM MENU
12:23:49     !! L does not offer "CLOSE" (shows "nil") -- not pressing
12:23:49   on page 'other': C=FIRE  U=SRCH PILOT LOS  R=NO MSL  D=TRACKING  FU=HOLD FIRE  FR=TGT PILOT  FD=SRCH 9K113 LOS  FL=CM MENU
12:23:49     !! L does not offer "CLOSE" (shows "nil") -- not pressing
12:23:49   on page 'other': C=FIRE  U=SRCH PILOT LOS  R=NO MSL  D=TRACKING  FU=HOLD FIRE  FR=TGT PILOT  FD=SRCH 9K113 LOS  FL=CM MENU
12:23:49     !! L does not offer "CLOSE" (shows "nil") -- not pressing
12:23:49   on page 'other': C=FIRE  U=SRCH PILOT LOS  R=NO MSL  D=TRACKING  FU=HOLD FIRE  FR=TGT PILOT  FD=SRCH 9K113 LOS  FL=CM MENU
12:23:49     !! L does not offer "CLOSE" (shows "nil") -- not pressing
12:23:49   on page 'other': C=FIRE  U=SRCH PILOT LOS  R=NO MSL  D=TRACKING  FU=HOLD FIRE  FR=TGT PILOT  FD=SRCH 9K113 LOS  FL=CM MENU
12:23:49     !! L does not offer "CLOSE" (shows "nil") -- not pressing
12:23:49   on page 'other': C=FIRE  U=SRCH PILOT LOS  R=NO MSL  D=TRACKING  FU=HOLD FIRE  FR=TGT PILOT  FD=SRCH 9K113 LOS  FL=CM MENU
12:23:49     !! L does not offer "CLOSE" (shows "nil") -- not pressing
12:23:49   on page 'other': C=FIRE  U=SRCH PILOT LOS  R=NO MSL  D=TRACKING  FU=HOLD FIRE  FR=TGT PILOT  FD=SRCH 9K113 LOS  FL=CM MENU
12:23:49     !! L does not offer "CLOSE" (shows "nil") -- not pressing
12:23:49   on page 'other': C=FIRE  U=SRCH PILOT LOS  R=NO MSL  D=TRACKING  FU=HOLD FIRE  FR=TGT PILOT  FD=SRCH 9K113 LOS  FL=CM MENU
12:23:49     !! L does not offer "CLOSE" (shows "nil") -- not pressing
12:23:49   on page 'other': C=FIRE  U=SRCH PILOT LOS  R=NO MSL  D=TRACKING  FU=HOLD FIRE  FR=TGT PILOT  FD=SRCH 9K113 LOS  FL=CM MENU
12:23:49     !! L does not offer "CLOSE" (shows "nil") -- not pressing
12:23:49   on page 'other': C=FIRE  U=SRCH PILOT LOS  R=NO MSL  D=TRACKING  FU=HOLD FIRE  FR=TGT PILOT  FD=SRCH 9K113 LOS  FL=CM MENU
12:23:49     !! L does not offer "CLOSE" (shows "nil") -- not pressing
12:23:49   on page 'other': C=FIRE  U=SRCH PILOT LOS  R=NO MSL  D=TRACKING  FU=HOLD FIRE  FR=TGT PILOT  FD=SRCH 9K113 LOS  FL=CM MENU
12:23:49     !! L does not offer "CLOSE" (shows "nil") -- not pressing
12:23:49   on page 'other': C=FIRE  U=SRCH PILOT LOS  R=NO MSL  D=TRACKING  FU=HOLD FIRE  FR=TGT PILOT  FD=SRCH 9K113 LOS  FL=CM MENU
12:23:49     !! L does not offer "CLOSE" (shows "nil") -- not pressing
12:23:49   on page 'other': C=FIRE  U=SRCH PILOT LOS  R=NO MSL  D=TRACKING  FU=HOLD FIRE  FR=TGT PILOT  FD=SRCH 9K113 LOS  FL=CM MENU
12:23:49     !! L does not offer "CLOSE" (shows "nil") -- not pressing
12:23:49   on page 'other': C=FIRE  U=SRCH PILOT LOS  R=NO MSL  D=TRACKING  FU=HOLD FIRE  FR=TGT PILOT  FD=SRCH 9K113 LOS  FL=CM MENU
12:23:49     !! L does not offer "CLOSE" (shows "nil") -- not pressing
12:23:49   on page 'other': C=FIRE  U=SRCH PILOT LOS  R=NO MSL  D=TRACKING  FU=HOLD FIRE  FR=TGT PILOT  FD=SRCH 9K113 LOS  FL=CM MENU
12:23:49     !! L does not offer "CLOSE" (shows "nil") -- not pressing
12:23:49   on page 'other': C=FIRE  U=SRCH PILOT LOS  R=NO MSL  D=TRACKING  FU=HOLD FIRE  FR=TGT PILOT  FD=SRCH 9K113 LOS  FL=CM MENU
12:23:49     !! L does not offer "CLOSE" (shows "nil") -- not pressing
12:23:49   on page 'other': C=FIRE  U=SRCH PILOT LOS  R=NO MSL  D=TRACKING  FU=HOLD FIRE  FR=TGT PILOT  FD=SRCH 9K113 LOS  FL=CM MENU
12:23:49     !! L does not offer "CLOSE" (shows "nil") -- not pressing
12:23:49   on page 'other': C=FIRE  U=SRCH PILOT LOS  R=NO MSL  D=TRACKING  FU=HOLD FIRE  FR=TGT PILOT  FD=SRCH 9K113 LOS  FL=CM MENU
12:23:49     !! L does not offer "CLOSE" (shows "nil") -- not pressing
12:23:49   on page 'other': C=FIRE  U=SRCH PILOT LOS  R=NO MSL  D=TRACKING  FU=HOLD FIRE  FR=TGT PILOT  FD=SRCH 9K113 LOS  FL=CM MENU
12:23:49     !! L does not offer "CLOSE" (shows "nil") -- not pressing
12:23:49   on page 'other': C=FIRE  U=SRCH PILOT LOS  R=NO MSL  D=TRACKING  FU=HOLD FIRE  FR=TGT PILOT  FD=SRCH 9K113 LOS  FL=CM MENU
12:23:49     !! L does not offer "CLOSE" (shows "nil") -- not pressing
12:23:49   on page 'other': C=FIRE  U=SRCH PILOT LOS  R=NO MSL  D=TRACKING  FU=HOLD FIRE  FR=TGT PILOT  FD=SRCH 9K113 LOS  FL=CM MENU
12:23:49     !! L does not offer "CLOSE" (shows "nil") -- not pressing
12:23:49   on page 'other': C=FIRE  U=SRCH PILOT LOS  R=NO MSL  D=TRACKING  FU=HOLD FIRE  FR=TGT PILOT  FD=SRCH 9K113 LOS  FL=CM MENU
12:23:49     !! L does not offer "CLOSE" (shows "nil") -- not pressing
12:23:49   on page 'other': C=FIRE  U=SRCH PILOT LOS  R=NO MSL  D=TRACKING  FU=HOLD FIRE  FR=TGT PILOT  FD=SRCH 9K113 LOS  FL=CM MENU
12:23:49     !! L does not offer "CLOSE" (shows "nil") -- not pressing
12:23:49   on page 'other': C=FIRE  U=SRCH PILOT LOS  R=NO MSL  D=TRACKING  FU=HOLD FIRE  FR=TGT PILOT  FD=SRCH 9K113 LOS  FL=CM MENU
12:23:49     !! L does not offer "CLOSE" (shows "nil") -- not pressing
12:23:49   on page 'other': C=FIRE  U=SRCH PILOT LOS  R=NO MSL  D=TRACKING  FU=HOLD FIRE  FR=TGT PILOT  FD=SRCH 9K113 LOS  FL=CM MENU
12:23:49     !! L does not offer "CLOSE" (shows "nil") -- not pressing
12:23:49   on page 'other': C=FIRE  U=SRCH PILOT LOS  R=NO MSL  D=TRACKING  FU=HOLD FIRE  FR=TGT PILOT  FD=SRCH 9K113 LOS  FL=CM MENU
12:23:49     !! L does not offer "CLOSE" (shows "nil") -- not pressing
12:23:49   on page 'other': C=FIRE  U=SRCH PILOT LOS  R=NO MSL  D=TRACKING  FU=HOLD FIRE  FR=TGT PILOT  FD=SRCH 9K113 LOS  FL=CM MENU
12:23:49     !! L does not offer "CLOSE" (shows "nil") -- not pressing
12:23:49   on page 'other': C=FIRE  U=SRCH PILOT LOS  R=NO MSL  D=TRACKING  FU=HOLD FIRE  FR=TGT PILOT  FD=SRCH 9K113 LOS  FL=CM MENU
12:23:49     !! L does not offer "CLOSE" (shows "nil") -- not pressing
12:23:49   on page 'other': C=FIRE  U=SRCH PILOT LOS  R=NO MSL  D=TRACKING  FU=HOLD FIRE  FR=TGT PILOT  FD=SRCH 9K113 LOS  FL=CM MENU
12:23:49     !! L does not offer "CLOSE" (shows "nil") -- not pressing
12:23:49   on page 'other': C=FIRE  U=SRCH PILOT LOS  R=NO MSL  D=TRACKING  FU=HOLD FIRE  FR=TGT PILOT  FD=SRCH 9K113 LOS  FL=CM MENU
12:23:49     !! L does not offer "CLOSE" (shows "nil") -- not pressing
12:23:49   on page 'other': C=FIRE  U=SRCH PILOT LOS  R=NO MSL  D=TRACKING  FU=HOLD FIRE  FR=TGT PILOT  FD=SRCH 9K113 LOS  FL=CM MENU
12:23:49     !! L does not offer "CLOSE" (shows "nil") -- not pressing
12:23:49   on page 'other': C=FIRE  U=SRCH PILOT LOS  R=NO MSL  D=TRACKING  FU=HOLD FIRE  FR=TGT PILOT  FD=SRCH 9K113 LOS  FL=CM MENU
12:23:49     !! L does not offer "CLOSE" (shows "nil") -- not pressing
12:23:49   on page 'other': C=FIRE  U=SRCH PILOT LOS  R=NO MSL  D=TRACKING  FU=HOLD FIRE  FR=TGT PILOT  FD=SRCH 9K113 LOS  FL=CM MENU
12:23:49     !! L does not offer "CLOSE" (shows "nil") -- not pressing
12:23:49   on page 'other': C=FIRE  U=SRCH PILOT LOS  R=NO MSL  D=TRACKING  FU=HOLD FIRE  FR=TGT PILOT  FD=SRCH 9K113 LOS  FL=CM MENU
12:23:49     !! L does not offer "CLOSE" (shows "nil") -- not pressing
12:23:49   on page 'other': C=FIRE  U=SRCH PILOT LOS  R=NO MSL  D=TRACKING  FU=HOLD FIRE  FR=TGT PILOT  FD=SRCH 9K113 LOS  FL=CM MENU
12:23:49     !! L does not offer "CLOSE" (shows "nil") -- not pressing
12:23:49   on page 'other': C=FIRE  U=SRCH PILOT LOS  R=NO MSL  D=TRACKING  FU=HOLD FIRE  FR=TGT PILOT  FD=SRCH 9K113 LOS  FL=CM MENU
12:23:49     !! L does not offer "CLOSE" (shows "nil") -- not pressing
12:23:49   on page 'other': C=FIRE  U=SRCH PILOT LOS  R=NO MSL  D=TRACKING  FU=HOLD FIRE  FR=TGT PILOT  FD=SRCH 9K113 LOS  FL=CM MENU
12:23:49     !! L does not offer "CLOSE" (shows "nil") -- not pressing
12:23:49   on page 'other': C=FIRE  U=SRCH PILOT LOS  R=NO MSL  D=TRACKING  FU=HOLD FIRE  FR=TGT PILOT  FD=SRCH 9K113 LOS  FL=CM MENU
12:23:49     !! L does not offer "CLOSE" (shows "nil") -- not pressing
12:23:49   on page 'other': C=FIRE  U=SRCH PILOT LOS  R=NO MSL  D=TRACKING  FU=HOLD FIRE  FR=TGT PILOT  FD=SRCH 9K113 LOS  FL=CM MENU
12:23:49     !! L does not offer "CLOSE" (shows "nil") -- not pressing
12:23:49   on page 'other': C=FIRE  U=SRCH PILOT LOS  R=NO MSL  D=TRACKING  FU=HOLD FIRE  FR=TGT PILOT  FD=SRCH 9K113 LOS  FL=CM MENU
12:23:49     !! L does not offer "CLOSE" (shows "nil") -- not pressing
12:23:49   on page 'other': C=FIRE  U=SRCH PILOT LOS  R=NO MSL  D=TRACKING  FU=HOLD FIRE  FR=TGT PILOT  FD=SRCH 9K113 LOS  FL=CM MENU
12:23:49     !! L does not offer "CLOSE" (shows "nil") -- not pressing
12:23:49   on page 'other': C=FIRE  U=SRCH PILOT LOS  R=NO MSL  D=TRACKING  FU=HOLD FIRE  FR=TGT PILOT  FD=SRCH 9K113 LOS  FL=CM MENU
12:23:49     !! L does not offer "CLOSE" (shows "nil") -- not pressing
12:23:49   on page 'other': C=FIRE  U=SRCH PILOT LOS  R=NO MSL  D=TRACKING  FU=HOLD FIRE  FR=TGT PILOT  FD=SRCH 9K113 LOS  FL=CM MENU
12:23:49     !! L does not offer "CLOSE" (shows "nil") -- not pressing
12:23:49   on page 'other': C=FIRE  U=SRCH PILOT LOS  R=NO MSL  D=TRACKING  FU=HOLD FIRE  FR=TGT PILOT  FD=SRCH 9K113 LOS  FL=CM MENU
12:23:49     !! L does not offer "CLOSE" (shows "nil") -- not pressing
12:23:49   on page 'other': C=FIRE  U=SRCH PILOT LOS  R=NO MSL  D=TRACKING  FU=HOLD FIRE  FR=TGT PILOT  FD=SRCH 9K113 LOS  FL=CM MENU
12:23:49     !! L does not offer "CLOSE" (shows "nil") -- not pressing
12:23:49   on page 'other': C=FIRE  U=SRCH PILOT LOS  R=NO MSL  D=TRACKING  FU=HOLD FIRE  FR=TGT PILOT  FD=SRCH 9K113 LOS  FL=CM MENU
12:23:49     !! L does not offer "CLOSE" (shows "nil") -- not pressing
12:23:49   on page 'other': C=FIRE  U=SRCH PILOT LOS  R=NO MSL  D=TRACKING  FU=HOLD FIRE  FR=TGT PILOT  FD=SRCH 9K113 LOS  FL=CM MENU
12:23:49     !! L does not offer "CLOSE" (shows "nil") -- not pressing
12:23:49   on page 'other': C=FIRE  U=SRCH PILOT LOS  R=NO MSL  D=TRACKING  FU=HOLD FIRE  FR=TGT PILOT  FD=SRCH 9K113 LOS  FL=CM MENU
12:23:49     !! L does not offer "CLOSE" (shows "nil") -- not pressing
12:23:49   on page 'other': C=FIRE  U=SRCH PILOT LOS  R=NO MSL  D=TRACKING  FU=HOLD FIRE  FR=TGT PILOT  FD=SRCH 9K113 LOS  FL=CM MENU
12:23:49     !! L does not offer "CLOSE" (shows "nil") -- not pressing
12:23:49   on page 'other': C=FIRE  U=SRCH PILOT LOS  R=NO MSL  D=TRACKING  FU=HOLD FIRE  FR=TGT PILOT  FD=SRCH 9K113 LOS  FL=CM MENU
12:23:49     !! L does not offer "CLOSE" (shows "nil") -- not pressing
12:23:50   on page 'other': C=FIRE  U=SRCH PILOT LOS  R=NO MSL  D=TRACKING  FU=HOLD FIRE  FR=TGT PILOT  FD=SRCH 9K113 LOS  FL=CM MENU
12:23:50     !! L does not offer "CLOSE" (shows "nil") -- not pressing
12:23:50   on page 'other': C=FIRE  U=SRCH PILOT LOS  R=NO MSL  D=TRACKING  FU=HOLD FIRE  FR=TGT PILOT  FD=SRCH 9K113 LOS  FL=CM MENU
12:23:50     !! L does not offer "CLOSE" (shows "nil") -- not pressing
12:23:50   on page 'other': C=FIRE  U=SRCH PILOT LOS  R=NO MSL  D=TRACKING  FU=HOLD FIRE  FR=TGT PILOT  FD=SRCH 9K113 LOS  FL=CM MENU
12:23:50     !! L does not offer "CLOSE" (shows "nil") -- not pressing
12:23:50   on page 'other': C=FIRE  U=SRCH PILOT LOS  R=NO MSL  D=TRACKING  FU=HOLD FIRE  FR=TGT PILOT  FD=SRCH 9K113 LOS  FL=CM MENU
12:23:50     !! L does not offer "CLOSE" (shows "nil") -- not pressing
12:23:50   on page 'other': C=FIRE  U=SRCH PILOT LOS  R=NO MSL  D=TRACKING  FU=HOLD FIRE  FR=TGT PILOT  FD=SRCH 9K113 LOS  FL=CM MENU
12:23:50     !! L does not offer "CLOSE" (shows "nil") -- not pressing
12:23:50   on page 'other': C=FIRE  U=SRCH PILOT LOS  R=NO MSL  D=TRACKING  FU=HOLD FIRE  FR=TGT PILOT  FD=SRCH 9K113 LOS  FL=CM MENU
12:23:50     !! L does not offer "CLOSE" (shows "nil") -- not pressing
12:23:50   on page 'other': C=FIRE  U=SRCH PILOT LOS  R=NO MSL  D=TRACKING  FU=HOLD FIRE  FR=TGT PILOT  FD=SRCH 9K113 LOS  FL=CM MENU
12:23:50     !! L does not offer "CLOSE" (shows "nil") -- not pressing
12:23:50   on page 'other': C=FIRE  U=SRCH PILOT LOS  R=NO MSL  D=TRACKING  FU=HOLD FIRE  FR=TGT PILOT  FD=SRCH 9K113 LOS  FL=CM MENU
12:23:50     !! L does not offer "CLOSE" (shows "nil") -- not pressing
12:23:50   on page 'other': C=FIRE  U=SRCH PILOT LOS  R=NO MSL  D=TRACKING  FU=HOLD FIRE  FR=TGT PILOT  FD=SRCH 9K113 LOS  FL=CM MENU
12:23:50     !! L does not offer "CLOSE" (shows "nil") -- not pressing
12:23:50   on page 'other': C=FIRE  U=SRCH PILOT LOS  R=NO MSL  D=TRACKING  FU=HOLD FIRE  FR=TGT PILOT  FD=SRCH 9K113 LOS  FL=CM MENU
12:23:50     !! L does not offer "CLOSE" (shows "nil") -- not pressing
12:23:50   on page 'other': C=FIRE  U=SRCH PILOT LOS  R=NO MSL  D=TRACKING  FU=HOLD FIRE  FR=TGT PILOT  FD=SRCH 9K113 LOS  FL=CM MENU
12:23:50     !! L does not offer "CLOSE" (shows "nil") -- not pressing
12:23:50   on page 'other': C=FIRE  U=SRCH PILOT LOS  R=NO MSL  D=TRACKING  FU=HOLD FIRE  FR=TGT PILOT  FD=SRCH 9K113 LOS  FL=CM MENU
12:23:50     !! L does not offer "CLOSE" (shows "nil") -- not pressing
12:23:50   on page 'other': C=FIRE  U=SRCH PILOT LOS  R=NO MSL  D=TRACKING  FU=HOLD FIRE  FR=TGT PILOT  FD=SRCH 9K113 LOS  FL=CM MENU
12:23:50     !! L does not offer "CLOSE" (shows "nil") -- not pressing
12:23:50   on page 'other': C=FIRE  U=SRCH PILOT LOS  R=NO MSL  D=TRACKING  FU=HOLD FIRE  FR=TGT PILOT  FD=SRCH 9K113 LOS  FL=CM MENU
12:23:50     !! L does not offer "CLOSE" (shows "nil") -- not pressing
12:23:50   on page 'other': C=FIRE  U=SRCH PILOT LOS  R=NO MSL  D=TRACKING  FU=HOLD FIRE  FR=TGT PILOT  FD=SRCH 9K113 LOS  FL=CM MENU
12:23:50     !! L does not offer "CLOSE" (shows "nil") -- not pressing
12:23:50   on page 'other': C=FIRE  U=SRCH PILOT LOS  R=NO MSL  D=TRACKING  FU=HOLD FIRE  FR=TGT PILOT  FD=SRCH 9K113 LOS  FL=CM MENU
12:23:50     !! L does not offer "CLOSE" (shows "nil") -- not pressing
12:23:50   on page 'other': C=FIRE  U=SRCH PILOT LOS  R=NO MSL  D=TRACKING  FU=HOLD FIRE  FR=TGT PILOT  FD=SRCH 9K113 LOS  FL=CM MENU
12:23:50     !! L does not offer "CLOSE" (shows "nil") -- not pressing
12:23:50   on page 'other': C=FIRE  U=SRCH PILOT LOS  R=NO MSL  D=TRACKING  FU=HOLD FIRE  FR=TGT PILOT  FD=SRCH 9K113 LOS  FL=CM MENU
12:23:50     !! L does not offer "CLOSE" (shows "nil") -- not pressing
12:23:50   on page 'other': C=FIRE  U=SRCH PILOT LOS  R=NO MSL  D=TRACKING  FU=HOLD FIRE  FR=TGT PILOT  FD=SRCH 9K113 LOS  FL=CM MENU
12:23:50     !! L does not offer "CLOSE" (shows "nil") -- not pressing
12:23:50   on page 'other': C=FIRE  U=SRCH PILOT LOS  R=NO MSL  D=TRACKING  FU=HOLD FIRE  FR=TGT PILOT  FD=SRCH 9K113 LOS  FL=CM MENU
12:23:50     !! L does not offer "CLOSE" (shows "nil") -- not pressing
12:23:50   on page 'other': C=FIRE  U=SRCH PILOT LOS  R=NO MSL  D=TRACKING  FU=HOLD FIRE  FR=TGT PILOT  FD=SRCH 9K113 LOS  FL=CM MENU
12:23:50     !! L does not offer "CLOSE" (shows "nil") -- not pressing
12:23:50   on page 'other': C=FIRE  U=SRCH PILOT LOS  R=NO MSL  D=TRACKING  FU=HOLD FIRE  FR=TGT PILOT  FD=SRCH 9K113 LOS  FL=CM MENU
12:23:50     !! L does not offer "CLOSE" (shows "nil") -- not pressing
12:23:50   on page 'other': C=FIRE  U=SRCH PILOT LOS  R=NO MSL  D=TRACKING  FU=HOLD FIRE  FR=TGT PILOT  FD=SRCH 9K113 LOS  FL=CM MENU
12:23:50     !! L does not offer "CLOSE" (shows "nil") -- not pressing
12:23:50   on page 'other': C=FIRE  U=SRCH PILOT LOS  R=NO MSL  D=TRACKING  FU=HOLD FIRE  FR=TGT PILOT  FD=SRCH 9K113 LOS  FL=CM MENU
12:23:50     !! L does not offer "CLOSE" (shows "nil") -- not pressing
12:23:50   on page 'other': C=FIRE  U=SRCH PILOT LOS  R=NO MSL  D=TRACKING  FU=HOLD FIRE  FR=TGT PILOT  FD=SRCH 9K113 LOS  FL=CM MENU
12:23:50     !! L does not offer "CLOSE" (shows "nil") -- not pressing
12:23:50   on page 'other': C=FIRE  U=SRCH PILOT LOS  R=NO MSL  D=TRACKING  FU=HOLD FIRE  FR=TGT PILOT  FD=SRCH 9K113 LOS  FL=CM MENU
12:23:50     !! L does not offer "CLOSE" (shows "nil") -- not pressing
12:23:50   on page 'other': C=FIRE  U=SRCH PILOT LOS  R=NO MSL  D=TRACKING  FU=HOLD FIRE  FR=TGT PILOT  FD=SRCH 9K113 LOS  FL=CM MENU
12:23:50     !! L does not offer "CLOSE" (shows "nil") -- not pressing
12:23:50   on page 'other': C=FIRE  U=SRCH PILOT LOS  R=NO MSL  D=TRACKING  FU=HOLD FIRE  FR=TGT PILOT  FD=SRCH 9K113 LOS  FL=CM MENU
12:23:50     !! L does not offer "CLOSE" (shows "nil") -- not pressing
12:23:50   on page 'other': C=FIRE  U=SRCH PILOT LOS  R=NO MSL  D=TRACKING  FU=HOLD FIRE  FR=TGT PILOT  FD=SRCH 9K113 LOS  FL=CM MENU
12:23:50     !! L does not offer "CLOSE" (shows "nil") -- not pressing
12:23:50   on page 'other': C=FIRE  U=SRCH PILOT LOS  R=NO MSL  D=TRACKING  FU=HOLD FIRE  FR=TGT PILOT  FD=SRCH 9K113 LOS  FL=CM MENU
12:23:50     !! L does not offer "CLOSE" (shows "nil") -- not pressing
12:23:50   on page 'other': C=FIRE  U=SRCH PILOT LOS  R=NO MSL  D=TRACKING  FU=HOLD FIRE  FR=TGT PILOT  FD=SRCH 9K113 LOS  FL=CM MENU
12:23:50     !! L does not offer "CLOSE" (shows "nil") -- not pressing
12:23:50   on page 'other': C=FIRE  U=SRCH PILOT LOS  R=NO MSL  D=TRACKING  FU=HOLD FIRE  FR=TGT PILOT  FD=SRCH 9K113 LOS  FL=CM MENU
12:23:50     !! L does not offer "CLOSE" (shows "nil") -- not pressing
12:23:50   on page 'other': C=FIRE  U=SRCH PILOT LOS  R=NO MSL  D=TRACKING  FU=HOLD FIRE  FR=TGT PILOT  FD=SRCH 9K113 LOS  FL=CM MENU
12:23:50     !! L does not offer "CLOSE" (shows "nil") -- not pressing
12:23:50   on page 'other': C=FIRE  U=SRCH PILOT LOS  R=NO MSL  D=TRACKING  FU=HOLD FIRE  FR=TGT PILOT  FD=SRCH 9K113 LOS  FL=CM MENU
12:23:50     !! L does not offer "CLOSE" (shows "nil") -- not pressing
12:23:50   on page 'other': C=FIRE  U=SRCH PILOT LOS  R=NO MSL  D=TRACKING  FU=HOLD FIRE  FR=TGT PILOT  FD=SRCH 9K113 LOS  FL=CM MENU
12:23:50     !! L does not offer "CLOSE" (shows "nil") -- not pressing
12:23:50   on page 'other': C=FIRE  U=SRCH PILOT LOS  R=NO MSL  D=TRACKING  FU=HOLD FIRE  FR=TGT PILOT  FD=SRCH 9K113 LOS  FL=CM MENU
12:23:50     !! L does not offer "CLOSE" (shows "nil") -- not pressing
12:23:50   on page 'other': C=FIRE  U=SRCH PILOT LOS  R=NO MSL  D=TRACKING  FU=HOLD FIRE  FR=TGT PILOT  FD=SRCH 9K113 LOS  FL=CM MENU
12:23:50     !! L does not offer "CLOSE" (shows "nil") -- not pressing
12:23:50   on page 'other': C=FIRE  U=SRCH PILOT LOS  R=NO MSL  D=TRACKING  FU=HOLD FIRE  FR=TGT PILOT  FD=SRCH 9K113 LOS  FL=CM MENU
12:23:50     !! L does not offer "CLOSE" (shows "nil") -- not pressing
12:23:50   on page 'other': C=FIRE  U=SRCH PILOT LOS  R=NO MSL  D=TRACKING  FU=HOLD FIRE  FR=TGT PILOT  FD=SRCH 9K113 LOS  FL=CM MENU
12:23:50     !! L does not offer "CLOSE" (shows "nil") -- not pressing
12:23:50   on page 'other': C=FIRE  U=SRCH PILOT LOS  R=NO MSL  D=TRACKING  FU=HOLD FIRE  FR=TGT PILOT  FD=SRCH 9K113 LOS  FL=CM MENU
12:23:50     !! L does not offer "CLOSE" (shows "nil") -- not pressing
12:23:50   on page 'other': C=FIRE  U=SRCH PILOT LOS  R=NO MSL  D=TRACKING  FU=HOLD FIRE  FR=TGT PILOT  FD=SRCH 9K113 LOS  FL=CM MENU
12:23:50     !! L does not offer "CLOSE" (shows "nil") -- not pressing
12:23:50   on page 'other': C=FIRE  U=SRCH PILOT LOS  R=NO MSL  D=TRACKING  FU=HOLD FIRE  FR=TGT PILOT  FD=SRCH 9K113 LOS  FL=CM MENU
12:23:50     !! L does not offer "CLOSE" (shows "nil") -- not pressing
12:23:50   on page 'other': C=FIRE  U=SRCH PILOT LOS  R=NO MSL  D=TRACKING  FU=HOLD FIRE  FR=TGT PILOT  FD=SRCH 9K113 LOS  FL=CM MENU
12:23:50     !! L does not offer "CLOSE" (shows "nil") -- not pressing
12:23:50   on page 'other': C=FIRE  U=SRCH PILOT LOS  R=NO MSL  D=TRACKING  FU=HOLD FIRE  FR=TGT PILOT  FD=SRCH 9K113 LOS  FL=CM MENU
12:23:50     !! L does not offer "CLOSE" (shows "nil") -- not pressing
12:23:50   on page 'other': C=FIRE  U=SRCH PILOT LOS  R=NO MSL  D=TRACKING  FU=HOLD FIRE  FR=TGT PILOT  FD=SRCH 9K113 LOS  FL=CM MENU
12:23:50     !! L does not offer "CLOSE" (shows "nil") -- not pressing
12:23:50   on page 'other': C=FIRE  U=SRCH PILOT LOS  R=NO MSL  D=TRACKING  FU=HOLD FIRE  FR=TGT PILOT  FD=SRCH 9K113 LOS  FL=CM MENU
12:23:50     !! L does not offer "CLOSE" (shows "nil") -- not pressing
12:23:50   on page 'other': C=FIRE  U=SRCH PILOT LOS  R=NO MSL  D=TRACKING  FU=HOLD FIRE  FR=TGT PILOT  FD=SRCH 9K113 LOS  FL=CM MENU
12:23:50     !! L does not offer "CLOSE" (shows "nil") -- not pressing
12:23:50   on page 'other': C=FIRE  U=SRCH PILOT LOS  R=NO MSL  D=TRACKING  FU=HOLD FIRE  FR=TGT PILOT  FD=SRCH 9K113 LOS  FL=CM MENU
12:23:50     !! L does not offer "CLOSE" (shows "nil") -- not pressing
12:23:50   on page 'other': C=FIRE  U=SRCH PILOT LOS  R=NO MSL  D=TRACKING  FU=HOLD FIRE  FR=TGT PILOT  FD=SRCH 9K113 LOS  FL=CM MENU
12:23:50     !! L does not offer "CLOSE" (shows "nil") -- not pressing
12:23:50   on page 'other': C=FIRE  U=SRCH PILOT LOS  R=NO MSL  D=TRACKING  FU=HOLD FIRE  FR=TGT PILOT  FD=SRCH 9K113 LOS  FL=CM MENU
12:23:50     !! L does not offer "CLOSE" (shows "nil") -- not pressing
12:23:50   on page 'other': C=FIRE  U=SRCH PILOT LOS  R=NO MSL  D=TRACKING  FU=HOLD FIRE  FR=TGT PILOT  FD=SRCH 9K113 LOS  FL=CM MENU
12:23:50     !! L does not offer "CLOSE" (shows "nil") -- not pressing
12:23:50   on page 'other': C=FIRE  U=SRCH PILOT LOS  R=NO MSL  D=TRACKING  FU=HOLD FIRE  FR=TGT PILOT  FD=SRCH 9K113 LOS  FL=CM MENU
12:23:50     !! L does not offer "CLOSE" (shows "nil") -- not pressing
12:23:50   on page 'other': C=FIRE  U=SRCH PILOT LOS  R=NO MSL  D=TRACKING  FU=HOLD FIRE  FR=TGT PILOT  FD=SRCH 9K113 LOS  FL=CM MENU
12:23:50     !! L does not offer "CLOSE" (shows "nil") -- not pressing
12:23:50   on page 'other': C=FIRE  U=SRCH PILOT LOS  R=NO MSL  D=TRACKING  FU=HOLD FIRE  FR=TGT PILOT  FD=SRCH 9K113 LOS  FL=CM MENU
12:23:50     !! L does not offer "CLOSE" (shows "nil") -- not pressing
12:23:50   on page 'other': C=FIRE  U=SRCH PILOT LOS  R=NO MSL  D=TRACKING  FU=HOLD FIRE  FR=TGT PILOT  FD=SRCH 9K113 LOS  FL=CM MENU
12:23:50     !! L does not offer "CLOSE" (shows "nil") -- not pressing
12:23:50   on page 'other': C=FIRE  U=SRCH PILOT LOS  R=NO MSL  D=TRACKING  FU=HOLD FIRE  FR=TGT PILOT  FD=SRCH 9K113 LOS  FL=CM MENU
12:23:50     !! L does not offer "CLOSE" (shows "nil") -- not pressing
12:23:50   on page 'other': C=FIRE  U=SRCH PILOT LOS  R=NO MSL  D=TRACKING  FU=HOLD FIRE  FR=TGT PILOT  FD=SRCH 9K113 LOS  FL=CM MENU
12:23:50     !! L does not offer "CLOSE" (shows "nil") -- not pressing
12:23:50   on page 'other': C=FIRE  U=SRCH PILOT LOS  R=NO MSL  D=TRACKING  FU=HOLD FIRE  FR=TGT PILOT  FD=SRCH 9K113 LOS  FL=CM MENU
12:23:50     !! L does not offer "CLOSE" (shows "nil") -- not pressing
12:23:50   on page 'other': C=FIRE  U=SRCH PILOT LOS  R=NO MSL  D=TRACKING  FU=HOLD FIRE  FR=TGT PILOT  FD=SRCH 9K113 LOS  FL=CM MENU
12:23:50     !! L does not offer "CLOSE" (shows "nil") -- not pressing
12:23:50   on page 'other': C=FIRE  U=SRCH PILOT LOS  R=NO MSL  D=TRACKING  FU=HOLD FIRE  FR=TGT PILOT  FD=SRCH 9K113 LOS  FL=CM MENU
12:23:50     !! L does not offer "CLOSE" (shows "nil") -- not pressing
12:23:50   on page 'other': C=FIRE  U=SRCH PILOT LOS  R=NO MSL  D=TRACKING  FU=HOLD FIRE  FR=TGT PILOT  FD=SRCH 9K113 LOS  FL=CM MENU
12:23:50     !! L does not offer "CLOSE" (shows "nil") -- not pressing
12:23:50   on page 'other': C=FIRE  U=SRCH PILOT LOS  R=NO MSL  D=TRACKING  FU=HOLD FIRE  FR=TGT PILOT  FD=SRCH 9K113 LOS  FL=CM MENU
12:23:50     !! L does not offer "CLOSE" (shows "nil") -- not pressing
12:23:50   on page 'other': C=FIRE  U=SRCH PILOT LOS  R=NO MSL  D=TRACKING  FU=HOLD FIRE  FR=TGT PILOT  FD=SRCH 9K113 LOS  FL=CM MENU
12:23:50     !! L does not offer "CLOSE" (shows "nil") -- not pressing
12:23:50   on page 'other': C=FIRE  U=SRCH PILOT LOS  R=NO MSL  D=TRACKING  FU=HOLD FIRE  FR=TGT PILOT  FD=SRCH 9K113 LOS  FL=CM MENU
12:23:50     !! L does not offer "CLOSE" (shows "nil") -- not pressing
12:23:50   on page 'other': C=FIRE  U=SRCH PILOT LOS  R=NO MSL  D=TRACKING  FU=HOLD FIRE  FR=TGT PILOT  FD=SRCH 9K113 LOS  FL=CM MENU
12:23:50     !! L does not offer "CLOSE" (shows "nil") -- not pressing
12:23:50   on page 'other': C=FIRE  U=SRCH PILOT LOS  R=NO MSL  D=TRACKING  FU=HOLD FIRE  FR=TGT PILOT  FD=SRCH 9K113 LOS  FL=CM MENU
12:23:50     !! L does not offer "CLOSE" (shows "nil") -- not pressing
12:23:50   on page 'other': C=FIRE  U=SRCH PILOT LOS  R=NO MSL  D=TRACKING  FU=HOLD FIRE  FR=TGT PILOT  FD=SRCH 9K113 LOS  FL=CM MENU
12:23:50     !! L does not offer "CLOSE" (shows "nil") -- not pressing
12:23:50   on page 'other': C=FIRE  U=SRCH PILOT LOS  R=NO MSL  D=TRACKING  FU=HOLD FIRE  FR=TGT PILOT  FD=SRCH 9K113 LOS  FL=CM MENU
12:23:50     !! L does not offer "CLOSE" (shows "nil") -- not pressing
12:23:50   on page 'other': C=FIRE  U=SRCH PILOT LOS  R=NO MSL  D=TRACKING  FU=HOLD FIRE  FR=TGT PILOT  FD=SRCH 9K113 LOS  FL=CM MENU
12:23:50     !! L does not offer "CLOSE" (shows "nil") -- not pressing
12:23:50   on page 'other': C=FIRE  U=SRCH PILOT LOS  R=NO MSL  D=TRACKING  FU=HOLD FIRE  FR=TGT PILOT  FD=SRCH 9K113 LOS  FL=CM MENU
12:23:50     !! L does not offer "CLOSE" (shows "nil") -- not pressing
12:23:50   on page 'other': C=FIRE  U=SRCH PILOT LOS  R=NO MSL  D=TRACKING  FU=HOLD FIRE  FR=TGT PILOT  FD=SRCH 9K113 LOS  FL=CM MENU
12:23:50     !! L does not offer "CLOSE" (shows "nil") -- not pressing
12:23:50   on page 'other': C=FIRE  U=SRCH PILOT LOS  R=NO MSL  D=TRACKING  FU=HOLD FIRE  FR=TGT PILOT  FD=SRCH 9K113 LOS  FL=CM MENU
12:23:50     !! L does not offer "CLOSE" (shows "nil") -- not pressing
12:23:50   on page 'other': C=FIRE  U=SRCH PILOT LOS  R=NO MSL  D=TRACKING  FU=HOLD FIRE  FR=TGT PILOT  FD=SRCH 9K113 LOS  FL=CM MENU
12:23:50     !! L does not offer "CLOSE" (shows "nil") -- not pressing
12:23:50   on page 'other': C=FIRE  U=SRCH PILOT LOS  R=NO MSL  D=TRACKING  FU=HOLD FIRE  FR=TGT PILOT  FD=SRCH 9K113 LOS  FL=CM MENU
12:23:50     !! L does not offer "CLOSE" (shows "nil") -- not pressing
12:23:50   on page 'other': C=FIRE  U=SRCH PILOT LOS  R=NO MSL  D=TRACKING  FU=HOLD FIRE  FR=TGT PILOT  FD=SRCH 9K113 LOS  FL=CM MENU
12:23:50     !! L does not offer "CLOSE" (shows "nil") -- not pressing
12:23:52 scan probe v2: stopped.
12:27:54 
12:27:54 #########################################################
12:27:54 SCAN PROBE v2 -- label-driven presses (bearing +0.0)
12:27:54 #########################################################
12:28:02   20s grace -- get level, targets ahead
12:28:23   ~ t=20 wheel: C=SRCH BRST | SRCH FWD  U=SRCH PILOT LOS  R=NO MSL  D=WAITING  FU=HOLD FIRE  FR=TGT PILOT  FL=CM MENU
12:28:23   ### t=20 indicator 6 RAW changed [134 bytes] page=search
12:28:23 -----------------------------------------
#1#

children are {
-----------------------------------------
crosshair

children are {
}
}

12:28:23   search page: C=SRCH BRST | SRCH FWD  U=SRCH PILOT LOS  R=NO MSL  D=WAITING  FU=HOLD FIRE  FR=TGT PILOT  FL=CM MENU
12:28:23 
12:28:23 ========== CENTRE SLOT TEST (cmd 3015, AI Wheel - Center) ==========
12:28:23   centre offers: "SRCH BRST"  |  "SRCH FWD"
12:28:25   ~ t=22 wheel: C=SRCH BRST | SRCH FWD  U=SRCH PILOT LOS  R=NO MSL  D=SEARCHING  FU=HOLD FIRE  FR=TGT PILOT  FD=SRCH 9K113 LOS  FL=CM MENU
12:28:25   ~ t=22 wheel: C=MARK TGT  U=PREV TGT  R=SELECT TGT  D=NEXT TGT  L=CLOSE LIST  FL=ALL TGTS
12:28:25 
12:28:25 ========== LIST ENUMERATION (target page is up) ==========
12:28:25     will scroll with NEXT TGT, then probe MARK TGT and SELECT TGT
12:28:25     to establish what they do -- state-mutating, which is fine here.
12:28:25     press D="NEXT TGT"  [short press]  scrolling the list
12:28:25   ~ t=22 wheel: C=MARK TGT  U=PREV TGT  R=SELECT TGT  D=NEXT TGT  L=CLOSE LIST
12:28:25   ~ t=22 contacts: middle_list_text=T62, lower_list_text=T-55, lower_lower_list_text=MTLB  (state=<not search page> az=-2.2)
12:28:25   ### t=22 indicator 6 RAW changed [605 bytes] page=target
12:28:25 -----------------------------------------
#1#

children are {
-----------------------------------------
crosshair

children are {
}
-----------------------------------------
middle_list_holder

children are {
-----------------------------------------
middle_list_text
T62
children are {
-----------------------------------------
upper_upper_list_text

-----------------------------------------
LeftCenter

-----------------------------------------
lower_list_text
T-55
-----------------------------------------
lower_lower_list_text
MTLB
}
-----------------------------------------
middle_list_arrow

}
}

12:28:25   not on search page; skipping centre test
12:28:25   ~ t=22 contacts: middle_list_text=T-55, upper_list_text=T62, lower_list_text=MTLB, lower_lower_list_text=T-90A  (state=<not search page> az=+7.0)
12:28:25   ### t=22 indicator 6 RAW changed [610 bytes] page=target
12:28:25 -----------------------------------------
#1#

children are {
-----------------------------------------
crosshair

children are {
}
-----------------------------------------
middle_list_holder

children are {
-----------------------------------------
middle_list_text
T-55
children are {
-----------------------------------------
upper_upper_list_text

-----------------------------------------
LeftCenter
T62
-----------------------------------------
lower_list_text
MTLB
-----------------------------------------
lower_lower_list_text
T-90A
}
-----------------------------------------
middle_list_arrow

}
}

12:28:26       -> C=MARK TGT  U=PREV TGT  R=SELECT TGT  D=NEXT TGT  L=CLOSE LIST   [NO EFFECT on that slot, attempt 1]
12:28:26     [list after step 1] rows: middle_list_text=T-55, upper_list_text=T62, lower_list_text=MTLB, lower_lower_list_text=T-90A
12:28:26     press D="NEXT TGT"  [short press]  scrolling the list
12:28:26   ~ t=23 contacts: middle_list_text=MTLB, upper_upper_list_text=T62, upper_list_text=T-55, lower_list_text=T-90A, lower_lower_list_text=T-72B  (state=<not search page> az=+0.2)
12:28:26   ### t=23 indicator 6 RAW changed [615 bytes] page=target
12:28:26 -----------------------------------------
#1#

children are {
-----------------------------------------
crosshair

children are {
}
-----------------------------------------
middle_list_holder

children are {
-----------------------------------------
middle_list_text
MTLB
children are {
-----------------------------------------
upper_upper_list_text
T62
-----------------------------------------
LeftCenter
T-55
-----------------------------------------
lower_list_text
T-90A
-----------------------------------------
lower_lower_list_text
T-72B
}
-----------------------------------------
middle_list_arrow

}
}

12:28:27       -> C=MARK TGT  U=PREV TGT  R=SELECT TGT  D=NEXT TGT  L=CLOSE LIST   [NO EFFECT on that slot, attempt 1]
12:28:27     [list after step 2] rows: middle_list_text=MTLB, upper_upper_list_text=T62, upper_list_text=T-55, lower_list_text=T-90A, lower_lower_list_text=T-72B
12:28:27     press D="NEXT TGT"  [short press]  scrolling the list
12:28:27       [FREE] +0s CONTACT: middle_list_text=MTLB, upper_upper_list_text=T62, upper_list_text=T-55, lower_list_text=T-90A, lower_lower_list_text=T-72B   (state=<not search page> az=+0.1)
12:28:33   ### t=30 indicator 6 RAW changed [768 bytes] page=target
12:28:33 -----------------------------------------
#1#

children are {
-----------------------------------------
crosshair

children are {
}
-----------------------------------------
middle_list_holder

children are {
-----------------------------------------
middle_list_text
MTLB
children are {
-----------------------------------------
upper_upper_list_text
T62
-----------------------------------------
LeftCenter
T-55
-----------------------------------------
lower_list_text
T-90A
-----------------------------------------
lower_lower_list_text
T-72B
}
-----------------------------------------
middle_list_red_arrow

children are {
-----------------------------------------
middle_list_red_arrow_text
1
}
-----------------------------------------
middle_list_arrow

}
}

12:28:33   ~ t=30 contacts: middle_list_text=T-55, upper_list_text=T62, lower_list_text=MTLB, lower_lower_list_text=T-90A  (state=<not search page> az=+0.2)
12:28:33   ### t=30 indicator 6 RAW changed [761 bytes] page=target
12:28:33 -----------------------------------------
#1#

children are {
-----------------------------------------
crosshair

children are {
}
-----------------------------------------
middle_list_holder

children are {
-----------------------------------------
middle_list_text
T-55
children are {
-----------------------------------------
upper_upper_list_text

-----------------------------------------
LeftCenter
T62
-----------------------------------------
lower_list_text
MTLB
-----------------------------------------
lower_lower_list_text
T-90A
}
-----------------------------------------
lower_list_red_arrow

children are {
-----------------------------------------
lower_list_red_arrow_text
1
}
-----------------------------------------
middle_list_arrow

}
}

12:28:33       [FREE] +6s CONTACT: middle_list_text=T-55, upper_list_text=T62, lower_list_text=MTLB, lower_lower_list_text=T-90A   (state=<not search page> az=+0.2)
12:28:34   ### t=31 indicator 6 RAW changed [914 bytes] page=target
12:28:34 -----------------------------------------
#1#

children are {
-----------------------------------------
crosshair

children are {
}
-----------------------------------------
middle_list_holder

children are {
-----------------------------------------
middle_list_text
T-55
children are {
-----------------------------------------
upper_upper_list_text

-----------------------------------------
LeftCenter
T62
-----------------------------------------
lower_list_text
MTLB
-----------------------------------------
lower_lower_list_text
T-90A
}
-----------------------------------------
middle_list_red_arrow

children are {
-----------------------------------------
middle_list_red_arrow_text
2
}
-----------------------------------------
lower_list_red_arrow

children are {
-----------------------------------------
lower_list_red_arrow_text
1
}
-----------------------------------------
middle_list_arrow

}
}

12:28:40   ~ t=37 wheel: C=FIRE  U=SRCH PILOT LOS  R=NO MSL  D=TRACKING  FU=HOLD FIRE  FR=TGT PILOT  FD=SRCH 9K113 LOS  FL=CM MENU
12:28:40   ~ t=37 contacts: nil  (state=<not search page> az=+0.3)
12:28:40   ### t=37 indicator 6 RAW changed [134 bytes] page=search
12:28:40 -----------------------------------------
#1#

children are {
-----------------------------------------
crosshair

children are {
}
}

12:28:52     ==> FREE round 0: 2 distinct readings, state=<not search page>, az=+0.4
12:28:59   ~ t=56 wheel: C=SRCH BRST | SRCH FWD  U=SRCH PILOT LOS  R=NO MSL  D=OBSERV. ON  FU=HOLD FIRE  FR=TGT PILOT  FD=SRCH 9K113 LOS  FL=CM MENU
12:28:59   ~ t=56 wheel: C=SRCH BRST | SRCH FWD  U=SRCH PILOT LOS  R=NO MSL  D=OBSERV. OFF  FU=HOLD FIRE  FR=TGT PILOT  FL=CM MENU
12:29:00       -> C=SRCH BRST | SRCH FWD  U=SRCH PILOT LOS  R=NO MSL  D=OBSERV. OFF  FU=HOLD FIRE  FR=TGT PILOT  FL=CM MENU   [took effect, attempt 1]
12:29:00   search page: C=SRCH BRST | SRCH FWD  U=SRCH PILOT LOS  R=NO MSL  D=OBSERV. OFF  FU=HOLD FIRE  FR=TGT PILOT  FL=CM MENU
12:29:00   starting search: centre LONG press -> "SRCH FWD"
12:29:00   ~ t=57 wheel: C=SRCH BRST | SRCH FWD  U=SRCH PILOT LOS  R=NO MSL  D=WAITING  FU=HOLD FIRE  FR=TGT PILOT  FL=CM MENU
12:29:02       -> C=SRCH BRST | SRCH FWD  U=SRCH PILOT LOS  R=NO MSL  D=WAITING  FU=HOLD FIRE  FR=TGT PILOT  FL=CM MENU   [NO EFFECT on that slot, attempt 1]
12:29:02 
12:29:02 ========== round 1: PINNED ==========
12:29:02     wheel: C=SRCH BRST | SRCH FWD  U=SRCH PILOT LOS  R=NO MSL  D=WAITING  FU=HOLD FIRE  FR=TGT PILOT  FL=CM MENU
12:29:02     state=WAITING az=-0.0
12:29:02     !! FD does not offer "SRCH 9K113" (shows "nil") -- not pressing
12:29:02     round skipped -- option unavailable this cycle
12:29:08   search page: C=SRCH BRST | SRCH FWD  U=SRCH PILOT LOS  R=NO MSL  D=WAITING  FU=HOLD FIRE  FR=TGT PILOT  FL=CM MENU
12:29:10   ~ t=67 wheel: C=SRCH BRST | SRCH FWD  U=SRCH PILOT LOS  R=NO MSL  D=SEARCHING  FU=HOLD FIRE  FR=TGT PILOT  FD=SRCH 9K113 LOS  FL=CM MENU
12:29:10   SRCH 9K113 LOS is available: C=SRCH BRST | SRCH FWD  U=SRCH PILOT LOS  R=NO MSL  D=SEARCHING  FU=HOLD FIRE  FR=TGT PILOT  FD=SRCH 9K113 LOS  FL=CM MENU
12:29:10 
12:29:10 ========== round 2: FREE ==========
12:29:10     wheel: C=SRCH BRST | SRCH FWD  U=SRCH PILOT LOS  R=NO MSL  D=SEARCHING  FU=HOLD FIRE  FR=TGT PILOT  FD=SRCH 9K113 LOS  FL=CM MENU
12:29:10     state=SEARCHING az=-0.0
12:29:10     press U="SRCH PILOT LOS"  [short press]  his own search, sight released
12:29:11       -> C=SRCH BRST | SRCH FWD  U=SRCH PILOT LOS  R=NO MSL  D=SEARCHING  FU=HOLD FIRE  FR=TGT PILOT  FD=SRCH 9K113 LOS  FL=CM MENU   [NO EFFECT on that slot, attempt 1]
12:29:16   ~ t=73 wheel: C=MARK TGT  U=PREV TGT  R=SELECT TGT  D=NEXT TGT  L=CLOSE LIST
12:29:16   ~ t=73 contacts: middle_list_text=T-80U, lower_list_text=BTR-80, lower_lower_list_text=T-90A  (state=<not search page> az=+0.8)
12:29:16   ### t=73 indicator 6 RAW changed [610 bytes] page=target
12:29:16 -----------------------------------------
#1#

children are {
-----------------------------------------
crosshair

children are {
}
-----------------------------------------
middle_list_holder

children are {
-----------------------------------------
middle_list_text
T-80U
children are {
-----------------------------------------
upper_upper_list_text

-----------------------------------------
LeftCenter

-----------------------------------------
lower_list_text
BTR-80
-----------------------------------------
lower_lower_list_text
T-90A
}
-----------------------------------------
middle_list_arrow

}
}

12:29:16     [list after step 3] rows: middle_list_text=T-80U, lower_list_text=BTR-80, lower_lower_list_text=T-90A
12:29:16     press D="NEXT TGT"  [short press]  scrolling the list
12:29:16       [FREE] +4s CONTACT: middle_list_text=T-80U, lower_list_text=BTR-80, lower_lower_list_text=T-90A   (state=<not search page> az=+0.8)
12:29:19   ~ t=76 wheel: C=FIRE  U=SRCH PILOT LOS  R=NO MSL  D=TRACKING  FU=HOLD FIRE  FR=TGT PILOT  FD=SRCH 9K113 LOS  FL=CM MENU
12:29:19   ~ t=76 contacts: nil  (state=<not search page> az=+0.6)
12:29:19   ### t=76 indicator 6 RAW changed [134 bytes] page=search
12:29:19 -----------------------------------------
#1#

children are {
-----------------------------------------
crosshair

children are {
}
}

12:29:25   ~ t=82 wheel: C=SRCH BRST | SRCH FWD  U=SRCH PILOT LOS  R=NO MSL  D=OBSERV. ON  FU=HOLD FIRE  FR=TGT PILOT  FD=SRCH 9K113 LOS  FL=CM MENU
12:29:26   ~ t=83 wheel: C=SRCH BRST | SRCH FWD  U=SRCH PILOT LOS  R=NO MSL  D=OBSERV. OFF  FU=HOLD FIRE  FR=TGT PILOT  FL=CM MENU
12:29:36     ==> FREE round 2: 1 distinct readings, state=OBSERV. OFF, az=+0.0
12:29:43   ~ t=100 wheel: C=SRCH BRST | SRCH FWD  U=SRCH PILOT LOS  R=NO MSL  D=OBSERV. ON  FU=HOLD FIRE  FR=TGT PILOT  FL=CM MENU
12:29:43   ~ t=100 wheel: C=SRCH BRST | SRCH FWD  U=SRCH PILOT LOS  R=NO MSL  D=WAITING  FU=HOLD FIRE  FR=TGT PILOT  FL=CM MENU
12:29:44       -> C=SRCH BRST | SRCH FWD  U=SRCH PILOT LOS  R=NO MSL  D=WAITING  FU=HOLD FIRE  FR=TGT PILOT  FL=CM MENU   [took effect, attempt 1]
12:29:44   search page: C=SRCH BRST | SRCH FWD  U=SRCH PILOT LOS  R=NO MSL  D=WAITING  FU=HOLD FIRE  FR=TGT PILOT  FL=CM MENU
12:29:59   !! SRCH 9K113 LOS never appeared; state=WAITING
12:29:59      wheel: C=SRCH BRST | SRCH FWD  U=SRCH PILOT LOS  R=NO MSL  D=WAITING  FU=HOLD FIRE  FR=TGT PILOT  FL=CM MENU
12:29:59 
12:29:59 ========== round 3: PINNED ==========
12:29:59     wheel: C=SRCH BRST | SRCH FWD  U=SRCH PILOT LOS  R=NO MSL  D=WAITING  FU=HOLD FIRE  FR=TGT PILOT  FL=CM MENU
12:29:59     state=WAITING az=+0.0
12:29:59     !! FD does not offer "SRCH 9K113" (shows "nil") -- not pressing
12:29:59     round skipped -- option unavailable this cycle
12:30:05   search page: C=SRCH BRST | SRCH FWD  U=SRCH PILOT LOS  R=NO MSL  D=WAITING  FU=HOLD FIRE  FR=TGT PILOT  FL=CM MENU
12:30:14   ~ t=131 wheel: C=SRCH BRST | SRCH FWD  U=SRCH PILOT LOS  R=NO MSL  D=SEARCHING  FU=HOLD FIRE  FR=TGT PILOT  FD=SRCH 9K113 LOS  FL=CM MENU
12:30:14   SRCH 9K113 LOS is available: C=SRCH BRST | SRCH FWD  U=SRCH PILOT LOS  R=NO MSL  D=SEARCHING  FU=HOLD FIRE  FR=TGT PILOT  FD=SRCH 9K113 LOS  FL=CM MENU
12:30:14 
12:30:14 ========== round 4: FREE ==========
12:30:14     wheel: C=SRCH BRST | SRCH FWD  U=SRCH PILOT LOS  R=NO MSL  D=SEARCHING  FU=HOLD FIRE  FR=TGT PILOT  FD=SRCH 9K113 LOS  FL=CM MENU
12:30:14     state=SEARCHING az=+0.0
12:30:14     press U="SRCH PILOT LOS"  [short press]  his own search, sight released
12:30:15       -> C=SRCH BRST | SRCH FWD  U=SRCH PILOT LOS  R=NO MSL  D=SEARCHING  FU=HOLD FIRE  FR=TGT PILOT  FD=SRCH 9K113 LOS  FL=CM MENU   [NO EFFECT on that slot, attempt 2]
12:30:15   ~ t=132 wheel: C=MARK TGT  U=PREV TGT  R=SELECT TGT  D=NEXT TGT  L=CLOSE LIST  FL=ALL TGTS
12:30:15     no rows readable; stopping
12:30:16   ~ t=133 wheel: C=MARK TGT  U=PREV TGT  R=SELECT TGT  D=NEXT TGT  L=CLOSE LIST
12:30:16   ~ t=133 contacts: middle_list_text=ZIL heavy truck  (state=<not search page> az=+4.8)
12:30:16   ### t=133 indicator 6 RAW changed [609 bytes] page=target
12:30:16 -----------------------------------------
#1#

children are {
-----------------------------------------
crosshair

children are {
}
-----------------------------------------
middle_list_holder

children are {
-----------------------------------------
middle_list_text
ZIL heavy truck
children are {
-----------------------------------------
upper_upper_list_text

-----------------------------------------
LeftCenter

-----------------------------------------
lower_list_text

-----------------------------------------
lower_lower_list_text

}
-----------------------------------------
middle_list_arrow

}
}

12:30:17     -- probing MARK TGT -- unknown semantics --
12:30:17        before: az=+1.5  rows=middle_list_text=ZIL heavy truck
12:30:17     press C="MARK"  [short press]  MARK TGT -- unknown semantics
12:30:17       [FREE] +3s CONTACT: middle_list_text=ZIL heavy truck   (state=<not search page> az=+1.5)
12:30:18   ~ t=135 wheel: C=FIRE  U=SRCH PILOT LOS  R=NO MSL  D=TRACKING  FU=HOLD FIRE  FR=TGT PILOT  FD=SRCH 9K113 LOS  FL=CM MENU
12:30:18   ~ t=135 contacts: nil  (state=<not search page> az=+1.7)
12:30:18   ### t=135 indicator 6 RAW changed [134 bytes] page=search
12:30:18 -----------------------------------------
#1#

children are {
-----------------------------------------
crosshair

children are {
}
}

12:30:25   ~ t=142 wheel: C=MARK TGT  U=PREV TGT  R=SELECT TGT  D=NEXT TGT  L=CLOSE LIST  FL=ALL TGTS
12:30:25   ~ t=142 wheel: C=MARK TGT  U=PREV TGT  R=SELECT TGT  D=NEXT TGT  L=CLOSE LIST
12:30:25   ~ t=142 contacts: middle_list_text=ZIL heavy truck  (state=<not search page> az=+3.7)
12:30:25   ### t=142 indicator 6 RAW changed [609 bytes] page=target
12:30:25 -----------------------------------------
#1#

children are {
-----------------------------------------
crosshair

children are {
}
-----------------------------------------
middle_list_holder

children are {
-----------------------------------------
middle_list_text
ZIL heavy truck
children are {
-----------------------------------------
upper_upper_list_text

-----------------------------------------
LeftCenter

-----------------------------------------
lower_list_text

-----------------------------------------
lower_lower_list_text

}
-----------------------------------------
middle_list_arrow

}
}

12:33:05 scan probe v2: stopped.
